# Blender 4.5.7 LTS
# www.blender.org
mtllib logo3d.mtl
o path1
v -0.060877 0.095804 0.426692
v -0.060502 0.097261 0.412246
v -0.060120 0.099298 0.397535
v -0.059731 0.101913 0.382576
v -0.059335 0.105101 0.367382
v -0.058934 0.108856 0.351969
v -0.058526 0.113176 0.336351
v -0.058114 0.118056 0.320542
v -0.057696 0.123492 0.304557
v -0.057274 0.129479 0.288411
v -0.056847 0.136013 0.272118
v -0.056417 0.143090 0.255693
v -0.055983 0.150705 0.239150
v -0.055530 0.159155 0.221882
v -0.055083 0.168016 0.204884
v -0.054635 0.177504 0.187835
v -0.054177 0.187839 0.170415
v -0.053699 0.199236 0.152304
v -0.053195 0.211913 0.133181
v -0.052655 0.226088 0.112725
v -0.052071 0.241979 0.090617
v -0.051435 0.259801 0.066536
v -0.050737 0.279774 0.040161
v -0.049971 0.302114 0.011171
v -0.049126 0.327039 -0.020753
v -0.048769 0.337754 -0.034240
v -0.048387 0.349453 -0.048658
v -0.047982 0.362089 -0.063952
v -0.047555 0.375617 -0.080069
v -0.047107 0.389989 -0.096952
v -0.046641 0.405157 -0.114550
v -0.046156 0.421075 -0.132806
v -0.045656 0.437697 -0.151668
v -0.045141 0.454974 -0.171081
v -0.044612 0.472860 -0.190991
v -0.044072 0.491309 -0.211344
v -0.043521 0.510272 -0.232085
v -0.043502 0.510929 -0.232801
v -0.043449 0.512747 -0.234781
v -0.043370 0.515493 -0.237772
v -0.043270 0.518936 -0.241521
v -0.043157 0.522842 -0.245776
v -0.043037 0.526981 -0.250283
v -0.042918 0.531119 -0.254791
v -0.042805 0.535026 -0.259045
v -0.042705 0.538468 -0.262795
v -0.042626 0.541215 -0.265786
v -0.042573 0.543032 -0.267766
v -0.042554 0.543690 -0.268481
v -0.039391 0.535960 -0.390933
v -0.038907 0.534780 -0.409653
v -0.038334 0.533381 -0.431850
v -0.037682 0.531792 -0.457088
v -0.036963 0.530040 -0.484931
v -0.036187 0.528153 -0.514944
v -0.035367 0.526157 -0.546691
v -0.034514 0.524080 -0.579738
v -0.033638 0.521950 -0.613649
v -0.032750 0.519794 -0.647988
v -0.031864 0.517639 -0.682320
v -0.030988 0.515512 -0.716209
v -0.030135 0.513441 -0.749221
v -0.029299 0.511409 -0.781580
v -0.028473 0.509395 -0.813570
v -0.027665 0.507421 -0.844841
v -0.026885 0.505510 -0.875045
v -0.026141 0.503684 -0.903833
v -0.025443 0.501964 -0.930855
v -0.024800 0.500374 -0.955763
v -0.024220 0.498935 -0.978208
v -0.023713 0.497670 -0.997841
v -0.023287 0.496601 -1.014313
v -0.022953 0.495750 -1.027274
v -0.022718 0.495140 -1.036377
v -0.022378 0.494244 -1.049531
v -0.022022 0.493314 -1.063314
v -0.021649 0.492351 -1.077727
v -0.021261 0.491353 -1.092768
v -0.020856 0.490321 -1.108439
v -0.020435 0.489255 -1.124738
v -0.019998 0.488155 -1.141665
v -0.019544 0.487020 -1.159220
v -0.019075 0.485852 -1.177403
v -0.018589 0.484650 -1.196214
v -0.018087 0.483414 -1.215652
v -0.017568 0.482144 -1.235717
v -0.017404 0.481741 -1.242076
v -0.017222 0.481293 -1.249137
v -0.017024 0.480807 -1.256780
v -0.016815 0.480290 -1.264889
v -0.016596 0.479749 -1.273346
v -0.016372 0.479194 -1.282034
v -0.016145 0.478630 -1.290835
v -0.015917 0.478065 -1.299632
v -0.015693 0.477508 -1.308306
v -0.015475 0.476965 -1.316741
v -0.015267 0.476444 -1.324819
v -0.015070 0.475952 -1.332423
v -0.014652 0.474971 -1.348613
v -0.014265 0.474202 -1.363603
v -0.013907 0.473646 -1.377442
v -0.013578 0.473305 -1.390177
v -0.013276 0.473180 -1.401854
v -0.012999 0.473270 -1.412521
v -0.012748 0.473578 -1.422224
v -0.012520 0.474105 -1.431011
v -0.012315 0.474850 -1.438928
v -0.012130 0.475815 -1.446024
v -0.011966 0.477002 -1.452344
v -0.011820 0.478410 -1.457936
v -0.011547 0.481909 -1.468397
v -0.011269 0.486379 -1.479009
v -0.010987 0.491798 -1.489743
v -0.010702 0.498144 -1.500573
v -0.010415 0.505396 -1.511470
v -0.010126 0.513532 -1.522407
v -0.009836 0.522530 -1.533356
v -0.009545 0.532369 -1.544289
v -0.009256 0.543027 -1.555179
v -0.008967 0.554481 -1.565997
v -0.008681 0.566711 -1.576716
v -0.008397 0.579695 -1.587309
v -0.008148 0.591611 -1.596600
v -0.007924 0.602550 -1.604919
v -0.007726 0.612571 -1.612302
v -0.007551 0.621733 -1.618786
v -0.007400 0.630097 -1.624405
v -0.007270 0.637722 -1.629196
v -0.007161 0.644667 -1.633196
v -0.007073 0.650993 -1.636440
v -0.007003 0.656759 -1.638964
v -0.006951 0.662025 -1.640805
v -0.006917 0.666851 -1.641997
v -0.006899 0.671296 -1.642578
v -0.006898 0.671487 -1.642591
v -0.006897 0.672016 -1.642627
v -0.006895 0.672816 -1.642681
v -0.006892 0.673817 -1.642748
v -0.006890 0.674955 -1.642824
v -0.006887 0.676159 -1.642905
v -0.006884 0.677364 -1.642986
v -0.006881 0.678501 -1.643063
v -0.006878 0.679503 -1.643130
v -0.006876 0.680302 -1.643184
v -0.006875 0.680831 -1.643219
v -0.006875 0.681023 -1.643232
v -0.007429 0.701695 -1.621207
v -0.007535 0.705536 -1.617021
v -0.007650 0.709543 -1.612464
v -0.007775 0.713760 -1.607480
v -0.007914 0.718231 -1.602009
v -0.008066 0.722999 -1.595995
v -0.008233 0.728110 -1.589379
v -0.008417 0.733607 -1.582105
v -0.008620 0.739534 -1.574114
v -0.008842 0.745935 -1.565350
v -0.009085 0.752854 -1.555753
v -0.009351 0.760335 -1.545268
v -0.009641 0.768422 -1.533835
v -0.010100 0.781196 -1.515729
v -0.010516 0.792815 -1.499302
v -0.010895 0.803402 -1.484384
v -0.011239 0.813080 -1.470805
v -0.011553 0.821972 -1.458395
v -0.011843 0.830201 -1.446985
v -0.012111 0.837889 -1.436404
v -0.012362 0.845160 -1.426483
v -0.012601 0.852137 -1.417051
v -0.012832 0.858943 -1.407940
v -0.013059 0.865701 -1.398978
v -0.013286 0.872533 -1.389996
v -0.013465 0.877948 -1.382924
v -0.013669 0.884142 -1.374865
v -0.013891 0.890911 -1.366084
v -0.014125 0.898049 -1.356846
v -0.014364 0.905348 -1.347416
v -0.014600 0.912604 -1.338060
v -0.014828 0.919610 -1.329042
v -0.015041 0.926161 -1.320629
v -0.015232 0.932051 -1.313085
v -0.015394 0.937074 -1.306675
v -0.015521 0.941023 -1.301666
v -0.015606 0.943694 -1.298321
v -0.015757 0.948478 -1.292331
v -0.015948 0.954409 -1.284776
v -0.016171 0.961248 -1.275971
v -0.016417 0.968753 -1.266232
v -0.016680 0.976687 -1.255874
v -0.016949 0.984808 -1.245213
v -0.017219 0.992877 -1.234564
v -0.017480 1.000654 -1.224242
v -0.017725 1.007900 -1.214565
v -0.017946 1.014375 -1.205846
v -0.018135 1.019840 -1.198402
v -0.018283 1.024053 -1.192549
v -0.018918 1.041123 -1.167527
v -0.019535 1.056319 -1.143241
v -0.020140 1.069705 -1.119498
v -0.020737 1.081342 -1.096103
v -0.021331 1.091294 -1.072864
v -0.021927 1.099621 -1.049587
v -0.022530 1.106387 -1.026080
v -0.023146 1.111654 -1.002148
v -0.023778 1.115484 -0.977599
v -0.024433 1.117941 -0.952239
v -0.025114 1.119085 -0.925875
v -0.025827 1.118979 -0.898313
v -0.026079 1.118688 -0.888592
v -0.026313 1.118313 -0.879549
v -0.026533 1.117838 -0.871065
v -0.026742 1.117250 -0.863024
v -0.026942 1.116532 -0.855306
v -0.027137 1.115671 -0.847795
v -0.027330 1.114651 -0.840372
v -0.027524 1.113457 -0.832920
v -0.027721 1.112076 -0.825321
v -0.027926 1.110491 -0.817457
v -0.028141 1.108689 -0.809211
v -0.028369 1.106653 -0.800464
v -0.028786 1.102404 -0.784478
v -0.029213 1.097203 -0.768126
v -0.029649 1.091067 -0.751438
v -0.030094 1.084013 -0.734446
v -0.030547 1.076058 -0.717181
v -0.031006 1.067217 -0.699675
v -0.031472 1.057507 -0.681958
v -0.031943 1.046945 -0.664062
v -0.032419 1.035547 -0.646018
v -0.032898 1.023329 -0.627857
v -0.033379 1.010308 -0.609611
v -0.033863 0.996501 -0.591310
v -0.034087 0.989862 -0.582852
v -0.034342 0.982157 -0.573223
v -0.034622 0.973580 -0.562653
v -0.034921 0.964324 -0.551375
v -0.035232 0.954583 -0.539618
v -0.035550 0.944551 -0.527613
v -0.035869 0.934422 -0.515593
v -0.036182 0.924390 -0.503787
v -0.036483 0.914648 -0.492426
v -0.036767 0.905390 -0.481742
v -0.037026 0.896811 -0.471966
v -0.037255 0.889103 -0.463327
v -0.037346 0.886005 -0.459892
v -0.037448 0.882539 -0.456050
v -0.037559 0.878763 -0.451866
v -0.037678 0.874736 -0.447404
v -0.037802 0.870518 -0.442731
v -0.037930 0.866168 -0.437913
v -0.038060 0.861744 -0.433013
v -0.038191 0.857305 -0.428097
v -0.038320 0.852911 -0.423232
v -0.038446 0.848620 -0.418481
v -0.038567 0.844491 -0.413911
v -0.038682 0.840584 -0.409586
v -0.038792 0.836828 -0.405430
v -0.038901 0.833142 -0.401350
v -0.039006 0.829565 -0.397389
v -0.039107 0.826134 -0.393590
v -0.039202 0.822888 -0.389997
v -0.039291 0.819868 -0.386651
v -0.039372 0.817111 -0.383597
v -0.039444 0.814656 -0.380877
v -0.039506 0.812543 -0.378534
v -0.039557 0.810809 -0.376611
v -0.039596 0.809494 -0.375151
v -0.039622 0.808637 -0.374197
v -0.039624 0.808548 -0.374099
v -0.039631 0.808305 -0.373828
v -0.039642 0.807937 -0.373418
v -0.039656 0.807476 -0.372903
v -0.039671 0.806952 -0.372320
v -0.039688 0.806398 -0.371702
v -0.039704 0.805844 -0.371084
v -0.039720 0.805320 -0.370501
v -0.039733 0.804859 -0.369987
v -0.039744 0.804491 -0.369577
v -0.039751 0.804247 -0.369305
v -0.039754 0.804159 -0.369207
v -0.042426 0.809879 -0.265787
v -0.044070 0.813333 -0.202164
v -0.045641 0.816503 -0.141372
v -0.047143 0.819393 -0.083261
v -0.048579 0.822010 -0.027684
v -0.049954 0.824359 0.025506
v -0.051271 0.826447 0.076458
v -0.052534 0.828278 0.125320
v -0.053747 0.829859 0.172240
v -0.054914 0.831195 0.217365
v -0.056038 0.832293 0.260844
v -0.057124 0.833158 0.302824
v -0.058175 0.833796 0.343454
v -0.058437 0.833930 0.353560
v -0.058707 0.834072 0.364004
v -0.058982 0.834220 0.374650
v -0.059259 0.834372 0.385358
v -0.059534 0.834524 0.395992
v -0.059804 0.834677 0.406414
v -0.060064 0.834826 0.416486
v -0.060312 0.834972 0.426070
v -0.060544 0.835110 0.435029
v -0.060756 0.835240 0.443224
v -0.060945 0.835360 0.450519
v -0.061107 0.835466 0.456775
v -0.061625 0.835672 0.476800
v -0.062242 0.835678 0.500652
v -0.062938 0.835499 0.527558
v -0.063694 0.835154 0.556745
v -0.064489 0.834658 0.587441
v -0.065303 0.834029 0.618873
v -0.066116 0.833284 0.650268
v -0.066908 0.832439 0.680854
v -0.067659 0.831511 0.709858
v -0.068350 0.830518 0.736507
v -0.068959 0.829477 0.760029
v -0.069468 0.828403 0.779650
v -0.070362 0.826155 0.814147
v -0.071189 0.823861 0.846033
v -0.071953 0.821499 0.875486
v -0.072659 0.819045 0.902684
v -0.073311 0.816480 0.927803
v -0.073913 0.813779 0.951021
v -0.074472 0.810922 0.972516
v -0.074990 0.807887 0.992465
v -0.075474 0.804650 1.011046
v -0.075926 0.801191 1.028436
v -0.076353 0.797487 1.044813
v -0.076758 0.793516 1.060354
v -0.077172 0.788977 1.076225
v -0.077560 0.784216 1.091088
v -0.077925 0.779190 1.105020
v -0.078267 0.773855 1.118100
v -0.078590 0.768167 1.130407
v -0.078895 0.762081 1.142019
v -0.079184 0.755556 1.153014
v -0.079460 0.748545 1.163471
v -0.079724 0.741007 1.173469
v -0.079979 0.732897 1.183085
v -0.080227 0.724171 1.192399
v -0.080469 0.714785 1.201488
v -0.080635 0.707718 1.207713
v -0.080792 0.700342 1.213541
v -0.080940 0.692481 1.219053
v -0.081083 0.683959 1.224331
v -0.081223 0.674599 1.229456
v -0.081361 0.664225 1.234509
v -0.081501 0.652660 1.239570
v -0.081644 0.639729 1.244722
v -0.081792 0.625256 1.250047
v -0.081948 0.609063 1.255624
v -0.082115 0.590975 1.261535
v -0.082294 0.570815 1.267863
v -0.082298 0.570267 1.268032
v -0.082312 0.568754 1.268499
v -0.082332 0.566467 1.269205
v -0.082357 0.563600 1.270090
v -0.082385 0.560347 1.271095
v -0.082415 0.556900 1.272159
v -0.082445 0.553454 1.273223
v -0.082474 0.550201 1.274227
v -0.082499 0.547334 1.275113
v -0.082519 0.545047 1.275819
v -0.082532 0.543533 1.276286
v -0.082537 0.542985 1.276455
v -0.084006 0.540168 1.333163
v -0.084349 0.539502 1.346409
v -0.084645 0.538904 1.357798
v -0.084899 0.538346 1.367626
v -0.085122 0.537797 1.376193
v -0.085319 0.537231 1.383794
v -0.085499 0.536617 1.390728
v -0.085669 0.535927 1.397292
v -0.085838 0.535133 1.403784
v -0.086012 0.534206 1.410501
v -0.086200 0.533116 1.417741
v -0.086410 0.531836 1.425801
v -0.086648 0.530337 1.434979
v -0.087285 0.525797 1.459449
v -0.087907 0.520337 1.483327
v -0.088514 0.513969 1.506581
v -0.089104 0.506709 1.529181
v -0.089677 0.498571 1.551094
v -0.090232 0.489568 1.572290
v -0.090769 0.479714 1.592737
v -0.091286 0.469025 1.612404
v -0.091782 0.457514 1.631260
v -0.092257 0.445195 1.649273
v -0.092711 0.432083 1.666412
v -0.093141 0.418192 1.682647
v -0.093237 0.414773 1.686236
v -0.093341 0.410743 1.690147
v -0.093452 0.406182 1.694314
v -0.093569 0.401170 1.698675
v -0.093689 0.395789 1.703165
v -0.093811 0.390119 1.707721
v -0.093933 0.384240 1.712279
v -0.094054 0.378233 1.716776
v -0.094172 0.372180 1.721147
v -0.094284 0.366160 1.725330
v -0.094391 0.360254 1.729260
v -0.094488 0.354544 1.732875
v -0.094704 0.340810 1.740799
v -0.094927 0.325107 1.748965
v -0.095153 0.307881 1.757203
v -0.095377 0.289580 1.765346
v -0.095595 0.270650 1.773225
v -0.095802 0.251539 1.780673
v -0.095993 0.232692 1.787520
v -0.096164 0.214558 1.793598
v -0.096309 0.197582 1.798740
v -0.096425 0.182213 1.802777
v -0.096507 0.168895 1.805540
v -0.096549 0.158078 1.806861
v -0.096557 0.154122 1.807052
v -0.096561 0.150626 1.807130
v -0.096562 0.147552 1.807083
v -0.096560 0.144861 1.806899
v -0.096553 0.142514 1.806568
v -0.096542 0.140471 1.806076
v -0.096526 0.138695 1.805413
v -0.096505 0.137147 1.804567
v -0.096479 0.135787 1.803526
v -0.096448 0.134577 1.802278
v -0.096411 0.133478 1.800812
v -0.096367 0.132452 1.799115
v -0.096285 0.130926 1.795894
v -0.096203 0.129963 1.792691
v -0.096119 0.129598 1.789438
v -0.096032 0.129863 1.786069
v -0.095939 0.130792 1.782519
v -0.095840 0.132419 1.778721
v -0.095731 0.134775 1.774609
v -0.095613 0.137895 1.770117
v -0.095482 0.141812 1.765179
v -0.095338 0.146560 1.759729
v -0.095177 0.152171 1.753700
v -0.095000 0.158679 1.747028
v -0.094833 0.164819 1.740770
v -0.094674 0.170554 1.734766
v -0.094520 0.175919 1.728975
v -0.094371 0.180947 1.723354
v -0.094225 0.185671 1.717863
v -0.094082 0.190125 1.712460
v -0.093940 0.194343 1.707102
v -0.093799 0.198358 1.701747
v -0.093656 0.202204 1.696356
v -0.093512 0.205915 1.690884
v -0.093365 0.209523 1.685292
v -0.093213 0.213064 1.679537
v -0.092870 0.220496 1.666512
v -0.092509 0.227587 1.652740
v -0.092129 0.234325 1.638252
v -0.091731 0.240699 1.623081
v -0.091317 0.246701 1.607258
v -0.090888 0.252320 1.590814
v -0.090443 0.257545 1.573782
v -0.089984 0.262365 1.556194
v -0.089512 0.266772 1.538081
v -0.089028 0.270754 1.519475
v -0.088532 0.274301 1.500409
v -0.088025 0.277402 1.480912
v -0.087739 0.278805 1.469910
v -0.087413 0.280057 1.457337
v -0.087054 0.281147 1.443504
v -0.086671 0.282068 1.428717
v -0.086271 0.282810 1.413285
v -0.085862 0.283364 1.397518
v -0.085453 0.283722 1.381722
v -0.085052 0.283874 1.366207
v -0.084665 0.283812 1.351281
v -0.084303 0.283527 1.337252
v -0.083971 0.283009 1.324429
v -0.083679 0.282251 1.313120
v -0.083206 0.280584 1.294783
v -0.082752 0.278699 1.277187
v -0.082303 0.276484 1.259771
v -0.081844 0.273824 1.241973
v -0.081361 0.270607 1.223230
v -0.080840 0.266720 1.202980
v -0.080266 0.262050 1.180662
v -0.079625 0.256484 1.155714
v -0.078901 0.249909 1.127573
v -0.078081 0.242213 1.095678
v -0.077151 0.233281 1.059468
v -0.076095 0.223002 1.018378
v -0.075680 0.218889 1.002230
v -0.075235 0.214368 0.984874
v -0.074757 0.209434 0.966295
v -0.074249 0.204082 0.946477
v -0.073707 0.198308 0.925403
v -0.073134 0.192107 0.903057
v -0.072527 0.185475 0.879423
v -0.071887 0.178407 0.854483
v -0.071213 0.170899 0.828222
v -0.070505 0.162945 0.800624
v -0.069761 0.154542 0.771672
v -0.068983 0.145684 0.741349
v -0.068015 0.134829 0.703622
v -0.067133 0.125397 0.669273
v -0.066328 0.117324 0.637918
v -0.065589 0.110552 0.609169
v -0.064906 0.105017 0.582641
v -0.064270 0.100660 0.557948
v -0.063671 0.097418 0.534703
v -0.063099 0.095231 0.512521
v -0.062543 0.094037 0.491015
v -0.061994 0.093775 0.469799
v -0.061442 0.094385 0.448487
v -0.060877 0.095804 0.426692
v -0.060877 0.095804 0.426692
v -0.060877 0.095804 0.426692
v -0.060877 0.095804 0.426692
v -0.060877 0.095804 0.426692
v -0.060877 0.095804 0.426692
v -0.060877 0.095804 0.426692
v -0.060877 0.095804 0.426692
v -0.060877 0.095804 0.426692
v -0.060877 0.095804 0.426692
v -0.060877 0.095804 0.426692
v -0.060877 0.095804 0.426692
v -0.060861 0.352504 0.433443
v -0.061164 0.354095 0.445196
v -0.061473 0.355926 0.457182
v -0.061790 0.358018 0.469483
v -0.062117 0.360387 0.482179
v -0.062456 0.363052 0.495353
v -0.062809 0.366031 0.509084
v -0.063178 0.369343 0.523453
v -0.063566 0.373004 0.538543
v -0.063974 0.377034 0.554432
v -0.064405 0.381451 0.571204
v -0.064860 0.386273 0.588938
v -0.065342 0.391517 0.607716
v -0.065478 0.393004 0.612978
v -0.065616 0.394532 0.618385
v -0.065757 0.396082 0.623869
v -0.065898 0.397634 0.629360
v -0.066037 0.399167 0.634787
v -0.066173 0.400663 0.640081
v -0.066304 0.402102 0.645172
v -0.066428 0.403463 0.649991
v -0.066543 0.404728 0.654467
v -0.066647 0.405876 0.658530
v -0.066739 0.406889 0.662112
v -0.066817 0.407745 0.665143
v -0.066888 0.408526 0.667910
v -0.066960 0.409321 0.670727
v -0.067033 0.410119 0.673559
v -0.067105 0.410910 0.676371
v -0.067176 0.411686 0.679128
v -0.067244 0.412435 0.681794
v -0.067309 0.413148 0.684336
v -0.067370 0.413816 0.686717
v -0.067427 0.414428 0.688902
v -0.067477 0.414974 0.690858
v -0.067520 0.415446 0.692549
v -0.067556 0.415832 0.693939
v -0.067603 0.416341 0.695776
v -0.067680 0.417170 0.698766
v -0.067784 0.418293 0.702815
v -0.067912 0.419683 0.707829
v -0.068064 0.421315 0.713714
v -0.068235 0.423163 0.720375
v -0.068423 0.425200 0.727719
v -0.068627 0.427400 0.735652
v -0.068843 0.429738 0.744079
v -0.069070 0.432187 0.752906
v -0.069304 0.434720 0.762039
v -0.069544 0.437313 0.771385
v -0.070332 0.445771 0.802090
v -0.071114 0.454039 0.832537
v -0.071886 0.462079 0.862571
v -0.072642 0.469851 0.892040
v -0.073381 0.477317 0.920790
v -0.074097 0.484437 0.948666
v -0.074787 0.491174 0.975516
v -0.075447 0.497487 1.001186
v -0.076072 0.503338 1.025522
v -0.076659 0.508688 1.048371
v -0.077205 0.513499 1.069579
v -0.077704 0.517731 1.088992
v -0.077816 0.518662 1.093332
v -0.077923 0.519574 1.097519
v -0.078026 0.520458 1.101513
v -0.078123 0.521305 1.105273
v -0.078212 0.522104 1.108758
v -0.078294 0.522846 1.111930
v -0.078366 0.523522 1.114747
v -0.078428 0.524123 1.117169
v -0.078479 0.524637 1.119157
v -0.078518 0.525057 1.120669
v -0.078544 0.525373 1.121666
v -0.078555 0.525574 1.122107
v -0.078539 0.526633 1.121524
v -0.078451 0.528045 1.118150
v -0.078298 0.529751 1.112290
v -0.078088 0.531695 1.104252
v -0.077830 0.533820 1.094339
v -0.077532 0.536066 1.082859
v -0.077200 0.538378 1.070117
v -0.076844 0.540697 1.056418
v -0.076471 0.542966 1.042069
v -0.076089 0.545127 1.027376
v -0.075706 0.547123 1.012643
v -0.075331 0.548896 0.998177
v -0.074275 0.553208 0.957508
v -0.073142 0.557122 0.913830
v -0.071941 0.560625 0.867536
v -0.070683 0.563700 0.819019
v -0.069378 0.566335 0.768672
v -0.068036 0.568513 0.716887
v -0.066668 0.570222 0.664057
v -0.065283 0.571445 0.610574
v -0.063892 0.572169 0.556832
v -0.062504 0.572379 0.503223
v -0.061130 0.572060 0.450140
v -0.059781 0.571197 0.397975
v -0.059651 0.571087 0.392934
v -0.059513 0.570974 0.387616
v -0.059371 0.570859 0.382099
v -0.059225 0.570743 0.376457
v -0.059077 0.570629 0.370765
v -0.058931 0.570517 0.365100
v -0.058787 0.570409 0.359537
v -0.058648 0.570306 0.354151
v -0.058515 0.570211 0.349017
v -0.058391 0.570124 0.344211
v -0.058277 0.570047 0.339809
v -0.058175 0.569981 0.335886
v -0.057372 0.569349 0.304831
v -0.056399 0.568380 0.267213
v -0.055301 0.567138 0.224745
v -0.054122 0.565685 0.179144
v -0.052906 0.564086 0.132122
v -0.051698 0.562404 0.085396
v -0.050542 0.560702 0.040678
v -0.049483 0.559044 -0.000316
v -0.048564 0.557493 -0.035872
v -0.047830 0.556113 -0.064276
v -0.047325 0.554967 -0.083812
v -0.047094 0.554118 -0.092767
v -0.047091 0.554093 -0.092878
v -0.047083 0.554026 -0.093187
v -0.047071 0.553923 -0.093653
v -0.047056 0.553795 -0.094238
v -0.047039 0.553649 -0.094901
v -0.047021 0.553495 -0.095604
v -0.047003 0.553341 -0.096307
v -0.046986 0.553195 -0.096970
v -0.046971 0.553067 -0.097554
v -0.046959 0.552965 -0.098021
v -0.046951 0.552897 -0.098329
v -0.046948 0.552872 -0.098441
v -0.047145 0.547585 -0.090984
v -0.047178 0.546690 -0.089728
v -0.047223 0.545480 -0.088038
v -0.047277 0.543986 -0.085957
v -0.047342 0.542236 -0.083526
v -0.047414 0.540262 -0.080786
v -0.047493 0.538094 -0.077781
v -0.047579 0.535761 -0.074552
v -0.047669 0.533295 -0.071140
v -0.047763 0.530726 -0.067588
v -0.047859 0.528083 -0.063938
v -0.047957 0.525397 -0.060231
v -0.048055 0.522698 -0.056510
v -0.048983 0.497867 -0.021375
v -0.049883 0.475090 0.012758
v -0.050759 0.454325 0.045985
v -0.051611 0.435530 0.078399
v -0.052444 0.418661 0.110095
v -0.053259 0.403675 0.141166
v -0.054060 0.390530 0.171708
v -0.054847 0.379182 0.201813
v -0.055624 0.369588 0.231575
v -0.056394 0.361706 0.261090
v -0.057159 0.355493 0.290451
v -0.057920 0.350904 0.319752
v -0.058117 0.350068 0.327317
v -0.058331 0.349413 0.335594
v -0.058562 0.348938 0.344474
v -0.058804 0.348642 0.353847
v -0.059057 0.348522 0.363603
v -0.059316 0.348577 0.373634
v -0.059580 0.348806 0.383829
v -0.059845 0.349208 0.394080
v -0.060109 0.349780 0.404276
v -0.060368 0.350521 0.414308
v -0.060620 0.351430 0.424067
v -0.023341 0.766068 -1.004532
v -0.023559 0.766540 -0.996062
v -0.023796 0.767051 -0.986905
v -0.024047 0.767593 -0.977201
v -0.024308 0.768158 -0.967093
v -0.024576 0.768738 -0.956720
v -0.024847 0.769325 -0.946224
v -0.025118 0.769912 -0.935746
v -0.025384 0.770491 -0.925426
v -0.025643 0.771053 -0.915405
v -0.025891 0.771591 -0.905825
v -0.026123 0.772097 -0.896827
v -0.026337 0.772563 -0.888551
v -0.026554 0.773034 -0.880171
v -0.026794 0.773557 -0.870871
v -0.027054 0.774122 -0.860805
v -0.027330 0.774721 -0.850129
v -0.027618 0.775346 -0.838996
v -0.027913 0.775986 -0.827562
v -0.028212 0.776635 -0.815980
v -0.028511 0.777283 -0.804407
v -0.028806 0.777921 -0.792995
v -0.029093 0.778542 -0.781901
v -0.029367 0.779135 -0.771279
v -0.029626 0.779693 -0.761283
v -0.029888 0.780265 -0.751124
v -0.030175 0.780899 -0.740026
v -0.030481 0.781585 -0.728168
v -0.030803 0.782313 -0.715723
v -0.031135 0.783071 -0.702869
v -0.031473 0.783850 -0.689783
v -0.031812 0.784638 -0.676639
v -0.032149 0.785426 -0.663615
v -0.032478 0.786202 -0.650888
v -0.032794 0.786957 -0.638632
v -0.033094 0.787679 -0.627024
v -0.033373 0.788358 -0.616241
v -0.033637 0.788999 -0.606025
v -0.033894 0.789611 -0.596068
v -0.034142 0.790187 -0.586471
v -0.034378 0.790723 -0.577335
v -0.034599 0.791213 -0.568762
v -0.034804 0.791651 -0.560852
v -0.034988 0.792032 -0.553707
v -0.035151 0.792351 -0.547428
v -0.035288 0.792601 -0.542117
v -0.035397 0.792778 -0.537873
v -0.035477 0.792876 -0.534799
v -0.035524 0.792889 -0.532996
v -0.035553 0.792874 -0.531870
v -0.035581 0.792893 -0.530767
v -0.035609 0.792942 -0.529700
v -0.035635 0.793020 -0.528679
v -0.035660 0.793124 -0.527717
v -0.035683 0.793254 -0.526824
v -0.035704 0.793407 -0.526012
v -0.035722 0.793581 -0.525292
v -0.035738 0.793774 -0.524677
v -0.035751 0.793985 -0.524177
v -0.035761 0.794211 -0.523804
v -0.035766 0.794451 -0.523569
v -0.035761 0.795341 -0.523741
v -0.035728 0.796782 -0.525003
v -0.035667 0.798726 -0.527279
v -0.035582 0.801127 -0.530499
v -0.035474 0.803940 -0.534590
v -0.035345 0.807119 -0.539479
v -0.035197 0.810617 -0.545094
v -0.035032 0.814389 -0.551362
v -0.034852 0.818388 -0.558211
v -0.034659 0.822568 -0.565569
v -0.034454 0.826883 -0.573363
v -0.034239 0.831288 -0.581520
v -0.033475 0.845859 -0.610651
v -0.032723 0.858261 -0.639345
v -0.031983 0.868498 -0.667636
v -0.031255 0.876574 -0.695557
v -0.030536 0.882490 -0.723140
v -0.029828 0.886252 -0.750420
v -0.029127 0.887861 -0.777430
v -0.028435 0.887322 -0.804201
v -0.027749 0.884637 -0.830768
v -0.027070 0.879811 -0.857164
v -0.026395 0.872845 -0.883422
v -0.025725 0.863743 -0.909575
v -0.025599 0.861740 -0.914533
v -0.025458 0.859383 -0.920045
v -0.025306 0.856728 -0.925997
v -0.025145 0.853832 -0.932276
v -0.024980 0.850752 -0.938765
v -0.024812 0.847544 -0.945351
v -0.024644 0.844264 -0.951919
v -0.024480 0.840969 -0.958356
v -0.024322 0.837716 -0.964545
v -0.024174 0.834560 -0.970374
v -0.024037 0.831558 -0.975727
v -0.023916 0.828768 -0.980489
v -0.023759 0.824970 -0.986653
v -0.023585 0.820581 -0.993533
v -0.023396 0.815724 -1.000949
v -0.023199 0.810529 -1.008718
v -0.022998 0.805119 -1.016661
v -0.022796 0.799622 -1.024597
v -0.022600 0.794164 -1.032344
v -0.022413 0.788872 -1.039722
v -0.022240 0.783871 -1.046551
v -0.022085 0.779288 -1.052648
v -0.021954 0.775250 -1.057834
v -0.021851 0.771882 -1.061928
v -0.021800 0.770152 -1.063930
v -0.021758 0.768661 -1.065617
v -0.021723 0.767391 -1.067000
v -0.021695 0.766325 -1.068091
v -0.021675 0.765444 -1.068901
v -0.021662 0.764732 -1.069441
v -0.021655 0.764170 -1.069723
v -0.021654 0.763742 -1.069759
v -0.021660 0.763429 -1.069559
v -0.021671 0.763214 -1.069134
v -0.021687 0.763080 -1.068497
v -0.021709 0.763009 -1.067659
v -0.021738 0.763010 -1.066529
v -0.021794 0.763070 -1.064393
v -0.021873 0.763184 -1.061326
v -0.021974 0.763350 -1.057406
v -0.022096 0.763563 -1.052710
v -0.022235 0.763819 -1.047313
v -0.022391 0.764116 -1.041294
v -0.022560 0.764449 -1.034727
v -0.022742 0.764814 -1.027691
v -0.022934 0.765208 -1.020262
v -0.023134 0.765627 -1.012517
v -0.082193 1.015959 1.276742
v -0.082169 1.016822 1.275862
v -0.082142 1.017955 1.274843
v -0.082112 1.019333 1.273707
v -0.082079 1.020927 1.272470
v -0.082043 1.022710 1.271153
v -0.082006 1.024657 1.269773
v -0.081968 1.026738 1.268350
v -0.081929 1.028928 1.266902
v -0.081889 1.031200 1.265449
v -0.081850 1.033526 1.264009
v -0.081812 1.035879 1.262601
v -0.081775 1.038232 1.261243
v -0.081459 1.057318 1.249588
v -0.081128 1.074300 1.237261
v -0.080773 1.089315 1.223983
v -0.080388 1.102500 1.209475
v -0.079965 1.113991 1.193459
v -0.079497 1.123925 1.175655
v -0.078976 1.132439 1.155784
v -0.078396 1.139669 1.133568
v -0.077748 1.145752 1.108727
v -0.077027 1.150824 1.080981
v -0.076223 1.155023 1.050054
v -0.075330 1.158484 1.015664
v -0.075039 1.159270 1.004413
v -0.074647 1.160050 0.989283
v -0.074175 1.160804 0.971084
v -0.073645 1.161514 0.950628
v -0.073078 1.162162 0.928726
v -0.072494 1.162729 0.906188
v -0.071915 1.163195 0.883827
v -0.071362 1.163543 0.862453
v -0.070855 1.163754 0.842877
v -0.070416 1.163808 0.825910
v -0.070065 1.163688 0.812363
v -0.069824 1.163375 0.803047
v -0.069778 1.163289 0.801252
v -0.069710 1.163195 0.798629
v -0.069623 1.163094 0.795251
v -0.069518 1.162989 0.791191
v -0.069397 1.162879 0.786522
v -0.069263 1.162767 0.781317
v -0.069116 1.162655 0.775649
v -0.068959 1.162544 0.769592
v -0.068794 1.162435 0.763218
v -0.068623 1.162330 0.756601
v -0.068448 1.162230 0.749813
v -0.068270 1.162137 0.742927
v -0.068082 1.162037 0.735662
v -0.067877 1.161915 0.727769
v -0.067660 1.161774 0.719370
v -0.067433 1.161616 0.710590
v -0.067199 1.161444 0.701552
v -0.066962 1.161261 0.692379
v -0.066724 1.161069 0.683194
v -0.066490 1.160870 0.674121
v -0.066261 1.160667 0.665283
v -0.066042 1.160463 0.656804
v -0.065835 1.160260 0.648806
v -0.065644 1.160060 0.641415
v -0.065439 1.159841 0.633498
v -0.065193 1.159580 0.623973
v -0.064910 1.159282 0.613033
v -0.064596 1.158953 0.600871
v -0.064254 1.158597 0.587679
v -0.063892 1.158221 0.573650
v -0.063512 1.157829 0.558978
v -0.063121 1.157425 0.543854
v -0.062723 1.157017 0.528473
v -0.062324 1.156607 0.513027
v -0.061928 1.156203 0.497708
v -0.061540 1.155808 0.482709
v -0.060887 1.155143 0.457453
v -0.060222 1.154460 0.431743
v -0.059554 1.153769 0.405902
v -0.058890 1.153078 0.380251
v -0.058240 1.152397 0.355111
v -0.057612 1.151734 0.330805
v -0.057013 1.151098 0.307655
v -0.056453 1.150497 0.285982
v -0.055939 1.149942 0.266108
v -0.055480 1.149440 0.248354
v -0.055084 1.149000 0.233044
v -0.054759 1.148631 0.220497
v -0.054242 1.148118 0.200479
v -0.053543 1.147552 0.173474
v -0.052697 1.146952 0.140772
v -0.051737 1.146334 0.103661
v -0.050697 1.145718 0.063431
v -0.049609 1.145120 0.021369
v -0.048507 1.144557 -0.021236
v -0.047424 1.144049 -0.063095
v -0.046393 1.143611 -0.102920
v -0.045449 1.143263 -0.139421
v -0.044624 1.143021 -0.171311
v -0.043951 1.142904 -0.197301
v -0.043818 1.142892 -0.202464
v -0.043678 1.142876 -0.207880
v -0.043533 1.142859 -0.213474
v -0.043385 1.142839 -0.219170
v -0.043237 1.142817 -0.224892
v -0.043091 1.142793 -0.230566
v -0.042947 1.142769 -0.236116
v -0.042808 1.142743 -0.241466
v -0.042677 1.142717 -0.246541
v -0.042555 1.142691 -0.251266
v -0.042444 1.142665 -0.255565
v -0.042345 1.142639 -0.259363
v -0.042246 1.142616 -0.263224
v -0.042130 1.142598 -0.267707
v -0.042000 1.142584 -0.272728
v -0.041858 1.142575 -0.278204
v -0.041707 1.142570 -0.284050
v -0.041548 1.142570 -0.290183
v -0.041384 1.142575 -0.296519
v -0.041217 1.142584 -0.302974
v -0.041049 1.142598 -0.309465
v -0.040882 1.142616 -0.315907
v -0.040719 1.142639 -0.322217
v -0.040561 1.142666 -0.328311
v -0.040386 1.142698 -0.335083
v -0.040171 1.142737 -0.343365
v -0.039922 1.142781 -0.352986
v -0.039643 1.142830 -0.363770
v -0.039339 1.142882 -0.375544
v -0.039013 1.142938 -0.388135
v -0.038670 1.142997 -0.401370
v -0.038315 1.143057 -0.415074
v -0.037953 1.143117 -0.429074
v -0.037588 1.143178 -0.443197
v -0.037223 1.143238 -0.457269
v -0.036865 1.143297 -0.471116
v -0.035791 1.143732 -0.512610
v -0.034359 1.144703 -0.567902
v -0.032641 1.146128 -0.634244
v -0.030708 1.147931 -0.708889
v -0.028631 1.150030 -0.789089
v -0.026481 1.152349 -0.872095
v -0.024330 1.154806 -0.955160
v -0.022248 1.157324 -1.035535
v -0.020306 1.159824 -1.110474
v -0.018577 1.162226 -1.177227
v -0.017131 1.164451 -1.233048
v -0.016039 1.166420 -1.275187
v -0.014968 1.168629 -1.316486
v -0.014053 1.170599 -1.351803
v -0.013278 1.172388 -1.381685
v -0.012630 1.174055 -1.406677
v -0.012095 1.175657 -1.427326
v -0.011657 1.177253 -1.444178
v -0.011304 1.178900 -1.457780
v -0.011021 1.180658 -1.468677
v -0.010793 1.182583 -1.477417
v -0.010607 1.184736 -1.484545
v -0.010449 1.187173 -1.490608
v -0.010303 1.189952 -1.496151
v -0.010232 1.191477 -1.498864
v -0.010164 1.193077 -1.501428
v -0.010096 1.194926 -1.504014
v -0.010022 1.197200 -1.506793
v -0.009939 1.200073 -1.509935
v -0.009841 1.203718 -1.513612
v -0.009724 1.208311 -1.517992
v -0.009584 1.214026 -1.523248
v -0.009416 1.221037 -1.529550
v -0.009215 1.229518 -1.537068
v -0.008977 1.239644 -1.545972
v -0.008697 1.251590 -1.556434
v -0.008566 1.257164 -1.561353
v -0.008425 1.263045 -1.566619
v -0.008277 1.269147 -1.572155
v -0.008125 1.275388 -1.577881
v -0.007969 1.281684 -1.583718
v -0.007812 1.287952 -1.589588
v -0.007657 1.294107 -1.595413
v -0.007505 1.300068 -1.601115
v -0.007358 1.305750 -1.606613
v -0.007219 1.311069 -1.611830
v -0.007090 1.315942 -1.616687
v -0.006973 1.320286 -1.621106
v -0.006861 1.324389 -1.625305
v -0.006749 1.328561 -1.629522
v -0.006637 1.332749 -1.633708
v -0.006528 1.336902 -1.637813
v -0.006422 1.340969 -1.641788
v -0.006321 1.344898 -1.645583
v -0.006226 1.348638 -1.649149
v -0.006138 1.352136 -1.652437
v -0.006059 1.355343 -1.655396
v -0.005990 1.358205 -1.657978
v -0.005933 1.360672 -1.660132
v -0.005888 1.362691 -1.661810
v -0.005714 1.371318 -1.668287
v -0.005574 1.379372 -1.673436
v -0.005470 1.386885 -1.677253
v -0.005401 1.393885 -1.679735
v -0.005366 1.400402 -1.680876
v -0.005367 1.406465 -1.680672
v -0.005403 1.412104 -1.679118
v -0.005474 1.417349 -1.676211
v -0.005581 1.422230 -1.671945
v -0.005723 1.426775 -1.666317
v -0.005901 1.431014 -1.659322
v -0.006115 1.434978 -1.650954
v -0.006349 1.438630 -1.641820
v -0.006715 1.444064 -1.627514
v -0.007199 1.451077 -1.608605
v -0.007786 1.459464 -1.585663
v -0.008463 1.469022 -1.559256
v -0.009213 1.479547 -1.529954
v -0.010023 1.490835 -1.498325
v -0.010879 1.502683 -1.464940
v -0.011764 1.514887 -1.430366
v -0.012666 1.527243 -1.395173
v -0.013569 1.539547 -1.359930
v -0.014458 1.551596 -1.325207
v -0.014531 1.552578 -1.322375
v -0.014621 1.553802 -1.318854
v -0.014727 1.555243 -1.314721
v -0.014847 1.556873 -1.310051
v -0.014978 1.558665 -1.304921
v -0.015119 1.560594 -1.299407
v -0.015269 1.562632 -1.293585
v -0.015424 1.564753 -1.287531
v -0.015583 1.566930 -1.281322
v -0.015744 1.569137 -1.275034
v -0.015905 1.571346 -1.268742
v -0.016064 1.573532 -1.262523
v -0.016312 1.576923 -1.252862
v -0.016546 1.580114 -1.243739
v -0.016772 1.583188 -1.234906
v -0.016997 1.586230 -1.226113
v -0.017228 1.589327 -1.217110
v -0.017470 1.592563 -1.207648
v -0.017731 1.596023 -1.197476
v -0.018016 1.599793 -1.186346
v -0.018333 1.603957 -1.174007
v -0.018686 1.608601 -1.160209
v -0.019084 1.613809 -1.144704
v -0.019531 1.619668 -1.127242
v -0.019613 1.620735 -1.124062
v -0.019709 1.621994 -1.120314
v -0.019817 1.623419 -1.116072
v -0.019937 1.624988 -1.111406
v -0.020066 1.626675 -1.106390
v -0.020201 1.628456 -1.101097
v -0.020342 1.630306 -1.095598
v -0.020486 1.632202 -1.089967
v -0.020632 1.634118 -1.084276
v -0.020778 1.636031 -1.078597
v -0.020921 1.637915 -1.073003
v -0.021061 1.639748 -1.067567
v -0.022264 1.655340 -1.020629
v -0.023574 1.671902 -0.969529
v -0.024965 1.689134 -0.915267
v -0.026413 1.706736 -0.858842
v -0.027890 1.724408 -0.801254
v -0.029371 1.741851 -0.743504
v -0.030832 1.758765 -0.686591
v -0.032245 1.774851 -0.631516
v -0.033586 1.789809 -0.579279
v -0.034828 1.803339 -0.530880
v -0.035947 1.815141 -0.487318
v -0.036916 1.824916 -0.449593
v -0.038152 1.836765 -0.401501
v -0.039303 1.847301 -0.356701
v -0.040378 1.856564 -0.314922
v -0.041382 1.864596 -0.275889
v -0.042323 1.871441 -0.239331
v -0.043208 1.877140 -0.204973
v -0.044044 1.881735 -0.172544
v -0.044837 1.885267 -0.141770
v -0.045596 1.887780 -0.112378
v -0.046327 1.889315 -0.084096
v -0.047037 1.889915 -0.056650
v -0.047733 1.889620 -0.029767
v -0.048446 1.888460 -0.002216
v -0.049136 1.886493 0.024372
v -0.049804 1.883695 0.050087
v -0.050452 1.880044 0.075025
v -0.051083 1.875515 0.099277
v -0.051699 1.870085 0.122936
v -0.052303 1.863731 0.146097
v -0.052897 1.856429 0.168851
v -0.053484 1.848157 0.191292
v -0.054066 1.838890 0.213512
v -0.054646 1.828606 0.235605
v -0.055225 1.817280 0.257664
v -0.055491 1.811687 0.267778
v -0.055745 1.805995 0.277451
v -0.055990 1.800151 0.286751
v -0.056228 1.794103 0.295743
v -0.056459 1.787798 0.304493
v -0.056685 1.781183 0.313067
v -0.056910 1.774205 0.321533
v -0.057133 1.766812 0.329955
v -0.057358 1.758951 0.338400
v -0.057585 1.750569 0.346934
v -0.057816 1.741613 0.355624
v -0.058054 1.732031 0.364534
v -0.058289 1.722255 0.373346
v -0.058512 1.712746 0.381691
v -0.058725 1.703406 0.389644
v -0.058929 1.694135 0.397277
v -0.059127 1.684837 0.404665
v -0.059321 1.675413 0.411882
v -0.059513 1.665766 0.419001
v -0.059704 1.655797 0.426095
v -0.059896 1.645408 0.433239
v -0.060092 1.634502 0.440506
v -0.060294 1.622980 0.447969
v -0.060503 1.610745 0.455702
v -0.060727 1.597373 0.463981
v -0.060938 1.584554 0.471746
v -0.061136 1.572184 0.479050
v -0.061324 1.560159 0.485950
v -0.061502 1.548375 0.492499
v -0.061672 1.536729 0.498752
v -0.061837 1.525117 0.504764
v -0.061996 1.513435 0.510590
v -0.062152 1.501580 0.516285
v -0.062307 1.489448 0.521902
v -0.062461 1.476935 0.527497
v -0.062616 1.463937 0.533125
v -0.062672 1.459166 0.535171
v -0.062728 1.454544 0.537175
v -0.062781 1.450117 0.539115
v -0.062832 1.445930 0.540971
v -0.062881 1.442029 0.542722
v -0.062925 1.438458 0.544348
v -0.062966 1.435265 0.545826
v -0.063002 1.432494 0.547137
v -0.063033 1.430190 0.548259
v -0.063058 1.428399 0.549173
v -0.063076 1.427166 0.549855
v -0.063088 1.426538 0.550287
v -0.063104 1.426149 0.550915
v -0.063133 1.425819 0.552020
v -0.063175 1.425546 0.553636
v -0.063231 1.425329 0.555796
v -0.063302 1.425169 0.558536
v -0.063389 1.425065 0.561890
v -0.063493 1.425014 0.565892
v -0.063614 1.425018 0.570577
v -0.063754 1.425075 0.575978
v -0.063913 1.425184 0.582130
v -0.064092 1.425345 0.589068
v -0.064293 1.425557 0.596826
v -0.065162 1.426403 0.630443
v -0.066056 1.427029 0.664980
v -0.066961 1.427440 0.699960
v -0.067865 1.427641 0.734908
v -0.068756 1.427635 0.769348
v -0.069622 1.427427 0.802805
v -0.070451 1.427023 0.834802
v -0.071229 1.426425 0.864865
v -0.071945 1.425639 0.892517
v -0.072587 1.424669 0.917282
v -0.073142 1.423520 0.938685
v -0.073597 1.422195 0.956250
v -0.074533 1.418154 0.992293
v -0.075393 1.412812 1.025388
v -0.076183 1.406081 1.055696
v -0.076905 1.397869 1.083376
v -0.077565 1.388085 1.108590
v -0.078166 1.376641 1.131497
v -0.078713 1.363444 1.152258
v -0.079210 1.348405 1.171033
v -0.079662 1.331433 1.187982
v -0.080071 1.312438 1.203265
v -0.080443 1.291330 1.217043
v -0.080782 1.268017 1.229475
v -0.080878 1.260610 1.232960
v -0.080981 1.252272 1.236714
v -0.081091 1.243182 1.240667
v -0.081203 1.233519 1.244748
v -0.081318 1.223463 1.248885
v -0.081432 1.213193 1.253008
v -0.081544 1.202889 1.257045
v -0.081652 1.192729 1.260925
v -0.081754 1.182893 1.264578
v -0.081848 1.173561 1.267931
v -0.081931 1.164912 1.270914
v -0.082003 1.157124 1.273456
v -0.082095 1.146301 1.276689
v -0.082185 1.134633 1.279860
v -0.082274 1.122378 1.282921
v -0.082358 1.109792 1.285824
v -0.082437 1.097135 1.288520
v -0.082510 1.084662 1.290962
v -0.082574 1.072633 1.293102
v -0.082629 1.061305 1.294891
v -0.082672 1.050934 1.296280
v -0.082704 1.041780 1.297223
v -0.082721 1.034099 1.297670
v -0.082723 1.028149 1.297573
v -0.082720 1.026175 1.297401
v -0.082716 1.024400 1.297199
v -0.082711 1.022808 1.296963
v -0.082705 1.021382 1.296686
v -0.082698 1.020106 1.296362
v -0.082689 1.018964 1.295985
v -0.082678 1.017940 1.295547
v -0.082666 1.017017 1.295045
v -0.082651 1.016180 1.294471
v -0.082635 1.015411 1.293819
v -0.082617 1.014696 1.293083
v -0.082596 1.014017 1.292258
v -0.082560 1.012976 1.290827
v -0.082526 1.012142 1.289511
v -0.082495 1.011520 1.288283
v -0.082465 1.011111 1.287116
v -0.082436 1.010920 1.285984
v -0.082407 1.010950 1.284858
v -0.082377 1.011204 1.283713
v -0.082346 1.011687 1.282521
v -0.082312 1.012400 1.281255
v -0.082276 1.013347 1.279887
v -0.082237 1.014533 1.278393
v -0.040408 1.407445 -0.326626
v -0.041357 1.407606 -0.289938
v -0.042286 1.407795 -0.254067
v -0.043187 1.408010 -0.219235
v -0.044055 1.408250 -0.185670
v -0.044885 1.408510 -0.153594
v -0.045671 1.408791 -0.123232
v -0.046406 1.409088 -0.094811
v -0.047085 1.409401 -0.068554
v -0.047703 1.409726 -0.044686
v -0.048253 1.410062 -0.023432
v -0.048729 1.410407 -0.005017
v -0.049126 1.410758 0.010335
v -0.049213 1.410842 0.013697
v -0.049331 1.410953 0.018283
v -0.049479 1.411088 0.023978
v -0.049652 1.411244 0.030665
v -0.049847 1.411419 0.038228
v -0.050063 1.411610 0.046551
v -0.050294 1.411815 0.055518
v -0.050540 1.412031 0.065012
v -0.050796 1.412255 0.074918
v -0.051060 1.412485 0.085119
v -0.051328 1.412717 0.095499
v -0.051599 1.412950 0.105941
v -0.051868 1.413182 0.116366
v -0.052135 1.413416 0.126693
v -0.052397 1.413647 0.136809
v -0.052650 1.413873 0.146600
v -0.052892 1.414091 0.155953
v -0.053120 1.414300 0.164753
v -0.053330 1.414495 0.172887
v -0.053520 1.414674 0.180240
v -0.053687 1.414834 0.186700
v -0.053828 1.414974 0.192153
v -0.053940 1.415090 0.196483
v -0.054020 1.415179 0.199579
v -0.054279 1.415480 0.209577
v -0.054582 1.415825 0.221299
v -0.054924 1.416208 0.234551
v -0.055302 1.416623 0.249140
v -0.055709 1.417066 0.264873
v -0.056140 1.417530 0.281557
v -0.056591 1.418011 0.298999
v -0.057057 1.418504 0.317005
v -0.057532 1.419002 0.335384
v -0.058012 1.419501 0.353941
v -0.058491 1.419995 0.372483
v -0.058965 1.420479 0.390818
v -0.059230 1.420756 0.401034
v -0.059488 1.421041 0.411012
v -0.059737 1.421333 0.420650
v -0.059975 1.421626 0.429844
v -0.060198 1.421917 0.438493
v -0.060405 1.422202 0.446494
v -0.060592 1.422478 0.453744
v -0.060758 1.422740 0.460142
v -0.060898 1.422985 0.465584
v -0.061012 1.423210 0.469967
v -0.061095 1.423410 0.473191
v -0.061146 1.423581 0.475152
v -0.061150 1.423604 0.475337
v -0.061164 1.423665 0.475850
v -0.061184 1.423759 0.476624
v -0.061209 1.423876 0.477594
v -0.061237 1.424008 0.478695
v -0.061267 1.424149 0.479861
v -0.061297 1.424289 0.481027
v -0.061326 1.424422 0.482128
v -0.061351 1.424539 0.483099
v -0.061370 1.424632 0.483873
v -0.061384 1.424694 0.484385
v -0.061388 1.424716 0.484570
v -0.061046 1.442813 0.471845
v -0.060923 1.449016 0.467269
v -0.060776 1.455903 0.461810
v -0.060610 1.463319 0.455614
v -0.060429 1.471107 0.448829
v -0.060236 1.479114 0.441601
v -0.060035 1.487184 0.434078
v -0.059831 1.495161 0.426405
v -0.059627 1.502891 0.418730
v -0.059426 1.510219 0.411201
v -0.059234 1.516988 0.403964
v -0.059054 1.523045 0.397166
v -0.058889 1.528234 0.390954
v -0.058643 1.535481 0.381668
v -0.058391 1.542545 0.372133
v -0.058133 1.549414 0.362371
v -0.057871 1.556074 0.352404
v -0.057603 1.562513 0.342255
v -0.057332 1.568717 0.331944
v -0.057057 1.574674 0.321495
v -0.056779 1.580371 0.310928
v -0.056499 1.585795 0.300267
v -0.056218 1.590934 0.289531
v -0.055935 1.595774 0.278745
v -0.055652 1.600303 0.267928
v -0.055279 1.605704 0.253703
v -0.054892 1.610674 0.238865
v -0.054489 1.615208 0.223447
v -0.054073 1.619299 0.207483
v -0.053644 1.622943 0.191006
v -0.053203 1.626133 0.174048
v -0.052750 1.628864 0.156643
v -0.052288 1.631131 0.138823
v -0.051815 1.632927 0.120622
v -0.051334 1.634247 0.102072
v -0.050845 1.635085 0.083207
v -0.050349 1.635435 0.064059
v -0.049496 1.635070 0.031050
v -0.048629 1.633587 -0.002479
v -0.047743 1.630939 -0.036786
v -0.046831 1.627080 -0.072128
v -0.045887 1.621962 -0.108764
v -0.044903 1.615539 -0.146951
v -0.043874 1.607763 -0.186948
v -0.042792 1.598589 -0.229011
v -0.041652 1.587969 -0.273399
v -0.040445 1.575856 -0.320370
v -0.039166 1.562203 -0.370182
v -0.037808 1.546965 -0.423092
v -0.036848 1.535924 -0.460500
v -0.035784 1.523625 -0.501966
v -0.034652 1.510483 -0.546107
v -0.033486 1.496913 -0.591543
v -0.032322 1.483331 -0.636894
v -0.031196 1.470152 -0.680778
v -0.030144 1.457791 -0.721813
v -0.029199 1.446664 -0.758620
v -0.028399 1.437186 -0.789818
v -0.027778 1.429773 -0.814024
v -0.027372 1.424839 -0.829859
v -0.027216 1.422801 -0.835940
v -0.027383 1.421681 -0.829512
v -0.027924 1.420295 -0.808640
v -0.028778 1.418712 -0.775692
v -0.029883 1.417005 -0.733038
v -0.031178 1.415246 -0.683046
v -0.032602 1.413505 -0.628086
v -0.034093 1.411853 -0.570525
v -0.035590 1.410364 -0.512733
v -0.037031 1.409106 -0.457078
v -0.038355 1.408153 -0.405929
v -0.039501 1.407576 -0.361656
v -0.067382 1.678719 0.723470
v -0.064839 1.779753 0.628097
v -0.067388 1.875354 0.729344
v -0.069938 1.970954 0.830590
v -0.072482 1.869426 0.925973
v -0.075025 1.767898 1.021355
v -0.072476 1.672791 0.920099
v -0.069926 1.577684 0.818843
v -0.047362 0.074535 -0.096166
v 0.462788 0.096872 0.425788
v 0.463170 0.098910 0.411078
v 0.463559 0.101525 0.396118
v 0.463955 0.104712 0.380925
v 0.464357 0.108468 0.365512
v 0.464764 0.112788 0.349893
v 0.465177 0.117668 0.334085
v 0.465595 0.123104 0.318100
v 0.466017 0.129090 0.301954
v 0.466443 0.135625 0.285661
v 0.466874 0.142701 0.269235
v 0.467307 0.150317 0.252693
v 0.467761 0.158767 0.235425
v 0.468207 0.167627 0.218426
v 0.468655 0.177116 0.201377
v 0.469114 0.187450 0.183958
v 0.469591 0.198847 0.165846
v 0.470095 0.211525 0.146724
v 0.470635 0.225700 0.126268
v 0.471219 0.241590 0.104160
v 0.471856 0.259413 0.080078
v 0.472553 0.279386 0.053703
v 0.473320 0.301726 0.024714
v 0.474164 0.326651 -0.007210
v 0.474521 0.337365 -0.020698
v 0.474903 0.349064 -0.035116
v 0.475308 0.361701 -0.050410
v 0.475736 0.375229 -0.066526
v 0.476183 0.389600 -0.083410
v 0.476650 0.404769 -0.101007
v 0.477134 0.420687 -0.119264
v 0.477635 0.437308 -0.138126
v 0.478150 0.454586 -0.157539
v 0.478678 0.472472 -0.177449
v 0.479219 0.490920 -0.197801
v 0.479770 0.509883 -0.218542
v 0.479789 0.510541 -0.219258
v 0.479841 0.512359 -0.221238
v 0.479921 0.515105 -0.224229
v 0.480020 0.518547 -0.227979
v 0.480133 0.522454 -0.232233
v 0.480253 0.526592 -0.236741
v 0.480373 0.530731 -0.241248
v 0.480486 0.534638 -0.245503
v 0.480585 0.538080 -0.249252
v 0.480665 0.540826 -0.252243
v 0.480717 0.542644 -0.254223
v 0.480736 0.543302 -0.254939
v 0.483900 0.535572 -0.377391
v 0.484383 0.534391 -0.396111
v 0.484957 0.532993 -0.418308
v 0.485609 0.531404 -0.443545
v 0.486328 0.529652 -0.471388
v 0.487103 0.527764 -0.501401
v 0.487923 0.525769 -0.533149
v 0.488777 0.523692 -0.566196
v 0.489653 0.521562 -0.600106
v 0.490540 0.519405 -0.634445
v 0.491427 0.517250 -0.668777
v 0.492302 0.515123 -0.702667
v 0.493155 0.513053 -0.735678
v 0.493991 0.511021 -0.768037
v 0.494817 0.509007 -0.800027
v 0.495625 0.507033 -0.831298
v 0.496405 0.505122 -0.861503
v 0.497149 0.503295 -0.890290
v 0.497847 0.501576 -0.917313
v 0.498491 0.499986 -0.942221
v 0.499070 0.498547 -0.964666
v 0.499578 0.497282 -0.984299
v 0.500003 0.496213 -1.000770
v 0.500338 0.495362 -1.013732
v 0.500573 0.494751 -1.022834
v 0.500913 0.493856 -1.035988
v 0.501269 0.492926 -1.049772
v 0.501641 0.491962 -1.064184
v 0.502029 0.490964 -1.079226
v 0.502434 0.489932 -1.094896
v 0.502855 0.488866 -1.111195
v 0.503293 0.487766 -1.128122
v 0.503746 0.486632 -1.145678
v 0.504216 0.485464 -1.163861
v 0.504702 0.484261 -1.182671
v 0.505204 0.483025 -1.202109
v 0.505722 0.481755 -1.222174
v 0.505886 0.481353 -1.228534
v 0.506069 0.480904 -1.235594
v 0.506266 0.480418 -1.243237
v 0.506476 0.479901 -1.251347
v 0.506694 0.479361 -1.259804
v 0.506919 0.478805 -1.268492
v 0.507146 0.478241 -1.277293
v 0.507373 0.477677 -1.286089
v 0.507597 0.477119 -1.294764
v 0.507815 0.476576 -1.303199
v 0.508024 0.476055 -1.311277
v 0.508220 0.475564 -1.318881
v 0.508638 0.474582 -1.335070
v 0.509026 0.473813 -1.350061
v 0.509383 0.473258 -1.363900
v 0.509713 0.472917 -1.376634
v 0.510015 0.472791 -1.388312
v 0.510291 0.472882 -1.398978
v 0.510542 0.473190 -1.408681
v 0.510770 0.473716 -1.417468
v 0.510976 0.474461 -1.425386
v 0.511160 0.475427 -1.432481
v 0.511324 0.476613 -1.438802
v 0.511470 0.478021 -1.444394
v 0.511743 0.481520 -1.454855
v 0.512021 0.485990 -1.465466
v 0.512303 0.491409 -1.476201
v 0.512588 0.497755 -1.487031
v 0.512876 0.505008 -1.497928
v 0.513165 0.513144 -1.508865
v 0.513455 0.522142 -1.519814
v 0.513745 0.531981 -1.530747
v 0.514035 0.542638 -1.541636
v 0.514323 0.554093 -1.552455
v 0.514610 0.566323 -1.563174
v 0.514893 0.579306 -1.573766
v 0.515143 0.591223 -1.583058
v 0.515366 0.602162 -1.591377
v 0.515565 0.612182 -1.598760
v 0.515739 0.621345 -1.605243
v 0.515891 0.629709 -1.610862
v 0.516021 0.637333 -1.615654
v 0.516129 0.644279 -1.619654
v 0.516218 0.650604 -1.622898
v 0.516287 0.656371 -1.625422
v 0.516339 0.661637 -1.627262
v 0.516373 0.666462 -1.628455
v 0.516392 0.670907 -1.629036
v 0.516392 0.671099 -1.629049
v 0.516394 0.671628 -1.629085
v 0.516396 0.672427 -1.629138
v 0.516398 0.673429 -1.629206
v 0.516401 0.674566 -1.629282
v 0.516404 0.675771 -1.629363
v 0.516407 0.676975 -1.629444
v 0.516410 0.678112 -1.629520
v 0.516412 0.679114 -1.629588
v 0.516414 0.679914 -1.629641
v 0.516415 0.680443 -1.629677
v 0.516416 0.680634 -1.629690
v 0.515861 0.701306 -1.607664
v 0.515756 0.705147 -1.603478
v 0.515641 0.709154 -1.598922
v 0.515515 0.713371 -1.593937
v 0.515377 0.717842 -1.588466
v 0.515225 0.722611 -1.582452
v 0.515057 0.727722 -1.575837
v 0.514873 0.733219 -1.568563
v 0.514671 0.739146 -1.560572
v 0.514449 0.745547 -1.551807
v 0.514205 0.752466 -1.542211
v 0.513940 0.759947 -1.531725
v 0.513650 0.768033 -1.520293
v 0.513191 0.780808 -1.502187
v 0.512774 0.792427 -1.485759
v 0.512396 0.803014 -1.470841
v 0.512052 0.812692 -1.457262
v 0.511737 0.821583 -1.444853
v 0.511448 0.829812 -1.433442
v 0.511180 0.837501 -1.422862
v 0.510928 0.844772 -1.412941
v 0.510690 0.851749 -1.403509
v 0.510459 0.858554 -1.394397
v 0.510232 0.865312 -1.385435
v 0.510005 0.872144 -1.376453
v 0.509826 0.877559 -1.369382
v 0.509622 0.883754 -1.361323
v 0.509399 0.890523 -1.352541
v 0.509166 0.897660 -1.343303
v 0.508927 0.904959 -1.333874
v 0.508690 0.912215 -1.324517
v 0.508462 0.919222 -1.315500
v 0.508249 0.925773 -1.307086
v 0.508058 0.931662 -1.299542
v 0.507896 0.936685 -1.293133
v 0.507769 0.940635 -1.288123
v 0.507685 0.943306 -1.284778
v 0.507533 0.948090 -1.278789
v 0.507342 0.954021 -1.271234
v 0.507120 0.960859 -1.262429
v 0.506873 0.968365 -1.252690
v 0.506611 0.976298 -1.242332
v 0.506341 0.984419 -1.231670
v 0.506071 0.992488 -1.221021
v 0.505810 1.000266 -1.210700
v 0.505565 1.007512 -1.201022
v 0.505344 1.013987 -1.192304
v 0.505156 1.019451 -1.184860
v 0.505007 1.023664 -1.179006
v 0.504372 1.040734 -1.153985
v 0.503755 1.055931 -1.129699
v 0.503151 1.069317 -1.105955
v 0.502554 1.080954 -1.082560
v 0.501960 1.090905 -1.059321
v 0.501364 1.099233 -1.036045
v 0.500760 1.105999 -1.012537
v 0.500145 1.111266 -0.988606
v 0.499512 1.115096 -0.964056
v 0.498858 1.117552 -0.938696
v 0.498176 1.118696 -0.912332
v 0.497463 1.118591 -0.884771
v 0.497211 1.118300 -0.875050
v 0.496977 1.117924 -0.866007
v 0.496757 1.117450 -0.857523
v 0.496549 1.116861 -0.849481
v 0.496348 1.116144 -0.841764
v 0.496153 1.115282 -0.834252
v 0.495960 1.114262 -0.826830
v 0.495767 1.113069 -0.819378
v 0.495569 1.111687 -0.811779
v 0.495364 1.110103 -0.803915
v 0.495150 1.108300 -0.795668
v 0.494922 1.106265 -0.786922
v 0.494505 1.102015 -0.770935
v 0.494078 1.096814 -0.754583
v 0.493641 1.090678 -0.737895
v 0.493196 1.083625 -0.720904
v 0.492744 1.075669 -0.703639
v 0.492284 1.066828 -0.686133
v 0.491818 1.057119 -0.668416
v 0.491347 1.046557 -0.650520
v 0.490872 1.035158 -0.632476
v 0.490393 1.022941 -0.614315
v 0.489911 1.009920 -0.596068
v 0.489427 0.996112 -0.577767
v 0.489203 0.989474 -0.569309
v 0.488948 0.981769 -0.559680
v 0.488668 0.973191 -0.549111
v 0.488370 0.963935 -0.537832
v 0.488058 0.954194 -0.526075
v 0.487740 0.944163 -0.514071
v 0.487422 0.934034 -0.502050
v 0.487109 0.924001 -0.490244
v 0.486807 0.914259 -0.478884
v 0.486524 0.905002 -0.468200
v 0.486265 0.896422 -0.458423
v 0.486035 0.888715 -0.449785
v 0.485944 0.885617 -0.446350
v 0.485842 0.882150 -0.442508
v 0.485731 0.878374 -0.438323
v 0.485613 0.874348 -0.433862
v 0.485488 0.870130 -0.429189
v 0.485361 0.865779 -0.424370
v 0.485230 0.861355 -0.419470
v 0.485100 0.856917 -0.414555
v 0.484971 0.852522 -0.409689
v 0.484845 0.848231 -0.404939
v 0.484723 0.844103 -0.400369
v 0.484608 0.840195 -0.396044
v 0.484498 0.836440 -0.391888
v 0.484390 0.832754 -0.387808
v 0.484285 0.829176 -0.383847
v 0.484184 0.825745 -0.380048
v 0.484088 0.822500 -0.376455
v 0.484000 0.819479 -0.373109
v 0.483918 0.816723 -0.370055
v 0.483846 0.814268 -0.367334
v 0.483784 0.812154 -0.364991
v 0.483733 0.810420 -0.363068
v 0.483694 0.809105 -0.361609
v 0.483669 0.808248 -0.360655
v 0.483666 0.808160 -0.360557
v 0.483659 0.807916 -0.360285
v 0.483648 0.807549 -0.359875
v 0.483635 0.807087 -0.359361
v 0.483619 0.806564 -0.358778
v 0.483603 0.806009 -0.358160
v 0.483586 0.805455 -0.357542
v 0.483571 0.804932 -0.356959
v 0.483557 0.804470 -0.356444
v 0.483546 0.804103 -0.356034
v 0.483539 0.803859 -0.355763
v 0.483536 0.803771 -0.355665
v 0.480864 0.809490 -0.252244
v 0.479220 0.812945 -0.188622
v 0.477649 0.816115 -0.127829
v 0.476148 0.819005 -0.069718
v 0.474711 0.821622 -0.014142
v 0.473337 0.823971 0.039048
v 0.472019 0.826058 0.090001
v 0.470756 0.827889 0.138862
v 0.469543 0.829470 0.185782
v 0.468376 0.830807 0.230907
v 0.467252 0.831904 0.274386
v 0.466166 0.832769 0.316367
v 0.465115 0.833407 0.356997
v 0.464854 0.833542 0.367102
v 0.464584 0.833684 0.377547
v 0.464308 0.833832 0.388192
v 0.464031 0.833983 0.398901
v 0.463756 0.834136 0.409535
v 0.463487 0.834288 0.419956
v 0.463226 0.834438 0.430028
v 0.462978 0.834583 0.439612
v 0.462746 0.834722 0.448571
v 0.462534 0.834852 0.456767
v 0.462346 0.834971 0.464061
v 0.462184 0.835078 0.470318
v 0.461666 0.835284 0.490343
v 0.461048 0.835289 0.514194
v 0.460352 0.835111 0.541101
v 0.459596 0.834765 0.570288
v 0.458802 0.834269 0.600983
v 0.457988 0.833640 0.632416
v 0.457175 0.832895 0.663810
v 0.456383 0.832050 0.694396
v 0.455631 0.831123 0.723401
v 0.454941 0.830130 0.750050
v 0.454331 0.829088 0.773571
v 0.453823 0.828015 0.793193
v 0.452928 0.825767 0.827690
v 0.452101 0.823473 0.859576
v 0.451337 0.821110 0.889029
v 0.450632 0.818657 0.916226
v 0.449980 0.816091 0.941345
v 0.449377 0.813391 0.964564
v 0.448819 0.810534 0.986059
v 0.448300 0.807498 1.006008
v 0.447817 0.804262 1.024589
v 0.447364 0.800803 1.041979
v 0.446938 0.797098 1.058355
v 0.446532 0.793127 1.073896
v 0.446118 0.788588 1.089768
v 0.445730 0.783828 1.104630
v 0.445366 0.778802 1.118563
v 0.445023 0.773467 1.131643
v 0.444701 0.767778 1.143950
v 0.444396 0.761693 1.155561
v 0.444106 0.755167 1.166557
v 0.443830 0.748157 1.177014
v 0.443566 0.740618 1.187011
v 0.443311 0.732508 1.196627
v 0.443064 0.723782 1.205941
v 0.442822 0.714397 1.215030
v 0.442655 0.707330 1.221255
v 0.442499 0.699954 1.227083
v 0.442350 0.692093 1.232596
v 0.442208 0.683570 1.237874
v 0.442068 0.674210 1.242998
v 0.441929 0.663836 1.248051
v 0.441790 0.652272 1.253113
v 0.441647 0.639341 1.258265
v 0.441498 0.624867 1.263589
v 0.441342 0.608674 1.269166
v 0.441176 0.590586 1.275078
v 0.440997 0.570427 1.281405
v 0.440992 0.569879 1.281574
v 0.440979 0.568365 1.282042
v 0.440959 0.566078 1.282748
v 0.440934 0.563212 1.283633
v 0.440906 0.559958 1.284637
v 0.440875 0.556512 1.285701
v 0.440845 0.553065 1.286765
v 0.440817 0.549812 1.287770
v 0.440792 0.546945 1.288655
v 0.440772 0.544658 1.289361
v 0.440759 0.543145 1.289828
v 0.440754 0.542597 1.289998
v 0.439284 0.539780 1.346705
v 0.438941 0.539114 1.359951
v 0.438646 0.538516 1.371340
v 0.438391 0.537957 1.381169
v 0.438169 0.537409 1.389735
v 0.437972 0.536842 1.397336
v 0.437792 0.536228 1.404270
v 0.437621 0.535539 1.410834
v 0.437453 0.534745 1.417326
v 0.437278 0.533817 1.424043
v 0.437090 0.532728 1.431283
v 0.436881 0.531448 1.439343
v 0.436642 0.529948 1.448522
v 0.436005 0.525409 1.472991
v 0.435383 0.519948 1.496869
v 0.434777 0.513581 1.520124
v 0.434187 0.506321 1.542723
v 0.433613 0.498182 1.564636
v 0.433058 0.489179 1.585832
v 0.432522 0.479326 1.606279
v 0.432005 0.468637 1.625946
v 0.431508 0.457126 1.644802
v 0.431033 0.444807 1.662815
v 0.430580 0.431695 1.679955
v 0.430149 0.417803 1.696189
v 0.430054 0.414385 1.699779
v 0.429950 0.410355 1.703689
v 0.429838 0.405794 1.707857
v 0.429722 0.400782 1.712218
v 0.429602 0.395401 1.716708
v 0.429480 0.389730 1.721264
v 0.429357 0.383851 1.725822
v 0.429236 0.377845 1.730319
v 0.429119 0.371791 1.734690
v 0.429006 0.365771 1.738873
v 0.428900 0.359866 1.742803
v 0.428802 0.354155 1.746417
v 0.428587 0.340421 1.754341
v 0.428364 0.324718 1.762507
v 0.428138 0.307492 1.770745
v 0.427914 0.289191 1.778888
v 0.427696 0.270262 1.786768
v 0.427489 0.251150 1.794215
v 0.427298 0.232304 1.801062
v 0.427127 0.214170 1.807141
v 0.426981 0.197194 1.812283
v 0.426865 0.181824 1.816319
v 0.426784 0.168507 1.819082
v 0.426742 0.157689 1.820404
v 0.426734 0.153733 1.820594
v 0.426729 0.150238 1.820672
v 0.426728 0.147164 1.820625
v 0.426731 0.144472 1.820442
v 0.426738 0.142125 1.820110
v 0.426749 0.140083 1.819619
v 0.426765 0.138307 1.818956
v 0.426785 0.136759 1.818110
v 0.426811 0.135399 1.817069
v 0.426843 0.134189 1.815820
v 0.426880 0.133090 1.814354
v 0.426923 0.132063 1.812657
v 0.427005 0.130537 1.809437
v 0.427087 0.129575 1.806233
v 0.427171 0.129210 1.802980
v 0.427259 0.129475 1.799611
v 0.427351 0.130404 1.796061
v 0.427451 0.132030 1.792263
v 0.427559 0.134387 1.788152
v 0.427678 0.137507 1.783659
v 0.427808 0.141424 1.778722
v 0.427953 0.146171 1.773272
v 0.428113 0.151782 1.767243
v 0.428290 0.158290 1.760570
v 0.428457 0.164430 1.754312
v 0.428617 0.170166 1.748308
v 0.428770 0.175530 1.742517
v 0.428920 0.180558 1.736897
v 0.429065 0.185282 1.731406
v 0.429208 0.189736 1.726002
v 0.429350 0.193954 1.720644
v 0.429492 0.197969 1.715290
v 0.429634 0.201815 1.709898
v 0.429779 0.205526 1.704427
v 0.429926 0.209135 1.698834
v 0.430077 0.212676 1.693079
v 0.430420 0.220108 1.680054
v 0.430782 0.227198 1.666282
v 0.431162 0.233936 1.651795
v 0.431559 0.240311 1.636623
v 0.431973 0.246313 1.620800
v 0.432403 0.251931 1.604357
v 0.432847 0.257156 1.587325
v 0.433306 0.261977 1.569736
v 0.433778 0.266383 1.551624
v 0.434263 0.270365 1.533018
v 0.434759 0.273912 1.513951
v 0.435266 0.277014 1.494455
v 0.435551 0.278417 1.483452
v 0.435878 0.279668 1.470880
v 0.436236 0.280759 1.457046
v 0.436620 0.281680 1.442259
v 0.437020 0.282421 1.426828
v 0.437428 0.282976 1.411060
v 0.437837 0.283334 1.395264
v 0.438239 0.283486 1.379750
v 0.438625 0.283424 1.364824
v 0.438988 0.283138 1.350795
v 0.439319 0.282621 1.337971
v 0.439611 0.281862 1.326663
v 0.440085 0.280196 1.308326
v 0.440539 0.278311 1.290730
v 0.440988 0.276095 1.273314
v 0.441446 0.273435 1.255515
v 0.441929 0.270218 1.236772
v 0.442450 0.266331 1.216522
v 0.443024 0.261661 1.194204
v 0.443666 0.256096 1.169256
v 0.444389 0.249521 1.141116
v 0.445209 0.241824 1.109221
v 0.446139 0.232893 1.073010
v 0.447195 0.222613 1.031921
v 0.447610 0.218501 1.015772
v 0.448056 0.213980 0.998417
v 0.448533 0.209046 0.979838
v 0.449042 0.203694 0.960020
v 0.449583 0.197920 0.938946
v 0.450157 0.191719 0.916600
v 0.450763 0.185087 0.892965
v 0.451404 0.178019 0.868026
v 0.452078 0.170510 0.841765
v 0.452786 0.162556 0.814166
v 0.453529 0.154153 0.785214
v 0.454307 0.145296 0.754892
v 0.455275 0.134441 0.717164
v 0.456157 0.125008 0.682815
v 0.456963 0.116936 0.651460
v 0.457702 0.110163 0.622711
v 0.458384 0.104629 0.596184
v 0.459020 0.100271 0.571490
v 0.459619 0.097029 0.548246
v 0.460192 0.094842 0.526063
v 0.460747 0.093649 0.504557
v 0.461296 0.093387 0.483341
v 0.461848 0.093996 0.462029
v 0.462413 0.095415 0.440235
v -0.047362 0.074534 -0.096166
v 0.462413 0.095415 0.440235
v 0.462413 0.095415 0.440235
v 0.462413 0.095416 0.440235
v 0.462413 0.095416 0.440235
v 0.462413 0.095416 0.440235
v 0.462413 0.095416 0.440235
v 0.462413 0.095416 0.440235
v 0.462413 0.095416 0.440235
v 0.462413 0.095416 0.440235
v 0.462413 0.095416 0.440235
v 0.462429 0.352116 0.446985
v 0.462126 0.353706 0.458738
v 0.461817 0.355538 0.470724
v 0.461500 0.357629 0.483025
v 0.461174 0.359998 0.495722
v 0.460835 0.362664 0.508895
v 0.460482 0.365643 0.522626
v 0.460112 0.368954 0.536996
v 0.459724 0.372616 0.552085
v 0.459316 0.376646 0.567975
v 0.458885 0.381063 0.584746
v 0.458430 0.385884 0.602480
v 0.457948 0.391128 0.621258
v 0.457813 0.392615 0.626520
v 0.457674 0.394144 0.631928
v 0.457533 0.395693 0.637412
v 0.457392 0.397245 0.642902
v 0.457253 0.398779 0.648329
v 0.457117 0.400275 0.653624
v 0.456986 0.401713 0.658715
v 0.456863 0.403075 0.663533
v 0.456748 0.404340 0.668009
v 0.456644 0.405488 0.672073
v 0.456552 0.406500 0.675655
v 0.456474 0.407356 0.678685
v 0.456403 0.408138 0.681453
v 0.456330 0.408932 0.684270
v 0.456258 0.409730 0.687102
v 0.456186 0.410522 0.689914
v 0.456115 0.411297 0.692670
v 0.456046 0.412046 0.695337
v 0.455981 0.412760 0.697878
v 0.455920 0.413427 0.700259
v 0.455864 0.414039 0.702445
v 0.455814 0.414586 0.704401
v 0.455770 0.415057 0.706091
v 0.455735 0.415443 0.707482
v 0.455687 0.415952 0.709319
v 0.455611 0.416781 0.712308
v 0.455507 0.417904 0.716357
v 0.455378 0.419295 0.721371
v 0.455227 0.420927 0.727256
v 0.455056 0.422774 0.733917
v 0.454867 0.424812 0.741261
v 0.454664 0.427012 0.749194
v 0.454447 0.429350 0.757621
v 0.454221 0.431798 0.766448
v 0.453986 0.434332 0.775582
v 0.453746 0.436925 0.784927
v 0.452958 0.445383 0.815632
v 0.452176 0.453651 0.846079
v 0.451405 0.461691 0.876114
v 0.450648 0.469463 0.905583
v 0.449910 0.476929 0.934332
v 0.449193 0.484049 0.962209
v 0.448504 0.490785 0.989059
v 0.447844 0.497098 1.014729
v 0.447218 0.502950 1.039065
v 0.446631 0.508300 1.061913
v 0.446086 0.513110 1.083121
v 0.445587 0.517342 1.102534
v 0.445475 0.518273 1.106874
v 0.445367 0.519186 1.111062
v 0.445265 0.520070 1.115055
v 0.445168 0.520916 1.118815
v 0.445078 0.521715 1.122301
v 0.444997 0.522458 1.125472
v 0.444924 0.523134 1.128289
v 0.444862 0.523734 1.130712
v 0.444811 0.524249 1.132699
v 0.444772 0.524669 1.134212
v 0.444747 0.524984 1.135208
v 0.444735 0.525186 1.135649
v 0.444751 0.526244 1.135066
v 0.444840 0.527656 1.131692
v 0.444993 0.529363 1.125833
v 0.445202 0.531307 1.117794
v 0.445460 0.533431 1.107882
v 0.445759 0.535678 1.096401
v 0.446090 0.537989 1.083659
v 0.446447 0.540309 1.069961
v 0.446820 0.542577 1.055612
v 0.447201 0.544739 1.040918
v 0.447584 0.546734 1.026186
v 0.447960 0.548508 1.011720
v 0.449016 0.552819 0.971050
v 0.450149 0.556734 0.927372
v 0.451350 0.560236 0.881078
v 0.452607 0.563312 0.832561
v 0.453912 0.565946 0.782214
v 0.455254 0.568125 0.730429
v 0.456623 0.569833 0.677599
v 0.458008 0.571057 0.624117
v 0.459399 0.571781 0.570374
v 0.460786 0.571990 0.516766
v 0.462160 0.571671 0.463682
v 0.463509 0.570809 0.411518
v 0.463640 0.570699 0.406476
v 0.463777 0.570585 0.401159
v 0.463920 0.570470 0.395641
v 0.464066 0.570355 0.389999
v 0.464213 0.570240 0.384308
v 0.464360 0.570128 0.378643
v 0.464503 0.570020 0.373079
v 0.464643 0.569918 0.367693
v 0.464776 0.569822 0.362559
v 0.464900 0.569735 0.357754
v 0.465014 0.569658 0.353352
v 0.465115 0.569592 0.349429
v 0.465918 0.568960 0.318373
v 0.466891 0.567992 0.280755
v 0.467989 0.566749 0.238288
v 0.469168 0.565297 0.192686
v 0.470384 0.563698 0.145665
v 0.471592 0.562016 0.098938
v 0.472748 0.560314 0.054220
v 0.473808 0.558656 0.013226
v 0.474727 0.557105 -0.022330
v 0.475461 0.555724 -0.050733
v 0.475966 0.554578 -0.070270
v 0.476197 0.553729 -0.079224
v 0.476200 0.553705 -0.079336
v 0.476208 0.553637 -0.079644
v 0.476220 0.553535 -0.080111
v 0.476235 0.553407 -0.080695
v 0.476252 0.553261 -0.081359
v 0.476270 0.553107 -0.082061
v 0.476288 0.552952 -0.082764
v 0.476305 0.552807 -0.083428
v 0.476320 0.552679 -0.084012
v 0.476332 0.552576 -0.084478
v 0.476340 0.552509 -0.084787
v 0.476343 0.552484 -0.084899
v 0.476146 0.547197 -0.077442
v 0.476113 0.546302 -0.076186
v 0.476068 0.545092 -0.074496
v 0.476013 0.543597 -0.072414
v 0.475949 0.541847 -0.069983
v 0.475876 0.539873 -0.067244
v 0.475797 0.537705 -0.064239
v 0.475712 0.535373 -0.061009
v 0.475622 0.532907 -0.057598
v 0.475528 0.530337 -0.054046
v 0.475431 0.527694 -0.050395
v 0.475333 0.525008 -0.046689
v 0.475235 0.522310 -0.042967
v 0.474307 0.497478 -0.007833
v 0.473407 0.474701 0.026300
v 0.472532 0.453937 0.059527
v 0.471679 0.435142 0.091941
v 0.470846 0.418273 0.123637
v 0.470031 0.403287 0.154709
v 0.469231 0.390142 0.185250
v 0.468443 0.378794 0.215355
v 0.467666 0.369200 0.245118
v 0.466896 0.361318 0.274633
v 0.466132 0.355104 0.303993
v 0.465370 0.350516 0.333294
v 0.465174 0.349680 0.340860
v 0.464959 0.349025 0.349137
v 0.464729 0.348550 0.358016
v 0.464486 0.348253 0.367389
v 0.464234 0.348133 0.377146
v 0.463974 0.348189 0.387177
v 0.463710 0.348418 0.397372
v 0.463445 0.348819 0.407622
v 0.463182 0.349391 0.417818
v 0.462923 0.350132 0.427850
v 0.462671 0.351041 0.437609
v 0.499950 0.765679 -0.990989
v 0.499731 0.766151 -0.982519
v 0.499494 0.766662 -0.973362
v 0.499244 0.767204 -0.963659
v 0.498983 0.767769 -0.953551
v 0.498715 0.768349 -0.943178
v 0.498443 0.768937 -0.932682
v 0.498173 0.769524 -0.922203
v 0.497906 0.770102 -0.911883
v 0.497647 0.770665 -0.901863
v 0.497400 0.771203 -0.892283
v 0.497167 0.771708 -0.883284
v 0.496953 0.772174 -0.875008
v 0.496737 0.772646 -0.866628
v 0.496496 0.773168 -0.857328
v 0.496236 0.773734 -0.847263
v 0.495961 0.774333 -0.836586
v 0.495673 0.774957 -0.825454
v 0.495377 0.775598 -0.814019
v 0.495078 0.776247 -0.802438
v 0.494779 0.776895 -0.790864
v 0.494484 0.777533 -0.779453
v 0.494198 0.778153 -0.768359
v 0.493923 0.778746 -0.757736
v 0.493665 0.779304 -0.747740
v 0.493402 0.779876 -0.737581
v 0.493116 0.780511 -0.726484
v 0.492809 0.781197 -0.714625
v 0.492488 0.781924 -0.702181
v 0.492156 0.782683 -0.689327
v 0.491818 0.783462 -0.676240
v 0.491478 0.784250 -0.663097
v 0.491142 0.785038 -0.650073
v 0.490813 0.785814 -0.637345
v 0.490496 0.786568 -0.625089
v 0.490196 0.787290 -0.613482
v 0.489918 0.787969 -0.602699
v 0.489654 0.788611 -0.592483
v 0.489397 0.789222 -0.582525
v 0.489149 0.789799 -0.572928
v 0.488913 0.790335 -0.563793
v 0.488691 0.790825 -0.555219
v 0.488487 0.791263 -0.547310
v 0.488302 0.791644 -0.540165
v 0.488140 0.791962 -0.533886
v 0.488003 0.792213 -0.528574
v 0.487893 0.792389 -0.524331
v 0.487813 0.792487 -0.521257
v 0.487767 0.792500 -0.519454
v 0.487738 0.792486 -0.518327
v 0.487709 0.792504 -0.517225
v 0.487682 0.792553 -0.516158
v 0.487655 0.792631 -0.515137
v 0.487630 0.792736 -0.514174
v 0.487607 0.792866 -0.513281
v 0.487586 0.793018 -0.512469
v 0.487568 0.793192 -0.511750
v 0.487552 0.793386 -0.511135
v 0.487539 0.793596 -0.510634
v 0.487530 0.793822 -0.510261
v 0.487524 0.794062 -0.510026
v 0.487529 0.794953 -0.510199
v 0.487563 0.796393 -0.511460
v 0.487623 0.798337 -0.513737
v 0.487708 0.800739 -0.516957
v 0.487816 0.803552 -0.521048
v 0.487945 0.806730 -0.525937
v 0.488093 0.810229 -0.531552
v 0.488258 0.814000 -0.537820
v 0.488438 0.817999 -0.544669
v 0.488632 0.822179 -0.552027
v 0.488837 0.826495 -0.559820
v 0.489051 0.830900 -0.567978
v 0.489816 0.845470 -0.597108
v 0.490568 0.857872 -0.625803
v 0.491307 0.868110 -0.654093
v 0.492036 0.876185 -0.682014
v 0.492754 0.882102 -0.709598
v 0.493463 0.885863 -0.736878
v 0.494163 0.887473 -0.763887
v 0.494856 0.886934 -0.790659
v 0.495541 0.884249 -0.817226
v 0.496221 0.879422 -0.843622
v 0.496895 0.872456 -0.869880
v 0.497565 0.863355 -0.896032
v 0.497692 0.861351 -0.900990
v 0.497833 0.858994 -0.906502
v 0.497985 0.856339 -0.912455
v 0.498145 0.853444 -0.918733
v 0.498311 0.850363 -0.925223
v 0.498479 0.847155 -0.931809
v 0.498646 0.843876 -0.938377
v 0.498811 0.840581 -0.944813
v 0.498968 0.837327 -0.951003
v 0.499117 0.834171 -0.956831
v 0.499253 0.831170 -0.962184
v 0.499374 0.828379 -0.966947
v 0.499531 0.824582 -0.973111
v 0.499706 0.820192 -0.979991
v 0.499894 0.815336 -0.987406
v 0.500091 0.810140 -0.995176
v 0.500293 0.804730 -1.003119
v 0.500494 0.799234 -1.011054
v 0.500691 0.793776 -1.018802
v 0.500878 0.788483 -1.026180
v 0.501051 0.783483 -1.033008
v 0.501205 0.778900 -1.039106
v 0.501336 0.774862 -1.044292
v 0.501440 0.771494 -1.048385
v 0.501490 0.769764 -1.050387
v 0.501533 0.768273 -1.052074
v 0.501568 0.767003 -1.053457
v 0.501595 0.765936 -1.054548
v 0.501615 0.765055 -1.055358
v 0.501629 0.764343 -1.055899
v 0.501636 0.763782 -1.056181
v 0.501636 0.763353 -1.056216
v 0.501631 0.763041 -1.056016
v 0.501620 0.762826 -1.055592
v 0.501603 0.762692 -1.054955
v 0.501581 0.762620 -1.054116
v 0.501552 0.762622 -1.052987
v 0.501497 0.762681 -1.050850
v 0.501418 0.762796 -1.047784
v 0.501316 0.762961 -1.043864
v 0.501195 0.763174 -1.039167
v 0.501055 0.763431 -1.033771
v 0.500900 0.763727 -1.027751
v 0.500730 0.764060 -1.021185
v 0.500548 0.764425 -1.014149
v 0.500356 0.764819 -1.006720
v 0.500156 0.765238 -0.998974
v 0.441098 1.015571 1.290284
v 0.441121 1.016433 1.289404
v 0.441148 1.017567 1.288386
v 0.441179 1.018944 1.287250
v 0.441212 1.020538 1.286013
v 0.441247 1.022322 1.284696
v 0.441284 1.024268 1.283316
v 0.441323 1.026350 1.281893
v 0.441362 1.028540 1.280445
v 0.441401 1.030811 1.278992
v 0.441440 1.033137 1.277552
v 0.441478 1.035490 1.276144
v 0.441515 1.037843 1.274786
v 0.441831 1.056929 1.263130
v 0.442163 1.073911 1.250803
v 0.442517 1.088927 1.237525
v 0.442903 1.102111 1.223018
v 0.443326 1.113603 1.207001
v 0.443794 1.123537 1.189197
v 0.444314 1.132051 1.169327
v 0.444895 1.139281 1.147110
v 0.445542 1.145363 1.122269
v 0.446264 1.150436 1.094524
v 0.447067 1.154634 1.063596
v 0.447960 1.158095 1.029207
v 0.448252 1.158881 1.017955
v 0.448644 1.159661 1.002825
v 0.449115 1.160415 0.984626
v 0.449645 1.161126 0.964170
v 0.450213 1.161774 0.942268
v 0.450796 1.162340 0.919731
v 0.451375 1.162807 0.897370
v 0.451929 1.163154 0.875996
v 0.452435 1.163365 0.856419
v 0.452875 1.163420 0.839452
v 0.453225 1.163300 0.825905
v 0.453466 1.162987 0.816590
v 0.453512 1.162901 0.814795
v 0.453580 1.162807 0.812171
v 0.453668 1.162706 0.808793
v 0.453773 1.162600 0.804733
v 0.453893 1.162490 0.800064
v 0.454028 1.162379 0.794859
v 0.454174 1.162266 0.789192
v 0.454331 1.162155 0.783134
v 0.454496 1.162046 0.776761
v 0.454667 1.161941 0.770143
v 0.454843 1.161842 0.763355
v 0.455021 1.161749 0.756470
v 0.455209 1.161648 0.749205
v 0.455413 1.161526 0.741311
v 0.455630 1.161385 0.732913
v 0.455857 1.161228 0.724133
v 0.456091 1.161056 0.715094
v 0.456328 1.160872 0.705921
v 0.456566 1.160680 0.696736
v 0.456801 1.160481 0.687663
v 0.457029 1.160279 0.678825
v 0.457249 1.160074 0.670346
v 0.457455 1.159871 0.662349
v 0.457646 1.159672 0.654957
v 0.457851 1.159452 0.647040
v 0.458097 1.159191 0.637516
v 0.458380 1.158894 0.626575
v 0.458695 1.158564 0.614413
v 0.459036 1.158209 0.601221
v 0.459399 1.157833 0.587193
v 0.459778 1.157440 0.572520
v 0.460169 1.157037 0.557397
v 0.460567 1.156628 0.542016
v 0.460966 1.156219 0.526569
v 0.461363 1.155814 0.511250
v 0.461750 1.155420 0.496252
v 0.462404 1.154754 0.470996
v 0.463068 1.154071 0.445286
v 0.463737 1.153380 0.419444
v 0.464400 1.152689 0.393793
v 0.465050 1.152008 0.368654
v 0.465679 1.151345 0.344348
v 0.466277 1.150709 0.321197
v 0.466838 1.150109 0.299524
v 0.467352 1.149553 0.279650
v 0.467811 1.149051 0.261897
v 0.468207 1.148611 0.246586
v 0.468531 1.148242 0.234040
v 0.469049 1.147729 0.214021
v 0.469747 1.147163 0.187016
v 0.470593 1.146563 0.154314
v 0.471553 1.145946 0.117204
v 0.472594 1.145329 0.076973
v 0.473682 1.144731 0.034911
v 0.474784 1.144169 -0.007694
v 0.475867 1.143660 -0.049553
v 0.476897 1.143223 -0.089377
v 0.477841 1.142875 -0.125879
v 0.478667 1.142633 -0.157769
v 0.479339 1.142516 -0.183759
v 0.479473 1.142503 -0.188922
v 0.479613 1.142488 -0.194338
v 0.479758 1.142470 -0.199932
v 0.479905 1.142450 -0.205627
v 0.480053 1.142428 -0.211350
v 0.480200 1.142405 -0.217024
v 0.480344 1.142380 -0.222573
v 0.480482 1.142355 -0.227924
v 0.480613 1.142329 -0.232999
v 0.480736 1.142303 -0.237724
v 0.480847 1.142276 -0.242023
v 0.480945 1.142251 -0.245821
v 0.481045 1.142228 -0.249682
v 0.481161 1.142209 -0.254165
v 0.481291 1.142195 -0.259186
v 0.481433 1.142186 -0.264661
v 0.481584 1.142182 -0.270507
v 0.481743 1.142182 -0.276640
v 0.481907 1.142187 -0.282976
v 0.482074 1.142196 -0.289432
v 0.482242 1.142210 -0.295922
v 0.482408 1.142228 -0.302365
v 0.482572 1.142250 -0.308675
v 0.482729 1.142277 -0.314769
v 0.482905 1.142310 -0.321541
v 0.483119 1.142348 -0.329823
v 0.483368 1.142392 -0.339443
v 0.483647 1.142441 -0.350227
v 0.483952 1.142494 -0.362002
v 0.484278 1.142550 -0.374593
v 0.484620 1.142608 -0.387827
v 0.484975 1.142668 -0.401531
v 0.485337 1.142729 -0.415531
v 0.485703 1.142790 -0.429654
v 0.486067 1.142850 -0.443726
v 0.486426 1.142908 -0.457574
v 0.487500 1.143344 -0.499067
v 0.488931 1.144314 -0.554359
v 0.490649 1.145740 -0.620702
v 0.492582 1.147542 -0.695347
v 0.494659 1.149642 -0.775546
v 0.496809 1.151960 -0.858552
v 0.498961 1.154418 -0.941617
v 0.501043 1.156936 -1.021993
v 0.502984 1.159435 -1.096931
v 0.504713 1.161837 -1.163685
v 0.506160 1.164062 -1.219505
v 0.507252 1.166032 -1.261644
v 0.508322 1.168241 -1.302943
v 0.509237 1.170211 -1.338261
v 0.510012 1.172000 -1.368142
v 0.510660 1.173666 -1.393134
v 0.511196 1.175269 -1.413783
v 0.511633 1.176864 -1.430635
v 0.511986 1.178512 -1.444237
v 0.512269 1.180269 -1.455135
v 0.512497 1.182195 -1.463875
v 0.512683 1.184347 -1.471003
v 0.512842 1.186784 -1.477065
v 0.512987 1.189564 -1.482609
v 0.513059 1.191088 -1.485321
v 0.513126 1.192688 -1.487885
v 0.513195 1.194538 -1.490471
v 0.513268 1.196812 -1.493250
v 0.513352 1.199684 -1.496393
v 0.513449 1.203330 -1.500069
v 0.513566 1.207923 -1.504450
v 0.513707 1.213637 -1.509706
v 0.513875 1.220648 -1.516008
v 0.514076 1.229130 -1.523525
v 0.514314 1.239256 -1.532430
v 0.514593 1.251201 -1.542892
v 0.514725 1.256776 -1.547811
v 0.514865 1.262656 -1.553077
v 0.515013 1.268759 -1.558612
v 0.515166 1.274999 -1.564338
v 0.515322 1.281295 -1.570175
v 0.515478 1.287563 -1.576046
v 0.515634 1.293719 -1.581871
v 0.515786 1.299679 -1.587572
v 0.515932 1.305361 -1.593071
v 0.516071 1.310680 -1.598288
v 0.516200 1.315554 -1.603145
v 0.516318 1.319898 -1.607564
v 0.516430 1.324001 -1.611763
v 0.516542 1.328172 -1.615980
v 0.516653 1.332360 -1.620166
v 0.516763 1.336513 -1.624271
v 0.516869 1.340580 -1.628246
v 0.516970 1.344509 -1.632041
v 0.517065 1.348249 -1.635607
v 0.517152 1.351748 -1.638894
v 0.517231 1.354954 -1.641853
v 0.517300 1.357816 -1.644435
v 0.517358 1.360283 -1.646590
v 0.517403 1.362303 -1.648268
v 0.517577 1.370929 -1.654744
v 0.517716 1.378984 -1.659894
v 0.517820 1.386496 -1.663711
v 0.517890 1.393496 -1.666192
v 0.517924 1.400013 -1.667333
v 0.517923 1.406076 -1.667129
v 0.517887 1.411716 -1.665576
v 0.517816 1.416961 -1.662668
v 0.517709 1.421841 -1.658403
v 0.517567 1.426386 -1.652775
v 0.517389 1.430626 -1.645779
v 0.517176 1.434589 -1.637412
v 0.516942 1.438241 -1.628278
v 0.516576 1.443676 -1.613972
v 0.516092 1.450688 -1.595063
v 0.515504 1.459076 -1.572120
v 0.514828 1.468633 -1.545714
v 0.514077 1.479158 -1.516411
v 0.513267 1.490447 -1.484783
v 0.512412 1.502295 -1.451397
v 0.511526 1.514498 -1.416824
v 0.510625 1.526854 -1.381631
v 0.509722 1.539158 -1.346388
v 0.508832 1.551207 -1.311664
v 0.508759 1.552189 -1.308832
v 0.508669 1.553414 -1.305312
v 0.508563 1.554854 -1.301178
v 0.508444 1.556484 -1.296508
v 0.508312 1.558277 -1.291378
v 0.508171 1.560205 -1.285864
v 0.508022 1.562244 -1.280042
v 0.507867 1.564365 -1.273989
v 0.507708 1.566542 -1.267780
v 0.507547 1.568748 -1.261491
v 0.507385 1.570958 -1.255200
v 0.507226 1.573143 -1.248981
v 0.506979 1.576535 -1.239319
v 0.506745 1.579725 -1.230197
v 0.506519 1.582799 -1.221364
v 0.506293 1.585842 -1.212571
v 0.506063 1.588939 -1.203568
v 0.505820 1.592175 -1.194105
v 0.505559 1.595635 -1.183934
v 0.505274 1.599404 -1.172803
v 0.504958 1.603568 -1.160464
v 0.504604 1.608212 -1.146667
v 0.504207 1.613421 -1.131162
v 0.503759 1.619280 -1.113699
v 0.503678 1.620347 -1.110520
v 0.503582 1.621605 -1.106772
v 0.503473 1.623031 -1.102529
v 0.503353 1.624599 -1.097864
v 0.503225 1.626286 -1.092848
v 0.503089 1.628067 -1.087555
v 0.502948 1.629918 -1.082056
v 0.502804 1.631813 -1.076425
v 0.502658 1.633730 -1.070734
v 0.502513 1.635642 -1.065055
v 0.502369 1.637527 -1.059461
v 0.502230 1.639359 -1.054024
v 0.501027 1.654952 -1.007087
v 0.499717 1.671514 -0.955987
v 0.498325 1.688745 -0.901724
v 0.496878 1.706347 -0.845299
v 0.495401 1.724020 -0.787712
v 0.493919 1.741463 -0.729962
v 0.492459 1.758377 -0.673049
v 0.491046 1.774463 -0.617974
v 0.489705 1.789420 -0.565737
v 0.488462 1.802950 -0.517337
v 0.487344 1.814752 -0.473775
v 0.486375 1.824527 -0.436051
v 0.485139 1.836377 -0.387958
v 0.483987 1.846912 -0.343159
v 0.482913 1.856175 -0.301379
v 0.481909 1.864208 -0.262347
v 0.480968 1.871053 -0.225788
v 0.480083 1.876751 -0.191431
v 0.479247 1.881346 -0.159001
v 0.478453 1.884879 -0.128228
v 0.477694 1.887392 -0.098836
v 0.476964 1.888927 -0.070554
v 0.476254 1.889526 -0.043108
v 0.475558 1.889232 -0.016225
v 0.474844 1.888072 0.011327
v 0.474154 1.886104 0.037914
v 0.473487 1.883307 0.063630
v 0.472839 1.879655 0.088567
v 0.472208 1.875126 0.112819
v 0.471591 1.869696 0.136479
v 0.470987 1.863342 0.159639
v 0.470393 1.856041 0.182393
v 0.469806 1.847769 0.204834
v 0.469224 1.838502 0.227055
v 0.468645 1.828217 0.249148
v 0.468066 1.816892 0.271207
v 0.467800 1.811298 0.281320
v 0.467545 1.805606 0.290994
v 0.467300 1.799762 0.300293
v 0.467063 1.793714 0.309285
v 0.466832 1.787409 0.318035
v 0.466605 1.780794 0.326610
v 0.466381 1.773817 0.335075
v 0.466157 1.766424 0.343498
v 0.465933 1.758562 0.351943
v 0.465706 1.750180 0.360477
v 0.465474 1.741224 0.369166
v 0.465237 1.731642 0.378077
v 0.465001 1.721867 0.386888
v 0.464778 1.712358 0.395233
v 0.464566 1.703017 0.403186
v 0.464361 1.693747 0.410820
v 0.464163 1.684449 0.418208
v 0.463969 1.675025 0.425425
v 0.463778 1.665377 0.432544
v 0.463587 1.655408 0.439638
v 0.463394 1.645020 0.446782
v 0.463198 1.634113 0.454048
v 0.462996 1.622592 0.461511
v 0.462787 1.610356 0.469245
v 0.462563 1.596985 0.477524
v 0.462353 1.584165 0.485288
v 0.462154 1.571795 0.492593
v 0.461967 1.559770 0.499492
v 0.461789 1.547986 0.506041
v 0.461618 1.536340 0.512295
v 0.461454 1.524728 0.518307
v 0.461294 1.513047 0.524133
v 0.461138 1.501191 0.529827
v 0.460984 1.489059 0.535444
v 0.460830 1.476546 0.541040
v 0.460675 1.463548 0.546667
v 0.460618 1.458777 0.548713
v 0.460563 1.454155 0.550717
v 0.460509 1.449728 0.552657
v 0.460458 1.445541 0.554513
v 0.460410 1.441640 0.556265
v 0.460365 1.438070 0.557890
v 0.460325 1.434877 0.559369
v 0.460289 1.432105 0.560679
v 0.460258 1.429801 0.561802
v 0.460233 1.428010 0.562715
v 0.460214 1.426778 0.563398
v 0.460203 1.426149 0.563830
v 0.460186 1.425761 0.564458
v 0.460157 1.425430 0.565562
v 0.460115 1.425157 0.567178
v 0.460059 1.424941 0.569339
v 0.459988 1.424781 0.572079
v 0.459901 1.424676 0.575433
v 0.459798 1.424626 0.579435
v 0.459676 1.424630 0.584119
v 0.459537 1.424687 0.589520
v 0.459378 1.424796 0.595673
v 0.459198 1.424957 0.602611
v 0.458997 1.425169 0.610368
v 0.458128 1.426015 0.643986
v 0.457235 1.426641 0.678522
v 0.456330 1.427052 0.713502
v 0.455426 1.427252 0.748450
v 0.454534 1.427246 0.782891
v 0.453668 1.427039 0.816348
v 0.452840 1.426634 0.848345
v 0.452061 1.426037 0.878407
v 0.451345 1.425251 0.906059
v 0.450704 1.424281 0.930825
v 0.450149 1.423131 0.952228
v 0.449693 1.421806 0.969792
v 0.448758 1.417765 1.005835
v 0.447897 1.412424 1.038930
v 0.447108 1.405692 1.069238
v 0.446385 1.397480 1.096919
v 0.445726 1.387697 1.122133
v 0.445124 1.376252 1.145040
v 0.444577 1.363055 1.165801
v 0.444080 1.348017 1.184575
v 0.443629 1.331045 1.201524
v 0.443219 1.312050 1.216808
v 0.442847 1.290941 1.230586
v 0.442508 1.267628 1.243018
v 0.442412 1.260222 1.246502
v 0.442309 1.251884 1.250256
v 0.442200 1.242794 1.254210
v 0.442087 1.233131 1.258290
v 0.441973 1.223075 1.262428
v 0.441858 1.212805 1.266550
v 0.441746 1.202500 1.270587
v 0.441638 1.192340 1.274468
v 0.441536 1.182505 1.278120
v 0.441443 1.173173 1.281473
v 0.441359 1.164523 1.284456
v 0.441287 1.156736 1.286998
v 0.441196 1.145913 1.290231
v 0.441105 1.134245 1.293402
v 0.441017 1.121989 1.296463
v 0.440932 1.109404 1.299366
v 0.440853 1.096746 1.302063
v 0.440781 1.084274 1.304505
v 0.440716 1.072245 1.306644
v 0.440662 1.060916 1.308433
v 0.440618 1.050546 1.309823
v 0.440587 1.041391 1.310765
v 0.440569 1.033710 1.311212
v 0.440568 1.027760 1.311116
v 0.440571 1.025787 1.310943
v 0.440574 1.024012 1.310742
v 0.440579 1.022420 1.310506
v 0.440585 1.020994 1.310229
v 0.440593 1.019718 1.309904
v 0.440602 1.018576 1.309527
v 0.440612 1.017552 1.309090
v 0.440625 1.016629 1.308587
v 0.440639 1.015791 1.308013
v 0.440655 1.015023 1.307361
v 0.440674 1.014307 1.306626
v 0.440695 1.013628 1.305801
v 0.440731 1.012588 1.304369
v 0.440764 1.011754 1.303053
v 0.440796 1.011131 1.301826
v 0.440826 1.010723 1.300658
v 0.440855 1.010532 1.299526
v 0.440884 1.010562 1.298400
v 0.440914 1.010816 1.297255
v 0.440945 1.011298 1.296063
v 0.440978 1.012011 1.294797
v 0.441014 1.012959 1.293430
v 0.441054 1.014144 1.291935
v 0.482882 1.407057 -0.313083
v 0.481933 1.407218 -0.276396
v 0.481005 1.407407 -0.240524
v 0.480104 1.407622 -0.205693
v 0.479235 1.407861 -0.172127
v 0.478405 1.408122 -0.140051
v 0.477620 1.408402 -0.109690
v 0.476884 1.408700 -0.081268
v 0.476205 1.409012 -0.055011
v 0.475588 1.409338 -0.031144
v 0.475038 1.409674 -0.009889
v 0.474562 1.410019 0.008526
v 0.474165 1.410369 0.023877
v 0.474078 1.410453 0.027239
v 0.473959 1.410564 0.031825
v 0.473812 1.410699 0.037520
v 0.473639 1.410855 0.044207
v 0.473443 1.411031 0.051771
v 0.473228 1.411222 0.060094
v 0.472996 1.411427 0.069061
v 0.472750 1.411643 0.078555
v 0.472494 1.411867 0.088461
v 0.472230 1.412096 0.098661
v 0.471962 1.412328 0.109041
v 0.471692 1.412561 0.119484
v 0.471422 1.412794 0.129908
v 0.471155 1.413027 0.140235
v 0.470894 1.413258 0.150351
v 0.470640 1.413484 0.160143
v 0.470398 1.413703 0.169495
v 0.470171 1.413911 0.178295
v 0.469961 1.414106 0.186429
v 0.469770 1.414285 0.193783
v 0.469603 1.414446 0.200243
v 0.469462 1.414586 0.205695
v 0.469350 1.414701 0.210026
v 0.469270 1.414790 0.213121
v 0.469012 1.415091 0.223120
v 0.468709 1.415436 0.234841
v 0.468366 1.415819 0.248093
v 0.467989 1.416234 0.262682
v 0.467582 1.416677 0.278415
v 0.467150 1.417142 0.295099
v 0.466699 1.417623 0.312541
v 0.466234 1.418115 0.330548
v 0.465759 1.418614 0.348926
v 0.465279 1.419113 0.367483
v 0.464799 1.419607 0.386026
v 0.464325 1.420091 0.404361
v 0.464061 1.420367 0.414577
v 0.463803 1.420653 0.424555
v 0.463554 1.420944 0.434192
v 0.463316 1.421237 0.443387
v 0.463092 1.421528 0.452035
v 0.462885 1.421813 0.460036
v 0.462698 1.422089 0.467287
v 0.462533 1.422351 0.473684
v 0.462392 1.422597 0.479126
v 0.462279 1.422821 0.483510
v 0.462195 1.423021 0.486733
v 0.462145 1.423193 0.488694
v 0.462140 1.423215 0.488880
v 0.462127 1.423277 0.489392
v 0.462107 1.423370 0.490166
v 0.462082 1.423487 0.491136
v 0.462054 1.423620 0.492237
v 0.462023 1.423760 0.493403
v 0.461993 1.423901 0.494570
v 0.461965 1.424033 0.495671
v 0.461940 1.424150 0.496641
v 0.461920 1.424243 0.497415
v 0.461907 1.424305 0.497927
v 0.461902 1.424328 0.498112
v 0.462245 1.442425 0.485388
v 0.462368 1.448628 0.480812
v 0.462514 1.455515 0.475353
v 0.462680 1.462930 0.469157
v 0.462861 1.470719 0.462371
v 0.463054 1.478726 0.455143
v 0.463255 1.486795 0.447620
v 0.463460 1.494773 0.439947
v 0.463664 1.502503 0.432273
v 0.463864 1.509830 0.424744
v 0.464056 1.516600 0.417507
v 0.464237 1.522657 0.410709
v 0.464402 1.527845 0.404497
v 0.464647 1.535092 0.395211
v 0.464899 1.542157 0.385675
v 0.465157 1.549026 0.375913
v 0.465420 1.555686 0.365947
v 0.465687 1.562124 0.355797
v 0.465959 1.568328 0.345487
v 0.466234 1.574285 0.335037
v 0.466511 1.579983 0.324471
v 0.466791 1.585407 0.313809
v 0.467073 1.590545 0.303074
v 0.467356 1.595386 0.292287
v 0.467639 1.599915 0.281471
v 0.468011 1.605315 0.267245
v 0.468399 1.610285 0.252407
v 0.468801 1.614819 0.236989
v 0.469217 1.618911 0.221025
v 0.469646 1.622554 0.204548
v 0.470088 1.625745 0.187591
v 0.470540 1.628476 0.170185
v 0.471003 1.630743 0.152366
v 0.471475 1.632538 0.134164
v 0.471956 1.633858 0.115615
v 0.472445 1.634696 0.096750
v 0.472941 1.635047 0.077602
v 0.473795 1.634682 0.044592
v 0.474662 1.633199 0.011063
v 0.475547 1.630551 -0.023243
v 0.476459 1.626692 -0.058586
v 0.477404 1.621574 -0.095222
v 0.478387 1.615150 -0.133409
v 0.479416 1.607375 -0.173405
v 0.480498 1.598200 -0.215469
v 0.481639 1.587580 -0.259857
v 0.482846 1.575467 -0.306828
v 0.484124 1.561815 -0.356640
v 0.485482 1.546576 -0.409550
v 0.486442 1.535535 -0.446958
v 0.487506 1.523236 -0.488423
v 0.488639 1.510094 -0.532565
v 0.489805 1.496524 -0.578001
v 0.490968 1.482942 -0.623352
v 0.492094 1.469763 -0.667235
v 0.493147 1.457403 -0.708271
v 0.494091 1.446276 -0.745078
v 0.494892 1.436798 -0.776275
v 0.495512 1.429385 -0.800481
v 0.495919 1.424451 -0.816316
v 0.496074 1.422412 -0.822398
v 0.495907 1.421293 -0.815969
v 0.495366 1.419906 -0.795097
v 0.494512 1.418324 -0.762150
v 0.493407 1.416617 -0.719496
v 0.492112 1.414857 -0.669504
v 0.490688 1.413116 -0.614543
v 0.489198 1.411465 -0.556983
v 0.487701 1.409975 -0.499190
v 0.486260 1.408718 -0.443536
v 0.484935 1.407765 -0.392387
v 0.483789 1.407187 -0.348113
v 0.455908 1.678330 0.737012
v 0.458451 1.779364 0.641639
v 0.455902 1.874965 0.742886
v 0.453353 1.970566 0.844133
v 0.450809 1.869038 0.939515
v 0.448265 1.767509 1.034898
v 0.450815 1.672403 0.933642
v 0.453365 1.577296 0.832385
vn -0.9997 0.0007 -0.0259
vn 0.9997 -0.0007 0.0259
vn 0.9997 -0.0007 0.0254
vn -0.0259 -0.0287 0.9993
vn 0.9984 -0.0016 0.0571
vn 0.0005 0.9999 0.0110
vn -0.0072 0.9522 0.3054
vn 0.0059 0.9795 -0.2014
vn -0.0138 0.8298 0.5578
vn 0.0080 0.9599 -0.2802
vn -0.0184 0.6811 0.7319
vn -0.0182 -0.7290 0.6843
vn -0.0206 0.5799 0.8144
vn -0.0027 -0.9970 0.0769
vn 0.0033 -0.9879 -0.1549
vn 0.0090 0.9477 -0.3191
vn 0.0099 -0.9124 -0.4092
vn 0.0089 0.9479 -0.3185
vn -0.0221 0.4978 0.8670
vn -0.0076 -0.9645 0.2641
vn 0.0090 0.9472 -0.3206
vn 0.0143 -0.8179 -0.5751
vn 0.0093 0.9435 -0.3313
vn 0.0092 0.9442 -0.3293
vn 0.0181 -0.6933 -0.7204
vn -0.0234 0.3974 0.9173
vn 0.0093 0.9424 -0.3342
vn 0.0002 0.9998 0.0199
vn -0.0231 0.4277 0.9036
vn -0.0082 -0.9575 0.2882
vn 0.0014 0.9996 -0.0273
vn -0.0018 0.9950 0.0995
vn 0.0038 0.9928 -0.1201
vn 0.0038 0.9928 -0.1195
vn -0.0066 0.9587 0.2843
vn 0.0018 0.9992 -0.0409
vn 0.0014 0.9997 -0.0263
vn 0.0015 0.9996 -0.0284
vn 0.0014 0.9997 -0.0243
vn 0.0013 0.9998 -0.0222
vn 0.0013 0.9997 -0.0233
vn 0.0010 0.9999 -0.0119
vn 0.0004 0.9999 0.0131
vn -0.0005 0.9988 0.0480
vn 0.0117 0.9038 -0.4278
vn 0.0241 -0.3342 -0.9422
vn -0.0225 0.4707 0.8820
vn 0.0183 -0.6849 -0.7284
vn 0.0176 -0.7132 -0.7007
vn -0.0239 0.3569 0.9338
vn 0.0186 -0.6762 -0.7365
vn 0.0002 -0.9994 -0.0347
vn -0.0016 -0.9994 0.0336
vn -0.0012 -0.9998 0.0184
vn -0.0012 -0.9998 0.0179
vn -0.0014 -0.9996 0.0269
vn -0.0014 -0.9996 0.0266
vn 0.0073 -0.9509 -0.3093
vn 0.0185 -0.6771 -0.7357
vn -0.0250 0.2248 0.9741
vn -0.0015 -0.9996 0.0294
vn 0.0109 -0.8940 -0.4480
vn -0.0011 -0.9999 0.0121
vn -0.0008 -1.0000 0.0035
vn -0.0009 -1.0000 0.0068
vn -0.0007 -1.0000 -0.0014
vn 0.0010 -0.9978 -0.0665
vn -0.0006 -1.0000 -0.0045
vn -0.0006 -1.0000 -0.0042
vn 0.0001 -0.9995 -0.0313
vn -0.0007 0.9984 0.0558
vn -0.0048 0.9769 0.2134
vn 0.0079 0.9610 -0.2764
vn 0.0220 -0.4999 -0.8658
vn -0.0259 -0.0162 0.9995
vn 0.0200 -0.6131 -0.7898
vn -0.0231 -0.4785 0.8778
vn -0.0092 -0.9439 0.3302
vn -0.0118 0.8770 0.4803
vn 0.0159 0.8062 -0.5914
vn -0.0157 0.7766 0.6298
vn 0.0165 0.7899 -0.6130
vn -0.0165 0.7517 0.6593
vn 0.0165 0.7897 -0.6132
vn -0.0013 -0.9998 0.0201
vn -0.0168 0.7423 0.6698
vn -0.0002 0.9993 0.0372
vn 0.0007 1.0000 -0.0002
vn 0.0011 0.9999 -0.0146
vn -0.0023 0.9933 0.1155
vn 0.0014 0.9997 -0.0252
vn -0.0115 -0.9081 0.4186
vn 0.0162 0.7985 -0.6017
vn -0.0168 0.7422 0.6700
vn -0.0072 0.9524 0.3049
vn 0.0116 -0.8800 -0.4749
vn 0.0021 0.9986 -0.0520
vn -0.0137 -0.8629 0.5052
vn -0.0168 0.7431 0.6690
vn -0.0167 0.7445 0.6675
vn 0.0149 -0.8017 -0.5975
vn 0.0068 0.9720 -0.2349
vn 0.0009 1.0000 -0.0072
vn -0.0161 0.7645 0.6444
vn 0.0023 0.9983 -0.0585
vn 0.0023 0.9982 -0.0603
vn -0.0157 -0.8127 0.5825
vn 0.0156 0.8156 -0.5784
vn 0.0022 0.9984 -0.0557
vn 0.0022 0.9984 -0.0560
vn 0.0022 0.9984 -0.0559
vn -0.0186 -0.7152 0.6987
vn 0.0020 0.9987 -0.0506
vn -0.0015 0.9964 0.0847
vn -0.0229 0.4380 0.8987
vn 0.0162 0.7979 -0.6026
vn 0.0258 -0.0670 -0.9974
vn 0.0258 -0.0671 -0.9974
vn -0.0245 0.2951 0.9552
vn 0.0227 -0.4564 -0.8895
vn 0.0006 -0.9986 -0.0522
vn -0.0245 0.2951 0.9551
vn -0.0013 -0.9998 0.0218
vn -0.0012 -0.9998 0.0186
vn -0.0012 0.9972 0.0743
vn 0.0033 -0.9877 -0.1561
vn -0.0040 0.9832 0.1823
vn -0.0016 -0.9994 0.0339
vn 0.0223 -0.4826 -0.8756
vn 0.0065 0.9747 -0.2233
vn -0.0063 -0.9768 0.2141
vn -0.0063 -0.9768 0.2143
vn -0.0145 0.8118 0.5838
vn -0.0024 -0.9980 0.0629
vn 0.0196 -0.6323 -0.7745
vn 0.0068 0.9723 -0.2336
vn -0.0146 0.8097 0.5867
vn 0.0169 -0.7367 -0.6760
vn -0.0128 0.8536 0.5208
vn -0.0024 -0.9980 0.0626
vn -0.0024 -0.9980 0.0631
vn 0.0076 0.9641 -0.2654
vn -0.0025 -0.9978 0.0669
vn -0.0024 -0.9979 0.0644
vn 0.0124 -0.8628 -0.5053
vn 0.0166 -0.7471 -0.6645
vn -0.0194 0.6408 0.7675
vn -0.0024 -0.9980 0.0636
vn 0.0076 0.9636 -0.2671
vn 0.0077 0.9630 -0.2694
vn 0.0008 -0.9982 -0.0598
vn 0.0077 0.9624 -0.2716
vn 0.0077 0.9623 -0.2717
vn -0.0220 0.4999 0.8658
vn -0.0084 0.9358 0.3525
vn 0.0071 0.9693 -0.2457
vn 0.0042 0.9910 -0.1340
vn 0.0037 0.9935 -0.1138
vn -0.0001 0.9995 0.0316
vn 0.0155 -0.7831 -0.6217
vn 0.0005 -0.9988 -0.0480
vn -0.0031 -0.9959 0.0904
vn 0.0054 -0.9717 -0.2362
vn -0.0066 -0.9738 0.2273
vn 0.0122 -0.8686 -0.4954
vn -0.0245 0.2900 0.9567
vn 0.0163 -0.7582 -0.6518
vn -0.0075 -0.9645 0.2641
vn 0.0131 -0.8464 -0.5323
vn -0.0257 -0.1400 0.9898
vn 0.0155 -0.7835 -0.6212
vn -0.0117 -0.9037 0.4279
vn -0.0079 -0.9610 0.2763
vn 0.0083 -0.9377 -0.3475
vn -0.0022 -0.9985 0.0554
vn 0.0259 0.0287 -0.9993
vn -0.0003 0.9991 0.0421
vn 0.0055 0.9829 -0.1839
vn -0.0082 0.9383 0.3457
vn -0.0145 0.8114 0.5843
vn 0.0078 0.9614 -0.2751
vn -0.0187 0.6697 0.7424
vn -0.0209 0.5668 0.8236
vn 0.0025 -0.9920 -0.1261
vn -0.0035 -0.9941 0.1085
vn 0.0089 0.9490 -0.3150
vn 0.0093 -0.9224 -0.3860
vn -0.0223 0.4859 0.8737
vn 0.0090 0.9475 -0.3195
vn 0.0138 -0.8315 -0.5553
vn -0.0079 -0.9610 0.2766
vn 0.0093 0.9436 -0.3310
vn 0.0092 0.9441 -0.3297
vn 0.0178 -0.7047 -0.7093
vn -0.0235 0.3943 0.9187
vn 0.0093 0.9430 -0.3326
vn 0.0207 -0.5753 -0.8177
vn -0.0000 0.9996 0.0284
vn -0.0229 0.4381 0.8986
vn 0.0014 0.9997 -0.0251
vn -0.0008 0.9983 0.0583
vn -0.0082 -0.9572 0.2892
vn 0.0019 0.9990 -0.0450
vn 0.0014 0.9996 -0.0270
vn -0.0087 0.9323 0.3615
vn 0.0015 0.9996 -0.0281
vn 0.0014 0.9997 -0.0248
vn 0.0013 0.9998 -0.0223
vn 0.0013 0.9997 -0.0231
vn 0.0011 0.9999 -0.0136
vn 0.0009 1.0000 -0.0044
vn 0.0006 1.0000 0.0037
vn -0.0003 0.9992 0.0400
vn 0.0103 0.9286 -0.3710
vn 0.0254 -0.1725 -0.9847
vn 0.0185 -0.6784 -0.7345
vn -0.0231 0.4258 0.9045
vn 0.0175 -0.7154 -0.6985
vn 0.0185 -0.6800 -0.7330
vn -0.0240 0.3482 0.9371
vn -0.0000 -0.9996 -0.0296
vn -0.0020 -0.9989 0.0478
vn -0.0012 -0.9999 0.0171
vn -0.0012 -0.9998 0.0190
vn -0.0015 -0.9996 0.0277
vn 0.0054 -0.9713 -0.2377
vn 0.0187 -0.6686 -0.7434
vn -0.0014 -0.9996 0.0265
vn -0.0014 -0.9996 0.0270
vn -0.0014 -0.9997 0.0256
vn 0.0120 -0.8718 -0.4897
vn -0.0251 0.2085 0.9777
vn -0.0010 -0.9999 0.0110
vn -0.0008 -1.0000 0.0038
vn -0.0009 -1.0000 0.0060
vn 0.0013 -0.9970 -0.0773
vn -0.0007 -1.0000 -0.0021
vn -0.0005 -0.9999 -0.0105
vn 0.0001 -0.9994 -0.0333
vn 0.0217 -0.5213 -0.8531
vn -0.0011 0.9973 0.0730
vn -0.0051 0.9740 0.2265
vn 0.0063 0.9766 -0.2148
vn -0.0258 -0.0871 0.9959
vn 0.0204 -0.5942 -0.8040
vn -0.0218 -0.5656 0.8244
vn -0.0050 -0.9861 0.1662
vn -0.0125 0.8613 0.5080
vn 0.0157 0.8117 -0.5839
vn -0.0158 0.7731 0.6341
vn 0.0164 0.7922 -0.6101
vn 0.0165 0.7891 -0.6140
vn -0.0167 0.7463 0.6654
vn -0.0033 -0.9949 0.1005
vn -0.0004 0.9990 0.0442
vn 0.0006 1.0000 0.0066
vn -0.0168 0.7423 0.6699
vn 0.0011 0.9999 -0.0148
vn 0.0013 0.9998 -0.0206
vn -0.0027 0.9913 0.1317
vn 0.0162 0.7960 -0.6051
vn 0.0109 -0.8944 -0.4471
vn -0.0118 -0.9035 0.4285
vn -0.0168 0.7422 0.6699
vn 0.0020 0.9988 -0.0496
vn -0.0081 0.9407 0.3391
vn -0.0142 -0.8515 0.5242
vn -0.0167 0.7437 0.6683
vn -0.0167 0.7444 0.6675
vn 0.0140 -0.8241 -0.5663
vn 0.0085 0.9541 -0.2993
vn 0.0004 0.9999 0.0126
vn 0.0022 0.9984 -0.0570
vn 0.0156 0.8144 -0.5801
vn 0.0023 0.9981 -0.0608
vn -0.0171 0.7299 0.6834
vn -0.0159 -0.8069 0.5905
vn 0.0022 0.9984 -0.0562
vn 0.0022 0.9985 -0.0556
vn 0.0022 0.9985 -0.0550
vn -0.0195 -0.6771 0.7356
vn 0.0021 0.9987 -0.0518
vn 0.0008 1.0000 -0.0010
vn -0.0234 0.4011 0.9157
vn 0.0160 0.8033 -0.5954
vn 0.0182 0.7293 -0.6840
vn 0.0234 -0.4011 -0.9157
vn 0.0003 -0.9991 -0.0420
vn -0.0013 -0.9998 0.0213
vn -0.0012 -0.9998 0.0181
vn -0.0015 0.9961 0.0881
vn 0.0030 -0.9894 -0.1454
vn -0.0017 -0.9994 0.0359
vn -0.0050 0.9748 0.2228
vn 0.0093 -0.9226 -0.3857
vn 0.0066 0.9737 -0.2278
vn -0.0063 -0.9768 0.2142
vn 0.0199 -0.6150 -0.7883
vn -0.0145 0.8114 0.5844
vn -0.0143 0.8167 0.5769
vn -0.0140 0.8255 0.5642
vn -0.0024 -0.9980 0.0633
vn 0.0075 0.9651 -0.2619
vn 0.0167 -0.7440 -0.6680
vn -0.0025 -0.9977 0.0679
vn 0.0137 -0.8326 -0.5537
vn -0.0024 -0.9979 0.0641
vn -0.0197 0.6265 0.7792
vn -0.0024 -0.9980 0.0637
vn -0.0023 -0.9982 0.0605
vn 0.0077 0.9631 -0.2689
vn 0.0017 -0.9956 -0.0937
vn 0.0077 0.9625 -0.2713
vn 0.0073 0.9670 -0.2545
vn -0.0226 0.4615 0.8869
vn -0.0072 0.9518 0.3066
vn 0.0046 0.9885 -0.1509
vn 0.0004 0.9999 0.0123
vn 0.0157 -0.7766 -0.6298
vn 0.0002 -0.9994 -0.0351
vn -0.0035 -0.9943 0.1064
vn 0.0047 -0.9779 -0.2092
vn -0.0068 -0.9721 0.2344
vn 0.0112 -0.8892 -0.4575
vn -0.0248 0.2541 0.9669
vn 0.0159 -0.7717 -0.6357
vn -0.0076 -0.9636 0.2672
vn 0.0137 -0.8336 -0.5522
vn 0.0164 -0.7542 -0.6565
vn -0.0253 -0.2339 0.9719
vn -0.0082 -0.9578 0.2875
vn -0.0076 -0.9643 0.2646
vn 0.0089 -0.9282 -0.3720
vn 0.0028 -0.9905 -0.1371
vn 0.0019 -0.9950 -0.1003
vn -0.0011 -0.9999 0.0123
vn -0.0012 0.9973 0.0738
vn 0.0050 0.9865 -0.1635
vn -0.0093 0.9230 0.3847
vn 0.0183 -0.6866 -0.7268
vn -0.0152 0.7919 0.6105
vn 0.0077 0.9631 -0.2690
vn -0.0190 0.6597 0.7512
vn -0.0211 0.5546 0.8318
vn 0.0087 0.9513 -0.3081
vn 0.0018 -0.9952 -0.0981
vn -0.0043 -0.9904 0.1382
vn 0.0085 -0.9349 -0.3547
vn 0.0090 0.9478 -0.3187
vn 0.0090 0.9478 -0.3188
vn 0.0132 -0.8445 -0.5354
vn -0.0224 0.4732 0.8807
vn 0.0092 0.9440 -0.3299
vn -0.0080 -0.9591 0.2829
vn 0.0092 0.9440 -0.3300
vn 0.0175 -0.7168 -0.6971
vn -0.0234 0.3979 0.9171
vn 0.0204 -0.5938 -0.8044
vn -0.0003 0.9992 0.0391
vn 0.0012 0.9998 -0.0181
vn -0.0227 0.4543 0.8906
vn -0.0001 0.9995 0.0312
vn 0.0021 0.9987 -0.0511
vn 0.0015 0.9996 -0.0286
vn 0.0015 0.9996 -0.0278
vn -0.0082 -0.9568 0.2905
vn 0.0014 0.9997 -0.0255
vn -0.0109 0.8946 0.4467
vn 0.0013 0.9997 -0.0226
vn 0.0013 0.9997 -0.0230
vn 0.0012 0.9999 -0.0158
vn 0.0009 1.0000 -0.0052
vn 0.0099 0.9349 -0.3549
vn -0.0002 0.9994 0.0352
vn 0.0259 0.0336 -0.9991
vn 0.0187 -0.6699 -0.7422
vn -0.0233 0.4107 0.9115
vn 0.0177 -0.7111 -0.7029
vn 0.0184 -0.6837 -0.7295
vn -0.0241 0.3383 0.9407
vn -0.0001 -0.9997 -0.0251
vn -0.0017 -0.9994 0.0358
vn 0.0189 -0.6634 -0.7480
vn -0.0012 -0.9999 0.0158
vn 0.0039 -0.9837 -0.1797
vn -0.0013 -0.9998 0.0199
vn -0.0015 -0.9996 0.0274
vn -0.0014 -0.9996 0.0264
vn -0.0014 -0.9996 0.0272
vn -0.0013 -0.9998 0.0209
vn 0.0131 -0.8484 -0.5291
vn -0.0010 -1.0000 0.0095
vn -0.0008 -1.0000 0.0041
vn 0.0017 -0.9956 -0.0942
vn -0.0252 0.1922 0.9810
vn -0.0007 -1.0000 -0.0028
vn -0.0003 -0.9998 -0.0176
vn 0.0002 -0.9994 -0.0360
vn 0.0205 -0.5876 -0.8089
vn -0.0017 0.9957 0.0925
vn 0.0047 0.9881 -0.1540
vn -0.0059 0.9665 0.2568
vn -0.0258 -0.1127 0.9933
vn 0.0207 -0.5785 -0.8154
vn -0.0202 -0.6468 0.7624
vn -0.0001 -0.9996 -0.0266
vn -0.0132 0.8455 0.5338
vn 0.0152 0.8262 -0.5632
vn -0.0159 0.7702 0.6377
vn 0.0163 0.7940 -0.6077
vn 0.0165 0.7883 -0.6150
vn -0.0168 0.7427 0.6694
vn -0.0054 -0.9837 0.1797
vn -0.0007 0.9985 0.0546
vn 0.0004 0.9999 0.0119
vn 0.0011 0.9999 -0.0151
vn 0.0011 0.9999 -0.0157
vn 0.0096 -0.9180 -0.3965
vn -0.0032 0.9886 0.1504
vn 0.0163 0.7941 -0.6076
vn -0.0120 -0.8991 0.4376
vn 0.0020 0.9989 -0.0470
vn -0.0091 0.9260 0.3775
vn -0.0145 -0.8431 0.5376
vn -0.0167 0.7445 0.6674
vn 0.0135 -0.8385 -0.5448
vn 0.0157 0.8130 -0.5821
vn 0.0107 0.9216 -0.3879
vn 0.0012 0.9999 -0.0167
vn 0.0022 0.9985 -0.0553
vn 0.0023 0.9981 -0.0614
vn -0.0181 0.6958 0.7180
vn -0.0161 -0.7995 0.6005
vn 0.0021 0.9986 -0.0529
vn -0.0211 -0.6046 0.7963
vn 0.0015 0.9996 -0.0279
vn 0.0159 0.8077 -0.5894
vn -0.0238 0.3703 0.9286
vn 0.0180 0.7369 -0.6757
vn 0.0242 -0.3300 -0.9437
vn 0.0001 -0.9995 -0.0323
vn -0.0013 -0.9998 0.0208
vn -0.0245 0.2962 0.9548
vn -0.0012 -0.9998 0.0175
vn -0.0020 0.9945 0.1044
vn 0.0027 -0.9910 -0.1342
vn -0.0017 -0.9993 0.0380
vn -0.0061 0.9645 0.2639
vn 0.0065 -0.9601 -0.2795
vn 0.0201 -0.6055 -0.7956
vn 0.0068 0.9724 -0.2332
vn 0.0064 0.9752 -0.2210
vn -0.0145 0.8111 0.5848
vn -0.0024 -0.9980 0.0628
vn -0.0137 0.8319 0.5548
vn -0.0151 0.7943 0.6073
vn 0.0074 0.9660 -0.2584
vn 0.0168 -0.7410 -0.6713
vn -0.0024 -0.9980 0.0634
vn 0.0148 -0.8024 -0.5965
vn -0.0025 -0.9977 0.0672
vn -0.0024 -0.9980 0.0638
vn -0.0200 0.6129 0.7899
vn -0.0021 -0.9987 0.0512
vn 0.0077 0.9633 -0.2684
vn 0.0028 -0.9909 -0.1347
vn 0.0077 0.9625 -0.2710
vn 0.0075 0.9650 -0.2622
vn -0.0060 0.9662 0.2579
vn -0.0230 0.4316 0.9018
vn 0.0051 0.9859 -0.1675
vn 0.0159 -0.7710 -0.6366
vn 0.0009 1.0000 -0.0055
vn -0.0002 -0.9997 -0.0226
vn 0.0040 -0.9831 -0.1828
vn -0.0040 -0.9920 0.1261
vn 0.0102 -0.9068 -0.4215
vn -0.0069 -0.9709 0.2393
vn 0.0154 -0.7859 -0.6182
vn -0.0252 0.2033 0.9788
vn 0.0141 -0.8220 -0.5693
vn -0.0077 -0.9628 0.2700
vn 0.0171 -0.7321 -0.6809
vn -0.0245 -0.3498 0.9365
vn -0.0036 -0.9938 0.1114
vn 0.0096 -0.9184 -0.3955
vn -0.0072 -0.9684 0.2491
vn 0.0037 -0.9851 -0.1721
vn -0.0000 -0.9996 -0.0286
vn 0.0183 0.7272 -0.6862
vn -0.0021 0.9941 0.1081
vn 0.0044 0.9901 -0.1402
vn -0.0102 0.9066 0.4218
vn 0.0075 0.9652 -0.2613
vn -0.0159 0.7718 0.6357
vn -0.0192 0.6484 0.7611
vn 0.0085 0.9531 -0.3025
vn -0.0213 0.5438 0.8389
vn 0.0011 -0.9975 -0.0709
vn -0.0050 -0.9862 0.1657
vn 0.0075 -0.9483 -0.3174
vn 0.0089 0.9480 -0.3182
vn 0.0127 -0.8569 -0.5153
vn -0.0226 0.4599 0.8877
vn 0.0092 0.9445 -0.3285
vn 0.0171 -0.7304 -0.6828
vn 0.0092 0.9439 -0.3302
vn -0.0081 -0.9587 0.2842
vn 0.0092 0.9441 -0.3294
vn -0.0234 0.4016 0.9155
vn 0.0198 -0.6213 -0.7833
vn -0.0006 0.9986 0.0536
vn 0.0010 0.9999 -0.0117
vn -0.0223 0.4849 0.8743
vn 0.0023 0.9981 -0.0618
vn 0.0015 0.9995 -0.0302
vn 0.0015 0.9996 -0.0275
vn 0.0014 0.9996 -0.0267
vn 0.0013 0.9997 -0.0228
vn -0.0083 -0.9562 0.2926
vn 0.0012 0.9998 -0.0187
vn -0.0132 0.8440 0.5362
vn 0.0097 0.9376 -0.3475
vn 0.0009 1.0000 -0.0062
vn -0.0001 0.9995 0.0317
vn 0.0251 0.2656 -0.9637
vn 0.0190 -0.6580 -0.7528
vn -0.0234 0.3989 0.9167
vn 0.0178 -0.7071 -0.7069
vn 0.0183 -0.6875 -0.7260
vn -0.0242 0.3261 0.9450
vn 0.0189 -0.6605 -0.7506
vn -0.0002 -0.9998 -0.0209
vn -0.0015 -0.9996 0.0298
vn 0.0027 -0.9909 -0.1344
vn -0.0011 -0.9999 0.0146
vn -0.0014 -0.9997 0.0264
vn -0.0012 -0.9998 0.0183
vn 0.0144 -0.8135 -0.5814
vn -0.0009 -1.0000 0.0076
vn 0.0024 -0.9927 -0.1202
vn -0.0009 -1.0000 0.0044
vn -0.0008 -1.0000 0.0027
vn -0.0006 -1.0000 -0.0036
vn -0.0006 -1.0000 -0.0044
vn 0.0003 -0.9992 -0.0398
vn -0.0002 -0.9998 -0.0215
vn 0.0189 -0.6626 -0.7488
vn -0.0253 0.1752 0.9842
vn -0.0022 0.9935 0.1139
vn 0.0032 0.9953 -0.0963
vn -0.0071 0.9530 0.3029
vn 0.0209 -0.5645 -0.8252
vn -0.0257 -0.1467 0.9889
vn -0.0186 -0.7169 0.6970
vn 0.0049 -0.9762 -0.2166
vn 0.0143 0.8478 -0.5301
vn -0.0138 0.8298 0.5579
vn 0.0163 0.7956 -0.6056
vn -0.0160 0.7674 0.6409
vn 0.0165 0.7872 -0.6165
vn -0.0168 0.7426 0.6695
vn -0.0073 -0.9666 0.2562
vn 0.0003 0.9999 0.0162
vn -0.0009 0.9979 0.0650
vn 0.0081 -0.9404 -0.3401
vn 0.0011 0.9999 -0.0154
vn 0.0164 0.7929 -0.6091
vn 0.0011 0.9999 -0.0133
vn -0.0037 0.9852 0.1715
vn 0.0019 0.9990 -0.0441
vn -0.0122 -0.8947 0.4464
vn -0.0168 0.7424 0.6698
vn -0.0102 0.9078 0.4193
vn 0.0130 -0.8488 -0.5285
vn -0.0148 -0.8367 0.5475
vn 0.0157 0.8112 -0.5846
vn 0.0140 0.8554 -0.5178
vn 0.0019 0.9989 -0.0459
vn 0.0021 0.9986 -0.0532
vn 0.0023 0.9981 -0.0620
vn 0.0022 0.9983 -0.0577
vn -0.0189 0.6611 0.7500
vn -0.0165 -0.7891 0.6141
vn 0.0022 0.9984 -0.0561
vn 0.0021 0.9985 -0.0540
vn -0.0234 -0.4492 0.8931
vn 0.0017 0.9993 -0.0373
vn 0.0157 0.8112 -0.5845
vn -0.0240 0.3453 0.9382
vn 0.0176 0.7510 -0.6600
vn 0.0249 -0.2400 -0.9704
vn -0.0002 -0.9997 -0.0229
vn -0.0013 -0.9998 0.0205
vn -0.0012 -0.9999 0.0167
vn -0.0005 0.9988 0.0496
vn 0.0024 -0.9926 -0.1216
vn -0.0024 0.9926 0.1214
vn 0.0204 -0.5933 -0.8047
vn 0.0054 -0.9720 -0.2349
vn -0.0018 -0.9992 0.0404
vn -0.0072 0.9521 0.3057
vn 0.0069 0.9707 -0.2403
vn 0.0062 0.9771 -0.2128
vn -0.0145 0.8108 0.5852
vn 0.0169 -0.7381 -0.6744
vn 0.0073 0.9670 -0.2548
vn -0.0163 0.7599 0.6498
vn 0.0158 -0.7727 -0.6346
vn -0.0131 0.8481 0.5297
vn -0.0025 -0.9978 0.0667
vn -0.0024 -0.9980 0.0639
vn 0.0076 0.9636 -0.2674
vn 0.0040 -0.9828 -0.1844
vn -0.0018 -0.9992 0.0401
vn -0.0203 0.5995 0.8002
vn 0.0077 0.9626 -0.2708
vn 0.0077 0.9632 -0.2688
vn 0.0055 0.9830 -0.1833
vn 0.0161 -0.7660 -0.6426
vn -0.0046 0.9783 0.2069
vn 0.0013 0.9997 -0.0224
vn -0.0233 0.4067 0.9133
vn -0.0005 -1.0000 -0.0098
vn 0.0033 -0.9876 -0.1570
vn -0.0046 -0.9890 0.1477
vn 0.0093 -0.9220 -0.3872
vn -0.0070 -0.9701 0.2425
vn 0.0149 -0.8001 -0.5996
vn 0.0145 -0.8121 -0.5833
vn -0.0256 0.1213 0.9923
vn -0.0078 -0.9621 0.2725
vn 0.0175 -0.7160 -0.6979
vn -0.0231 -0.4795 0.8772
vn 0.0013 -0.9969 -0.0785
vn 0.0101 -0.9084 -0.4179
vn -0.0067 -0.9734 0.2291
vn 0.0046 -0.9787 -0.2052
vn 0.0009 -0.9979 -0.0650
vn -0.0030 0.9895 0.1448
vn 0.0037 0.9935 -0.1140
vn -0.0112 0.8897 0.4565
vn 0.0072 0.9681 -0.2507
vn -0.0165 0.7517 0.6594
vn -0.0195 0.6358 0.7716
vn 0.0084 0.9547 -0.2976
vn 0.0004 -0.9990 -0.0444
vn -0.0215 0.5344 0.8450
vn 0.0066 -0.9594 -0.2819
vn -0.0057 -0.9816 0.1907
vn 0.0089 0.9481 -0.3179
vn 0.0122 -0.8688 -0.4950
vn 0.0092 0.9450 -0.3268
vn -0.0228 0.4464 0.8945
vn 0.0167 -0.7467 -0.6649
vn 0.0093 0.9438 -0.3304
vn 0.0092 0.9448 -0.3276
vn -0.0081 -0.9584 0.2851
vn 0.0194 -0.6413 -0.7670
vn -0.0233 0.4054 0.9138
vn -0.0012 0.9972 0.0752
vn 0.0009 1.0000 -0.0057
vn -0.0209 0.5663 0.8239
vn 0.0008 1.0000 -0.0008
vn 0.0030 0.9962 -0.0871
vn 0.0016 0.9995 -0.0318
vn 0.0096 0.9392 -0.3431
vn 0.0013 0.9997 -0.0227
vn -0.0084 -0.9548 0.2973
vn 0.0009 1.0000 -0.0071
vn -0.0156 0.7806 0.6249
vn -0.0000 0.9996 0.0287
vn 0.0230 0.4849 -0.8743
vn 0.0194 -0.6392 -0.7688
vn 0.0179 -0.7031 -0.7109
vn -0.0235 0.3892 0.9209
vn 0.0182 -0.6913 -0.7223
vn 0.0190 -0.6590 -0.7519
vn -0.0244 0.3104 0.9503
vn -0.0003 -0.9999 -0.0163
vn 0.0019 -0.9950 -0.1001
vn -0.0014 -0.9997 0.0260
vn -0.0011 -0.9999 0.0134
vn -0.0013 -0.9998 0.0219
vn -0.0014 -0.9997 0.0263
vn -0.0015 -0.9996 0.0276
vn 0.0158 -0.7740 -0.6329
vn -0.0012 -0.9999 0.0166
vn 0.0034 -0.9873 -0.1591
vn -0.0009 -1.0000 0.0045
vn 0.0168 -0.7402 -0.6722
vn -0.0009 -1.0000 0.0047
vn -0.0008 -1.0000 0.0016
vn 0.0005 -0.9989 -0.0467
vn -0.0001 -0.9997 -0.0241
vn -0.0254 0.1560 0.9874
vn 0.0019 0.9991 -0.0433
vn -0.0028 0.9907 0.1361
vn -0.0082 0.9386 0.3449
vn 0.0212 -0.5516 -0.8338
vn -0.0255 -0.1908 0.9813
vn -0.0170 -0.7725 0.6348
vn 0.0090 -0.9271 -0.3746
vn 0.0133 0.8712 -0.4908
vn -0.0144 0.8141 0.5806
vn 0.0162 0.7971 -0.6036
vn -0.0161 0.7648 0.6440
vn 0.0166 0.7854 -0.6188
vn -0.0168 0.7425 0.6696
vn 0.0065 -0.9607 -0.2777
vn 0.0002 0.9998 0.0200
vn 0.0164 0.7921 -0.6102
vn -0.0011 0.9974 0.0717
vn -0.0092 -0.9445 0.3285
vn -0.0043 0.9808 0.1950
vn -0.0124 -0.8902 0.4554
vn -0.0168 0.7424 0.6697
vn -0.0113 0.8858 0.4639
vn 0.0158 0.8091 -0.5875
vn -0.0150 -0.8313 0.5556
vn 0.0190 0.6997 -0.7142
vn 0.0027 0.9971 -0.0760
vn 0.0021 0.9987 -0.0506
vn 0.0024 0.9980 -0.0628
vn 0.0023 0.9983 -0.0583
vn 0.0022 0.9984 -0.0558
vn -0.0170 -0.7723 0.6350
vn -0.0198 0.6201 0.7843
vn -0.0258 -0.0821 0.9963
vn 0.0018 0.9991 -0.0422
vn 0.0156 0.8141 -0.5805
vn 0.0173 0.7636 -0.6455
vn -0.0242 0.3258 0.9451
vn 0.0256 -0.1297 -0.9912
vn -0.0004 -0.9999 -0.0135
vn 0.0020 -0.9944 -0.1054
vn -0.0013 -0.9998 0.0203
vn -0.0006 0.9987 0.0502
vn -0.0028 0.9906 0.1367
vn 0.0207 -0.5778 -0.8159
vn 0.0047 -0.9778 -0.2094
vn -0.0019 -0.9991 0.0435
vn 0.0072 0.9681 -0.2506
vn -0.0083 0.9375 0.3480
vn -0.0144 0.8158 0.5781
vn 0.0061 0.9778 -0.2096
vn -0.0146 0.8105 0.5855
vn -0.0024 -0.9980 0.0627
vn 0.0072 0.9679 -0.2512
vn -0.0024 -0.9980 0.0625
vn 0.0168 -0.7434 -0.6686
vn -0.0173 0.7243 0.6892
vn -0.0025 -0.9978 0.0661
vn -0.0123 0.8652 0.5013
vn -0.0024 -0.9979 0.0640
vn 0.0056 -0.9697 -0.2440
vn 0.0076 0.9637 -0.2669
vn -0.0014 -0.9996 0.0267
vn 0.0077 0.9627 -0.2706
vn -0.0205 0.5856 0.8104
vn 0.0077 0.9623 -0.2718
vn 0.0162 -0.7616 -0.6478
vn 0.0059 0.9802 -0.1981
vn -0.0033 0.9880 0.1546
vn 0.0018 0.9992 -0.0391
vn -0.0236 0.3844 0.9229
vn 0.0025 -0.9920 -0.1265
vn -0.0051 -0.9856 0.1690
vn 0.0085 -0.9350 -0.3544
vn 0.0148 -0.8039 -0.5946
vn -0.0071 -0.9691 0.2466
vn 0.0144 -0.8142 -0.5804
vn 0.0176 -0.7139 -0.7000
vn -0.0258 0.0481 0.9985
vn -0.0078 -0.9615 0.2747
vn -0.0210 -0.6082 0.7935
vn 0.0058 -0.9674 -0.2530
vn 0.0107 -0.8983 -0.4393
vn -0.0060 -0.9789 0.2041
vn 0.0054 -0.9716 -0.2366
vn -0.0183 0.6848 0.7285
vn 0.0029 0.9964 -0.0851
vn -0.0040 0.9830 0.1835
vn 0.0069 0.9710 -0.2391
vn -0.0119 0.8752 0.4837
vn -0.0171 0.7321 0.6810
vn -0.0198 0.6223 0.7826
vn 0.0083 0.9560 -0.2932
vn -0.0003 -0.9998 -0.0183
vn 0.0057 -0.9687 -0.2481
vn -0.0216 0.5265 0.8499
vn 0.0090 0.9477 -0.3189
vn -0.0062 -0.9770 0.2129
vn 0.0116 -0.8803 -0.4743
vn 0.0091 0.9457 -0.3250
vn 0.0160 -0.7676 -0.6407
vn 0.0093 0.9437 -0.3307
vn -0.0230 0.4331 0.9010
vn 0.0092 0.9449 -0.3273
vn -0.0081 -0.9582 0.2860
vn 0.0190 -0.6570 -0.7537
vn -0.0233 0.4096 0.9120
vn 0.0007 1.0000 0.0002
vn -0.0021 0.9938 0.1114
vn -0.0130 0.8506 0.5256
vn 0.0010 0.9999 -0.0105
vn 0.0038 0.9928 -0.1194
vn 0.0016 0.9994 -0.0336
vn 0.0014 0.9996 -0.0271
vn 0.0095 0.9403 -0.3401
vn 0.0015 0.9995 -0.0301
vn 0.0014 0.9997 -0.0249
vn 0.0010 1.0000 -0.0081
vn -0.0089 -0.9482 0.3176
vn 0.0001 0.9997 0.0258
vn -0.0178 0.7068 0.7072
vn 0.0200 0.6582 -0.7526
vn 0.0202 -0.6005 -0.7993
vn 0.0180 -0.6991 -0.7148
vn -0.0236 0.3806 0.9244
vn 0.0181 -0.6955 -0.7183
vn 0.0189 -0.6618 -0.7495
vn -0.0246 0.2863 0.9578
vn -0.0005 -0.9999 -0.0108
vn 0.0011 -0.9976 -0.0697
vn -0.0013 -0.9997 0.0234
vn -0.0011 -0.9999 0.0138
vn -0.0013 -0.9997 0.0229
vn -0.0015 -0.9996 0.0279
vn 0.0169 -0.7382 -0.6744
vn -0.0011 -0.9999 0.0153
vn 0.0145 -0.8126 -0.5826
vn 0.0048 -0.9766 -0.2151
vn -0.0008 -1.0000 0.0024
vn -0.0009 -1.0000 0.0051
vn -0.0008 -1.0000 0.0007
vn -0.0006 -1.0000 -0.0048
vn 0.0006 -0.9986 -0.0534
vn -0.0001 -0.9997 -0.0262
vn -0.0255 0.1329 0.9908
vn 0.0006 1.0000 0.0038
vn -0.0034 0.9874 0.1580
vn -0.0092 0.9236 0.3832
vn 0.0214 -0.5390 -0.8420
vn -0.0253 -0.2465 0.9688
vn 0.0176 -0.7144 -0.6995
vn 0.0164 -0.7567 -0.6536
vn -0.0158 -0.8088 0.5879
vn 0.0122 0.8954 -0.4451
vn 0.0120 -0.8713 -0.4905
vn -0.0150 0.7984 0.6020
vn 0.0162 0.7987 -0.6015
vn -0.0162 0.7621 0.6472
vn 0.0167 0.7815 -0.6236
vn -0.0168 0.7425 0.6697
vn 0.0047 -0.9778 -0.2096
vn 0.0164 0.7914 -0.6110
vn 0.0001 0.9997 0.0237
vn 0.0012 0.9999 -0.0163
vn -0.0013 0.9968 0.0799
vn 0.0011 0.9999 -0.0139
vn -0.0104 -0.9272 0.3744
vn -0.0168 0.7421 0.6701
vn 0.0017 0.9993 -0.0374
vn -0.0050 0.9754 0.2205
vn -0.0127 -0.8852 0.4650
vn 0.0159 0.8067 -0.5908
vn 0.0124 -0.8637 -0.5039
vn -0.0126 0.8600 0.5101
vn -0.0167 0.7438 0.6682
vn -0.0152 -0.8266 0.5626
vn 0.0253 -0.1907 -0.9813
vn 0.0035 0.9941 -0.1081
vn 0.0024 0.9980 -0.0626
vn 0.0023 0.9983 -0.0588
vn -0.0175 -0.7567 0.6535
vn -0.0208 0.5743 0.8184
vn 0.0019 0.9990 -0.0452
vn -0.0214 0.5394 0.8418
vn 0.0155 0.8165 -0.5772
vn 0.0169 0.7744 -0.6325
vn -0.0244 0.3108 0.9502
vn -0.0006 -1.0000 -0.0039
vn 0.0211 -0.5578 -0.8297
vn 0.0016 -0.9960 -0.0892
vn -0.0013 -0.9998 0.0197
vn -0.0006 0.9986 0.0524
vn -0.0014 -0.9997 0.0257
vn -0.0031 0.9889 0.1487
vn 0.0042 -0.9814 -0.1920
vn 0.0076 0.9636 -0.2673
vn -0.0020 -0.9988 0.0485
vn 0.0062 0.9771 -0.2127
vn -0.0144 0.8146 0.5799
vn -0.0094 0.9205 0.3907
vn -0.0146 0.8103 0.5858
vn 0.0071 0.9689 -0.2473
vn 0.0176 -0.7148 -0.6991
vn -0.0024 -0.9979 0.0642
vn -0.0180 0.6965 0.7173
vn -0.0024 -0.9978 0.0657
vn 0.0075 -0.9484 -0.3170
vn -0.0115 0.8828 0.4696
vn 0.0076 0.9637 -0.2670
vn -0.0010 -0.9999 0.0107
vn 0.0077 0.9627 -0.2703
vn -0.0208 0.5707 0.8209
vn 0.0163 -0.7576 -0.6526
vn 0.0062 0.9773 -0.2119
vn -0.0021 0.9939 0.1098
vn 0.0018 -0.9951 -0.0990
vn -0.0238 0.3632 0.9314
vn -0.0056 -0.9821 0.1884
vn 0.0077 -0.9463 -0.3231
vn 0.0150 -0.7973 -0.6034
vn 0.0139 -0.8277 -0.5610
vn -0.0072 -0.9677 0.2519
vn 0.0173 -0.7232 -0.6904
vn -0.0258 0.0222 0.9994
vn -0.0079 -0.9609 0.2767
vn -0.0185 -0.7180 0.6958
vn 0.0095 -0.9193 -0.3934
vn 0.0113 -0.8868 -0.4620
vn 0.0062 -0.9638 -0.2664
vn -0.0052 -0.9848 0.1736
vn 0.0021 0.9985 -0.0541
vn -0.0051 0.9747 0.2236
vn 0.0066 0.9735 -0.2288
vn -0.0125 0.8619 0.5069
vn -0.0176 0.7136 0.7004
vn 0.0082 0.9573 -0.2889
vn -0.0201 0.6081 0.7936
vn 0.0049 -0.9764 -0.2158
vn -0.0217 0.5182 0.8550
vn 0.0090 0.9477 -0.3190
vn 0.0111 -0.8913 -0.4532
vn -0.0067 -0.9726 0.2325
vn 0.0089 0.9480 -0.3181
vn 0.0091 0.9462 -0.3234
vn 0.0153 -0.7884 -0.6149
vn 0.0093 0.9436 -0.3309
vn -0.0232 0.4203 0.9071
vn 0.0092 0.9445 -0.3283
vn 0.0187 -0.6702 -0.7419
vn -0.0081 -0.9580 0.2867
vn -0.0232 0.4145 0.9097
vn 0.0006 1.0000 0.0062
vn -0.0034 0.9872 0.1592
vn -0.0067 0.9581 0.2864
vn 0.0012 0.9998 -0.0177
vn 0.0038 0.9928 -0.1196
vn 0.0094 0.9412 -0.3378
vn 0.0017 0.9994 -0.0356
vn 0.0014 0.9996 -0.0268
vn 0.0015 0.9996 -0.0294
vn 0.0014 0.9997 -0.0236
vn 0.0013 0.9997 -0.0225
vn 0.0014 0.9997 -0.0241
vn 0.0010 1.0000 -0.0092
vn 0.0002 0.9997 0.0226
vn 0.0168 0.7781 -0.6279
vn -0.0197 0.6270 0.7788
vn 0.0214 -0.5388 -0.8422
vn 0.0181 -0.6949 -0.7189
vn 0.0179 -0.7003 -0.7136
vn -0.0237 0.3727 0.9277
vn 0.0188 -0.6673 -0.7446
vn 0.0006 -0.9987 -0.0514
vn -0.0007 -1.0000 -0.0032
vn -0.0013 -0.9998 0.0214
vn -0.0011 -0.9999 0.0154
vn -0.0248 0.2624 0.9647
vn -0.0014 -0.9997 0.0240
vn -0.0014 -0.9996 0.0268
vn 0.0177 -0.7102 -0.7038
vn 0.0120 -0.8733 -0.4870
vn -0.0015 -0.9996 0.0282
vn -0.0011 -0.9999 0.0142
vn 0.0068 -0.9573 -0.2889
vn -0.0008 -1.0000 0.0028
vn -0.0009 -1.0000 0.0055
vn -0.0007 -1.0000 -0.0000
vn -0.0006 -1.0000 -0.0047
vn 0.0007 -0.9984 -0.0557
vn -0.0006 -1.0000 -0.0043
vn -0.0000 -0.9996 -0.0279
vn -0.0000 0.9996 0.0299
vn -0.0039 0.9839 0.1788
vn -0.0257 0.1025 0.9944
vn 0.0216 -0.5266 -0.8498
vn -0.0102 0.9083 0.4183
vn 0.0109 0.9193 -0.3934
vn -0.0248 -0.3140 0.9491
vn 0.0188 -0.6683 -0.7437
vn 0.0141 -0.8220 -0.5694
vn -0.0145 -0.8449 0.5347
vn -0.0154 0.7867 0.6171
vn 0.0161 0.8006 -0.5990
vn 0.0167 0.7814 -0.6238
vn -0.0163 0.7592 0.6506
vn 0.0164 0.7909 -0.6118
vn 0.0028 -0.9906 -0.1365
vn -0.0000 0.9996 0.0276
vn 0.0012 0.9999 -0.0170
vn -0.0016 0.9960 0.0898
vn 0.0011 0.9999 -0.0141
vn -0.0109 -0.9195 0.3929
vn -0.0057 0.9689 0.2474
vn 0.0160 0.8040 -0.5944
vn -0.0130 -0.8794 0.4758
vn 0.0121 -0.8695 -0.4937
vn 0.0022 0.9985 -0.0552
vn -0.0138 0.8307 0.5565
vn 0.0190 -0.6589 -0.7520
vn 0.0045 0.9896 -0.1436
vn 0.0018 0.9991 -0.0416
vn -0.0153 -0.8221 0.5691
vn 0.0023 0.9981 -0.0612
vn 0.0023 0.9982 -0.0593
vn -0.0177 -0.7493 0.6619
vn 0.0155 0.8172 -0.5761
vn 0.0020 0.9989 -0.0474
vn -0.0110 0.8924 0.4512
vn -0.0216 0.5266 0.8498
vn 0.0167 0.7837 -0.6210
vn -0.0245 0.2996 0.9538
vn 0.0215 -0.5322 -0.8463
vn 0.0012 -0.9972 -0.0754
vn -0.0012 -0.9998 0.0194
vn -0.0007 0.9984 0.0567
vn -0.0015 -0.9996 0.0292
vn -0.0033 0.9876 0.1568
vn 0.0039 -0.9840 -0.1784
vn 0.0085 0.9534 -0.3015
vn -0.0023 -0.9983 0.0585
vn 0.0063 0.9764 -0.2160
vn -0.0145 0.8132 0.5818
vn -0.0106 0.9009 0.4339
vn -0.0146 0.8101 0.5861
vn 0.0070 0.9700 -0.2432
vn 0.0183 -0.6868 -0.7267
vn -0.0024 -0.9979 0.0647
vn -0.0186 0.6747 0.7379
vn -0.0024 -0.9979 0.0652
vn 0.0094 -0.9216 -0.3880
vn -0.0005 -1.0000 -0.0085
vn 0.0077 0.9628 -0.2701
vn -0.0106 0.9008 0.4342
vn 0.0164 -0.7538 -0.6568
vn -0.0211 0.5541 0.8321
vn 0.0065 0.9745 -0.2244
vn 0.0026 0.9973 -0.0736
vn -0.0013 0.9969 0.0788
vn 0.0013 -0.9969 -0.0786
vn -0.0018 -0.9992 0.0403
vn 0.0069 -0.9561 -0.2931
vn -0.0241 0.3416 0.9395
vn 0.0152 -0.7922 -0.6101
vn -0.0060 -0.9788 0.2047
vn 0.0134 -0.8403 -0.5419
vn -0.0074 -0.9665 0.2565
vn 0.0170 -0.7337 -0.6792
vn -0.0259 -0.0152 0.9995
vn -0.0161 -0.8003 0.5993
vn -0.0079 -0.9604 0.2785
vn 0.0122 -0.8677 -0.4970
vn 0.0119 -0.8739 -0.4860
vn 0.0069 -0.9555 -0.2948
vn -0.0043 -0.9904 0.1380
vn 0.0013 0.9998 -0.0218
vn -0.0061 0.9644 0.2644
vn 0.0063 0.9763 -0.2163
vn -0.0131 0.8468 0.5318
vn -0.0180 0.6965 0.7174
vn 0.0081 0.9586 -0.2847
vn -0.0204 0.5939 0.8043
vn -0.0019 -0.9990 0.0441
vn 0.0041 -0.9828 -0.1848
vn 0.0105 -0.9020 -0.4315
vn -0.0219 0.5086 0.8607
vn 0.0089 0.9479 -0.3183
vn -0.0072 -0.9683 0.2495
vn 0.0090 0.9468 -0.3218
vn 0.0148 -0.8036 -0.5950
vn 0.0093 0.9436 -0.3311
vn 0.0092 0.9443 -0.3289
vn -0.0233 0.4083 0.9125
vn 0.0184 -0.6821 -0.7311
vn -0.0081 -0.9578 0.2874
vn 0.0004 0.9999 0.0127
vn 0.0094 0.9418 -0.3359
vn 0.0013 0.9997 -0.0232
vn -0.0049 0.9762 0.2167
vn -0.0036 0.9860 0.1665
vn 0.0038 0.9928 -0.1197
vn 0.0017 0.9993 -0.0380
vn 0.0014 0.9996 -0.0266
vn 0.0015 0.9996 -0.0288
vn 0.0014 0.9997 -0.0239
vn 0.0013 0.9997 -0.0223
vn 0.0010 0.9999 -0.0104
vn -0.0010 0.9978 0.0663
vn 0.0003 0.9998 0.0186
vn 0.0140 0.8553 -0.5180
vn -0.0213 0.5467 0.8370
vn 0.0227 -0.4532 -0.8911
vn 0.0182 -0.6902 -0.7234
vn 0.0178 -0.7061 -0.7079
vn -0.0238 0.3649 0.9307
vn 0.0187 -0.6720 -0.7403
vn 0.0003 -0.9991 -0.0414
vn -0.0010 -1.0000 0.0088
vn -0.0013 -0.9998 0.0198
vn -0.0012 -0.9999 0.0168
vn -0.0014 -0.9997 0.0253
vn -0.0249 0.2424 0.9698
vn 0.0095 -0.9192 -0.3936
vn 0.0182 -0.6903 -0.7233
vn -0.0015 -0.9996 0.0287
vn -0.0011 -0.9999 0.0132
vn 0.0090 -0.9279 -0.3727
vn -0.0008 -1.0000 0.0032
vn -0.0009 -1.0000 0.0061
vn -0.0007 -1.0000 -0.0008
vn -0.0006 -1.0000 -0.0046
vn 0.0008 -0.9982 -0.0597
vn -0.0003 0.9991 0.0415
vn -0.0044 0.9803 0.1974
vn -0.0258 0.0581 0.9980
vn 0.0218 -0.5136 -0.8577
vn 0.0094 0.9416 -0.3366
vn -0.0241 -0.3923 0.9195
vn 0.0195 -0.6366 -0.7710
vn -0.0110 0.8927 0.4505
vn 0.0155 -0.7837 -0.6210
vn -0.0124 -0.8919 0.4520
vn 0.0160 0.8029 -0.5959
vn -0.0156 0.7809 0.6245
vn 0.0166 0.7867 -0.6172
vn -0.0164 0.7559 0.6545
vn 0.0164 0.7903 -0.6125
vn 0.0008 -0.9982 -0.0595
vn -0.0001 0.9995 0.0320
vn 0.0010 0.9999 -0.0103
vn 0.0011 0.9999 -0.0143
vn -0.0019 0.9948 0.1016
vn 0.0015 0.9996 -0.0296
vn -0.0112 -0.9133 0.4070
vn -0.0168 0.7421 0.6700
vn -0.0064 0.9615 0.2748
vn 0.0161 0.8013 -0.5981
vn 0.0119 -0.8749 -0.4841
vn 0.0021 0.9985 -0.0542
vn -0.0133 -0.8723 0.4888
vn -0.0168 0.7428 0.6693
vn 0.0162 -0.7606 -0.6490
vn -0.0150 0.7986 0.6017
vn 0.0055 0.9828 -0.1847
vn 0.0016 0.9995 -0.0317
vn 0.0023 0.9982 -0.0599
vn -0.0155 -0.8176 0.5756
vn 0.0023 0.9982 -0.0598
vn 0.0155 0.8165 -0.5771
vn -0.0180 -0.7367 0.6760
vn 0.0020 0.9988 -0.0492
vn -0.0046 0.9785 0.2060
vn -0.0223 0.4804 0.8768
vn -0.0245 0.2950 0.9552
vn 0.0220 -0.4992 -0.8662
vn 0.0009 -0.9980 -0.0632
vn -0.0012 -0.9999 0.0165
vn -0.0009 0.9980 0.0639
vn -0.0016 -0.9995 0.0318
vn -0.0034 0.9869 0.1611
vn 0.0036 -0.9860 -0.1668
vn 0.0114 0.9096 -0.4152
vn 0.0064 0.9756 -0.2195
vn -0.0032 -0.9955 0.0943
vn -0.0145 0.8123 0.5831
vn 0.0169 -0.7366 -0.6761
vn -0.0146 0.8099 0.5864
vn 0.0069 0.9711 -0.2386
vn -0.0117 0.8787 0.4773
vn 0.0190 -0.6593 -0.7517
vn -0.0024 -0.9979 0.0654
vn -0.0024 -0.9979 0.0648
vn -0.0190 0.6565 0.7541
vn 0.0110 -0.8928 -0.4504
vn 0.0076 0.9637 -0.2671
vn -0.0024 -0.9979 0.0643
vn 0.0077 0.9629 -0.2697
vn 0.0165 -0.7504 -0.6608
vn 0.0001 -0.9995 -0.0317
vn 0.0077 0.9624 -0.2717
vn -0.0215 0.5350 0.8446
vn -0.0095 0.9186 0.3951
vn 0.0068 0.9718 -0.2357
vn 0.0031 0.9957 -0.0926
vn -0.0006 0.9986 0.0534
vn 0.0153 -0.7883 -0.6151
vn 0.0009 -0.9981 -0.0621
vn 0.0061 -0.9645 -0.2642
vn -0.0064 -0.9760 0.2176
vn -0.0243 0.3179 0.9478
vn 0.0129 -0.8518 -0.5237
vn -0.0075 -0.9654 0.2605
vn 0.0167 -0.7454 -0.6664
vn -0.0259 -0.0680 0.9974
vn 0.0126 -0.8601 -0.5099
vn 0.0141 -0.8214 -0.5702
vn -0.0140 -0.8557 0.5173
vn -0.0080 -0.9599 0.2802
vn 0.0076 -0.9468 -0.3218
vn -0.0033 -0.9952 0.0980
vt 0.996411 0.000000
vt 0.997846 0.000000
vt 0.997128 0.000000
vt 0.995693 0.000000
vt 0.998564 0.000000
vt 0.786791 0.000000
vt 0.788227 0.000000
vt 0.787509 0.000000
vt 0.788945 0.000000
vt 0.786073 0.000000
vt 0.789663 0.000000
vt 0.785355 0.000000
vt 0.790380 0.000000
vt 0.784637 0.000000
vt 0.791098 0.000000
vt 0.783920 0.000000
vt 0.791816 0.000000
vt 0.783202 0.000000
vt 0.792534 0.000000
vt 0.782484 0.000000
vt 0.793252 0.000000
vt 0.781766 0.000000
vt 0.793970 0.000000
vt 0.781048 0.000000
vt 0.794688 0.000000
vt 0.780330 0.000000
vt 0.795406 0.000000
vt 0.779612 0.000000
vt 0.796123 0.000000
vt 0.778894 0.000000
vt 0.796841 0.000000
vt 0.797559 0.000000
vt 0.798277 0.000000
vt 0.778177 0.000000
vt 0.798995 0.000000
vt 0.799713 0.000000
vt 0.777459 0.000000
vt 0.994975 0.000000
vt 0.999282 0.000000
vt 0.800431 0.000000
vt 0.801149 0.000000
vt 0.776741 0.000000
vt 0.801866 0.000000
vt 0.802584 0.000000
vt 0.776023 0.000000
vt 0.803302 0.000000
vt 0.804020 0.000000
vt 0.775305 0.000000
vt 0.804738 0.000000
vt 0.805456 0.000000
vt 0.774587 0.000000
vt 0.806174 0.000000
vt 0.806892 0.000000
vt 0.773869 0.000000
vt 0.807609 0.000000
vt 0.808327 0.000000
vt 0.773151 0.000000
vt 1.000000 0.000000
vt 0.809045 0.000000
vt 0.809763 0.000000
vt 0.772434 0.000000
vt 0.810481 0.000000
vt 0.811199 0.000000
vt 0.771716 0.000000
vt 0.811917 0.000000
vt 0.812635 0.000000
vt 0.770998 0.000000
vt 0.968413 0.000000
vt 0.969131 0.000000
vt 0.967696 0.000000
vt 0.969849 0.000000
vt 0.966978 0.000000
vt 0.966260 0.000000
vt 0.970567 0.000000
vt 0.813352 0.000000
vt 0.965542 0.000000
vt 0.971285 0.000000
vt 0.964824 0.000000
vt 0.964106 0.000000
vt 0.972003 0.000000
vt 0.963388 0.000000
vt 0.770280 0.000000
vt 0.962671 0.000000
vt 0.972721 0.000000
vt 0.814070 0.000000
vt 0.961953 0.000000
vt 0.973439 0.000000
vt 0.961235 0.000000
vt 0.960517 0.000000
vt 0.974156 0.000000
vt 0.814788 0.000000
vt 0.769562 0.000000
vt 0.959799 0.000000
vt 0.768844 0.000000
vt 0.768126 0.000000
vt 0.959081 0.000000
vt 0.767408 0.000000
vt 0.974874 0.000000
vt 0.766691 0.000000
vt 0.958363 0.000000
vt 0.765973 0.000000
vt 0.815506 0.000000
vt 0.765255 0.000000
vt 0.764537 0.000000
vt 0.957645 0.000000
vt 0.763819 0.000000
vt 0.975592 0.000000
vt 0.763101 0.000000
vt 0.762383 0.000000
vt 0.956927 0.000000
vt 0.761665 0.000000
vt 0.760948 0.000000
vt 0.816224 0.000000
vt 0.956210 0.000000
vt 0.760230 0.000000
vt 0.976310 0.000000
vt 0.955492 0.000000
vt 0.759512 0.000000
vt 0.816942 0.000000
vt 0.954774 0.000000
vt 0.758794 0.000000
vt 0.977028 0.000000
vt 0.954056 0.000000
vt 0.758076 0.000000
vt 0.817660 0.000000
vt 0.757358 0.000000
vt 0.953338 0.000000
vt 0.756640 0.000000
vt 0.755922 0.000000
vt 0.952620 0.000000
vt 0.977746 0.000000
vt 0.755205 0.000000
vt 0.818378 0.000000
vt 0.754487 0.000000
vt 0.951902 0.000000
vt 0.753769 0.000000
vt 0.753051 0.000000
vt 0.819095 0.000000
vt 0.951185 0.000000
vt 0.752333 0.000000
vt 0.751615 0.000000
vt 0.978464 0.000000
vt 0.950467 0.000000
vt 0.750897 0.000000
vt 0.750179 0.000000
vt 0.949749 0.000000
vt 0.819813 0.000000
vt 0.749462 0.000000
vt 0.748744 0.000000
vt 0.748026 0.000000
vt 0.979182 0.000000
vt 0.949031 0.000000
vt 0.747308 0.000000
vt 0.746590 0.000000
vt 0.745872 0.000000
vt 0.820531 0.000000
vt 0.745154 0.000000
vt 0.948313 0.000000
vt 0.744436 0.000000
vt 0.743719 0.000000
vt 0.979900 0.000000
vt 0.947595 0.000000
vt 0.821249 0.000000
vt 0.743001 0.000000
vt 0.946877 0.000000
vt 0.980617 0.000000
vt 0.821967 0.000000
vt 0.946159 0.000000
vt 0.742283 0.000000
vt 0.945441 0.000000
vt 0.981335 0.000000
vt 0.822685 0.000000
vt 0.944724 0.000000
vt 0.823403 0.000000
vt 0.741565 0.000000
vt 0.824121 0.000000
vt 0.944006 0.000000
vt 0.824838 0.000000
vt 0.982053 0.000000
vt 0.943288 0.000000
vt 0.825556 0.000000
vt 0.740847 0.000000
vt 0.826274 0.000000
vt 0.942570 0.000000
vt 0.826992 0.000000
vt 0.844939 0.000000
vt 0.846375 0.000000
vt 0.845657 0.000000
vt 0.844221 0.000000
vt 0.847093 0.000000
vt 0.843503 0.000000
vt 0.827710 0.000000
vt 0.982771 0.000000
vt 0.842785 0.000000
vt 0.847811 0.000000
vt 0.842067 0.000000
vt 0.848528 0.000000
vt 0.841350 0.000000
vt 0.828428 0.000000
vt 0.740129 0.000000
vt 0.840632 0.000000
vt 0.849246 0.000000
vt 0.839914 0.000000
vt 0.829146 0.000000
vt 0.839196 0.000000
vt 0.829864 0.000000
vt 0.830581 0.000000
vt 0.838478 0.000000
vt 0.831299 0.000000
vt 0.837760 0.000000
vt 0.849964 0.000000
vt 0.832017 0.000000
vt 0.837042 0.000000
vt 0.832735 0.000000
vt 0.836324 0.000000
vt 0.833453 0.000000
vt 0.835607 0.000000
vt 0.834171 0.000000
vt 0.834889 0.000000
vt 0.941852 0.000000
vt 0.941134 0.000000
vt 0.940416 0.000000
vt 0.939699 0.000000
vt 0.938981 0.000000
vt 0.938263 0.000000
vt 0.937545 0.000000
vt 0.936827 0.000000
vt 0.936109 0.000000
vt 0.935391 0.000000
vt 0.934673 0.000000
vt 0.933955 0.000000
vt 0.933238 0.000000
vt 0.983489 0.000000
vt 0.932520 0.000000
vt 0.931802 0.000000
vt 0.850682 0.000000
vt 0.931084 0.000000
vt 0.930366 0.000000
vt 0.739411 0.000000
vt 0.929648 0.000000
vt 0.928930 0.000000
vt 0.928212 0.000000
vt 0.927495 0.000000
vt 0.926777 0.000000
vt 0.926059 0.000000
vt 0.925341 0.000000
vt 0.924623 0.000000
vt 0.923905 0.000000
vt 0.923187 0.000000
vt 0.851400 0.000000
vt 0.922469 0.000000
vt 0.921752 0.000000
vt 0.921034 0.000000
vt 0.920316 0.000000
vt 0.984207 0.000000
vt 0.919598 0.000000
vt 0.738693 0.000000
vt 0.918880 0.000000
vt 0.918162 0.000000
vt 0.917444 0.000000
vt 0.916726 0.000000
vt 0.916009 0.000000
vt 0.915291 0.000000
vt 0.914573 0.000000
vt 0.913855 0.000000
vt 0.852118 0.000000
vt 0.913137 0.000000
vt 0.912419 0.000000
vt 0.911701 0.000000
vt 0.910984 0.000000
vt 0.910266 0.000000
vt 0.909548 0.000000
vt 0.908830 0.000000
vt 0.908112 0.000000
vt 0.907394 0.000000
vt 0.906676 0.000000
vt 0.905958 0.000000
vt 0.984925 0.000000
vt 0.905240 0.000000
vt 0.737976 0.000000
vt 0.904523 0.000000
vt 0.903805 0.000000
vt 0.903087 0.000000
vt 0.902369 0.000000
vt 0.901651 0.000000
vt 0.900933 0.000000
vt 0.900215 0.000000
vt 0.899498 0.000000
vt 0.898780 0.000000
vt 0.898062 0.000000
vt 0.897344 0.000000
vt 0.852836 0.000000
vt 0.896626 0.000000
vt 0.895908 0.000000
vt 0.985642 0.000000
vt 0.895190 0.000000
vt 0.894472 0.000000
vt 0.737258 0.000000
vt 0.893754 0.000000
vt 0.893037 0.000000
vt 0.892319 0.000000
vt 0.986360 0.000000
vt 0.891601 0.000000
vt 0.890883 0.000000
vt 0.987078 0.000000
vt 0.994257 0.000000
vt 0.987796 0.000000
vt 0.736540 0.000000
vt 0.993539 0.000000
vt 0.988514 0.000000
vt 0.992821 0.000000
vt 0.853553 0.000000
vt 0.989232 0.000000
vt 0.992103 0.000000
vt 0.989950 0.000000
vt 0.991386 0.000000
vt 0.990668 0.000000
vt 0.735822 0.000000
vt 0.735104 0.000000
vt 0.734386 0.000000
vt 0.854271 0.000000
vt 0.733668 0.000000
vt 0.732950 0.000000
vt 0.732233 0.000000
vt 0.854989 0.000000
vt 0.731515 0.000000
vt 0.730797 0.000000
vt 0.730079 0.000000
vt 0.855707 0.000000
vt 0.729361 0.000000
vt 0.728643 0.000000
vt 0.727925 0.000000
vt 0.856425 0.000000
vt 0.727207 0.000000
vt 0.726490 0.000000
vt 0.725772 0.000000
vt 0.725054 0.000000
vt 0.724336 0.000000
vt 0.723618 0.000000
vt 0.857143 0.000000
vt 0.722900 0.000000
vt 0.722182 0.000000
vt 0.857861 0.000000
vt 0.721464 0.000000
vt 0.720747 0.000000
vt 0.858579 0.000000
vt 0.720029 0.000000
vt 0.719311 0.000000
vt 0.859297 0.000000
vt 0.718593 0.000000
vt 0.717875 0.000000
vt 0.717157 0.000000
vt 0.860014 0.000000
vt 0.716439 0.000000
vt 0.715721 0.000000
vt 0.860732 0.000000
vt 0.715004 0.000000
vt 0.861450 0.000000
vt 0.714286 0.000000
vt 0.713568 0.000000
vt 0.862168 0.000000
vt 0.712850 0.000000
vt 0.712132 0.000000
vt 0.862886 0.000000
vt 0.711414 0.000000
vt 0.863604 0.000000
vt 0.710696 0.000000
vt 0.709978 0.000000
vt 0.864322 0.000000
vt 0.709261 0.000000
vt 0.865039 0.000000
vt 0.708543 0.000000
vt 0.610194 0.000000
vt 0.609476 0.000000
vt 0.608758 0.000000
vt 0.608040 0.000000
vt 0.865757 0.000000
vt 0.610912 0.000000
vt 0.611630 0.000000
vt 0.612347 0.000000
vt 0.607322 0.000000
vt 0.613065 0.000000
vt 0.606604 0.000000
vt 0.613783 0.000000
vt 0.605887 0.000000
vt 0.614501 0.000000
vt 0.615219 0.000000
vt 0.615937 0.000000
vt 0.616655 0.000000
vt 0.617373 0.000000
vt 0.618090 0.000000
vt 0.618808 0.000000
vt 0.619526 0.000000
vt 0.707825 0.000000
vt 0.620244 0.000000
vt 0.605169 0.000000
vt 0.620962 0.000000
vt 0.621680 0.000000
vt 0.622398 0.000000
vt 0.623116 0.000000
vt 0.623833 0.000000
vt 0.624551 0.000000
vt 0.625269 0.000000
vt 0.866475 0.000000
vt 0.625987 0.000000
vt 0.626705 0.000000
vt 0.627423 0.000000
vt 0.604451 0.000000
vt 0.628141 0.000000
vt 0.628859 0.000000
vt 0.629576 0.000000
vt 0.630294 0.000000
vt 0.631012 0.000000
vt 0.631730 0.000000
vt 0.632448 0.000000
vt 0.633166 0.000000
vt 0.633884 0.000000
vt 0.603733 0.000000
vt 0.634602 0.000000
vt 0.707107 0.000000
vt 0.635319 0.000000
vt 0.636037 0.000000
vt 0.636755 0.000000
vt 0.637473 0.000000
vt 0.638191 0.000000
vt 0.638909 0.000000
vt 0.603015 0.000000
vt 0.639627 0.000000
vt 0.867193 0.000000
vt 0.640345 0.000000
vt 0.641062 0.000000
vt 0.706389 0.000000
vt 0.641780 0.000000
vt 0.642498 0.000000
vt 0.643216 0.000000
vt 0.602297 0.000000
vt 0.643934 0.000000
vt 0.705671 0.000000
vt 0.644652 0.000000
vt 0.645370 0.000000
vt 0.646088 0.000000
vt 0.704953 0.000000
vt 0.646805 0.000000
vt 0.867911 0.000000
vt 0.647523 0.000000
vt 0.601579 0.000000
vt 0.648241 0.000000
vt 0.704235 0.000000
vt 0.648959 0.000000
vt 0.649677 0.000000
vt 0.650395 0.000000
vt 0.703518 0.000000
vt 0.651113 0.000000
vt 0.651831 0.000000
vt 0.702800 0.000000
vt 0.652548 0.000000
vt 0.702082 0.000000
vt 0.653266 0.000000
vt 0.701364 0.000000
vt 0.600861 0.000000
vt 0.653984 0.000000
vt 0.700646 0.000000
vt 0.868629 0.000000
vt 0.654702 0.000000
vt 0.699928 0.000000
vt 0.655420 0.000000
vt 0.656138 0.000000
vt 0.699210 0.000000
vt 0.656856 0.000000
vt 0.698492 0.000000
vt 0.657574 0.000000
vt 0.697775 0.000000
vt 0.658291 0.000000
vt 0.659009 0.000000
vt 0.600144 0.000000
vt 0.659727 0.000000
vt 0.697057 0.000000
vt 0.660445 0.000000
vt 0.661163 0.000000
vt 0.661881 0.000000
vt 0.662599 0.000000
vt 0.663317 0.000000
vt 0.664034 0.000000
vt 0.696339 0.000000
vt 0.664752 0.000000
vt 0.665470 0.000000
vt 0.666188 0.000000
vt 0.666906 0.000000
vt 0.667624 0.000000
vt 0.668342 0.000000
vt 0.669060 0.000000
vt 0.669777 0.000000
vt 0.695621 0.000000
vt 0.670495 0.000000
vt 0.671213 0.000000
vt 0.671931 0.000000
vt 0.869347 0.000000
vt 0.672649 0.000000
vt 0.673367 0.000000
vt 0.674085 0.000000
vt 0.694903 0.000000
vt 0.674803 0.000000
vt 0.675520 0.000000
vt 0.676238 0.000000
vt 0.676956 0.000000
vt 0.677674 0.000000
vt 0.694185 0.000000
vt 0.678392 0.000000
vt 0.679110 0.000000
vt 0.679828 0.000000
vt 0.693467 0.000000
vt 0.680546 0.000000
vt 0.681263 0.000000
vt 0.681981 0.000000
vt 0.692749 0.000000
vt 0.682699 0.000000
vt 0.683417 0.000000
vt 0.684135 0.000000
vt 0.692032 0.000000
vt 0.684853 0.000000
vt 0.691314 0.000000
vt 0.685571 0.000000
vt 0.690596 0.000000
vt 0.686289 0.000000
vt 0.689878 0.000000
vt 0.687006 0.000000
vt 0.689160 0.000000
vt 0.687724 0.000000
vt 0.688442 0.000000
vt 0.599426 0.000000
vt 0.870065 0.000000
vt 0.598708 0.000000
vt 0.870782 0.000000
vt 0.871500 0.000000
vt 0.147164 0.000000
vt 0.148600 0.000000
vt 0.147882 0.000000
vt 0.149318 0.000000
vt 0.597990 0.000000
vt 0.150036 0.000000
vt 0.150754 0.000000
vt 0.146447 0.000000
vt 0.151472 0.000000
vt 0.152190 0.000000
vt 0.152907 0.000000
vt 0.145729 0.000000
vt 0.153625 0.000000
vt 0.154343 0.000000
vt 0.155061 0.000000
vt 0.872218 0.000000
vt 0.145011 0.000000
vt 0.155779 0.000000
vt 0.156497 0.000000
vt 0.157215 0.000000
vt 0.144293 0.000000
vt 0.157933 0.000000
vt 0.872936 0.000000
vt 0.143575 0.000000
vt 0.158650 0.000000
vt 0.597272 0.000000
vt 0.596554 0.000000
vt 0.873654 0.000000
vt 0.595836 0.000000
vt 0.142857 0.000000
vt 0.159368 0.000000
vt 0.595118 0.000000
vt 0.874372 0.000000
vt 0.594401 0.000000
vt 0.875090 0.000000
vt 0.593683 0.000000
vt 0.160086 0.000000
vt 0.875808 0.000000
vt 0.592965 0.000000
vt 0.142139 0.000000
vt 0.876525 0.000000
vt 0.592247 0.000000
vt 0.877243 0.000000
vt 0.591529 0.000000
vt 0.877961 0.000000
vt 0.878679 0.000000
vt 0.590811 0.000000
vt 0.160804 0.000000
vt 0.879397 0.000000
vt 0.590093 0.000000
vt 0.880115 0.000000
vt 0.589375 0.000000
vt 0.880833 0.000000
vt 0.890165 0.000000
vt 0.881551 0.000000
vt 0.882268 0.000000
vt 0.889447 0.000000
vt 0.882986 0.000000
vt 0.888729 0.000000
vt 0.883704 0.000000
vt 0.141421 0.000000
vt 0.888012 0.000000
vt 0.884422 0.000000
vt 0.887294 0.000000
vt 0.885140 0.000000
vt 0.885858 0.000000
vt 0.886576 0.000000
vt 0.161522 0.000000
vt 0.162240 0.000000
vt 0.140704 0.000000
vt 0.162958 0.000000
vt 0.139986 0.000000
vt 0.163676 0.000000
vt 0.139268 0.000000
vt 0.164393 0.000000
vt 0.165111 0.000000
vt 0.138550 0.000000
vt 0.137832 0.000000
vt 0.137114 0.000000
vt 0.165829 0.000000
vt 0.166547 0.000000
vt 0.136396 0.000000
vt 0.167265 0.000000
vt 0.135678 0.000000
vt 0.134961 0.000000
vt 0.167983 0.000000
vt 0.134243 0.000000
vt 0.168701 0.000000
vt 0.133525 0.000000
vt 0.169419 0.000000
vt 0.132807 0.000000
vt 0.170136 0.000000
vt 0.132089 0.000000
vt 0.170854 0.000000
vt 0.131371 0.000000
vt 0.130653 0.000000
vt 0.171572 0.000000
vt 0.129935 0.000000
vt 0.129218 0.000000
vt 0.172290 0.000000
vt 0.128500 0.000000
vt 0.127782 0.000000
vt 0.173008 0.000000
vt 0.127064 0.000000
vt 0.173726 0.000000
vt 0.126346 0.000000
vt 0.174444 0.000000
vt 0.125628 0.000000
vt 0.175162 0.000000
vt 0.175879 0.000000
vt 0.124910 0.000000
vt 0.551328 0.000000
vt 0.176597 0.000000
vt 0.552046 0.000000
vt 0.550610 0.000000
vt 0.549892 0.000000
vt 0.552764 0.000000
vt 0.177315 0.000000
vt 0.549174 0.000000
vt 0.553482 0.000000
vt 0.124192 0.000000
vt 0.178033 0.000000
vt 0.548457 0.000000
vt 0.554200 0.000000
vt 0.178751 0.000000
vt 0.222541 0.000000
vt 0.223977 0.000000
vt 0.223259 0.000000
vt 0.221823 0.000000
vt 0.224695 0.000000
vt 0.221106 0.000000
vt 0.123475 0.000000
vt 0.225413 0.000000
vt 0.220388 0.000000
vt 0.226131 0.000000
vt 0.219670 0.000000
vt 0.226849 0.000000
vt 0.218952 0.000000
vt 0.218234 0.000000
vt 0.227566 0.000000
vt 0.217516 0.000000
vt 0.547739 0.000000
vt 0.179469 0.000000
vt 0.216798 0.000000
vt 0.216080 0.000000
vt 0.228284 0.000000
vt 0.215363 0.000000
vt 0.214645 0.000000
vt 0.554917 0.000000
vt 0.213927 0.000000
vt 0.213209 0.000000
vt 0.229002 0.000000
vt 0.212491 0.000000
vt 0.211773 0.000000
vt 0.211055 0.000000
vt 0.180187 0.000000
vt 0.210337 0.000000
vt 0.229720 0.000000
vt 0.122757 0.000000
vt 0.209620 0.000000
vt 0.208902 0.000000
vt 0.208184 0.000000
vt 0.230438 0.000000
vt 0.207466 0.000000
vt 0.231156 0.000000
vt 0.180905 0.000000
vt 0.547021 0.000000
vt 0.206748 0.000000
vt 0.231874 0.000000
vt 0.122039 0.000000
vt 0.555635 0.000000
vt 0.206030 0.000000
vt 0.181622 0.000000
vt 0.232592 0.000000
vt 0.556353 0.000000
vt 0.205312 0.000000
vt 0.233309 0.000000
vt 0.557071 0.000000
vt 0.121321 0.000000
vt 0.182340 0.000000
vt 0.204594 0.000000
vt 0.234027 0.000000
vt 0.557789 0.000000
vt 0.183058 0.000000
vt 0.203877 0.000000
vt 0.546303 0.000000
vt 0.234745 0.000000
vt 0.558507 0.000000
vt 0.120603 0.000000
vt 0.183776 0.000000
vt 0.203159 0.000000
vt 0.235463 0.000000
vt 0.559225 0.000000
vt 0.184494 0.000000
vt 0.202441 0.000000
vt 0.559943 0.000000
vt 0.236181 0.000000
vt 0.119885 0.000000
vt 0.185212 0.000000
vt 0.201723 0.000000
vt 0.560660 0.000000
vt 0.236899 0.000000
vt 0.185930 0.000000
vt 0.545585 0.000000
vt 0.561378 0.000000
vt 0.201005 0.000000
vt 0.186648 0.000000
vt 0.119167 0.000000
vt 0.237617 0.000000
vt 0.544867 0.000000
vt 0.562096 0.000000
vt 0.187365 0.000000
vt 0.200287 0.000000
vt 0.562814 0.000000
vt 0.544149 0.000000
vt 0.188083 0.000000
vt 0.238335 0.000000
vt 0.118449 0.000000
vt 0.188801 0.000000
vt 0.563532 0.000000
vt 0.543431 0.000000
vt 0.199569 0.000000
vt 0.189519 0.000000
vt 0.564250 0.000000
vt 0.239052 0.000000
vt 0.190237 0.000000
vt 0.190955 0.000000
vt 0.542714 0.000000
vt 0.191673 0.000000
vt 0.192391 0.000000
vt 0.193108 0.000000
vt 0.193826 0.000000
vt 0.194544 0.000000
vt 0.117732 0.000000
vt 0.564968 0.000000
vt 0.195262 0.000000
vt 0.195980 0.000000
vt 0.196698 0.000000
vt 0.541996 0.000000
vt 0.239770 0.000000
vt 0.197416 0.000000
vt 0.198134 0.000000
vt 0.198851 0.000000
vt 0.565686 0.000000
vt 0.541278 0.000000
vt 0.117014 0.000000
vt 0.240488 0.000000
vt 0.540560 0.000000
vt 0.566403 0.000000
vt 0.539842 0.000000
vt 0.539124 0.000000
vt 0.241206 0.000000
vt 0.538406 0.000000
vt 0.567121 0.000000
vt 0.537688 0.000000
vt 0.116296 0.000000
vt 0.536971 0.000000
vt 0.536253 0.000000
vt 0.535535 0.000000
vt 0.534817 0.000000
vt 0.534099 0.000000
vt 0.533381 0.000000
vt 0.532663 0.000000
vt 0.531945 0.000000
vt 0.531228 0.000000
vt 0.530510 0.000000
vt 0.529792 0.000000
vt 0.529074 0.000000
vt 0.528356 0.000000
vt 0.527638 0.000000
vt 0.526920 0.000000
vt 0.526202 0.000000
vt 0.525485 0.000000
vt 0.524767 0.000000
vt 0.567839 0.000000
vt 0.524049 0.000000
vt 0.523331 0.000000
vt 0.241924 0.000000
vt 0.522613 0.000000
vt 0.521895 0.000000
vt 0.521177 0.000000
vt 0.520459 0.000000
vt 0.115578 0.000000
vt 0.519742 0.000000
vt 0.568557 0.000000
vt 0.519024 0.000000
vt 0.518306 0.000000
vt 0.517588 0.000000
vt 0.242642 0.000000
vt 0.516870 0.000000
vt 0.516152 0.000000
vt 0.569275 0.000000
vt 0.515434 0.000000
vt 0.514716 0.000000
vt 0.513999 0.000000
vt 0.114860 0.000000
vt 0.513281 0.000000
vt 0.512563 0.000000
vt 0.569993 0.000000
vt 0.511845 0.000000
vt 0.243360 0.000000
vt 0.511127 0.000000
vt 0.510409 0.000000
vt 0.509691 0.000000
vt 0.508973 0.000000
vt 0.508256 0.000000
vt 0.570711 0.000000
vt 0.507538 0.000000
vt 0.506820 0.000000
vt 0.506102 0.000000
vt 0.505384 0.000000
vt 0.114142 0.000000
vt 0.504666 0.000000
vt 0.244078 0.000000
vt 0.571429 0.000000
vt 0.503948 0.000000
vt 0.503230 0.000000
vt 0.502513 0.000000
vt 0.501795 0.000000
vt 0.501077 0.000000
vt 0.572146 0.000000
vt 0.500359 0.000000
vt 0.499641 0.000000
vt 0.498923 0.000000
vt 0.244795 0.000000
vt 0.498205 0.000000
vt 0.572864 0.000000
vt 0.497487 0.000000
vt 0.496770 0.000000
vt 0.573582 0.000000
vt 0.496052 0.000000
vt 0.495334 0.000000
vt 0.574300 0.000000
vt 0.494616 0.000000
vt 0.113424 0.000000
vt 0.588658 0.000000
vt 0.575018 0.000000
vt 0.587940 0.000000
vt 0.587222 0.000000
vt 0.575736 0.000000
vt 0.586504 0.000000
vt 0.245513 0.000000
vt 0.576454 0.000000
vt 0.585786 0.000000
vt 0.585068 0.000000
vt 0.577172 0.000000
vt 0.584350 0.000000
vt 0.577889 0.000000
vt 0.583632 0.000000
vt 0.578607 0.000000
vt 0.582915 0.000000
vt 0.579325 0.000000
vt 0.582197 0.000000
vt 0.580043 0.000000
vt 0.581479 0.000000
vt 0.580761 0.000000
vt 0.246231 0.000000
vt 0.112706 0.000000
vt 0.246949 0.000000
vt 0.111989 0.000000
vt 0.247667 0.000000
vt 0.111271 0.000000
vt 0.110553 0.000000
vt 0.248385 0.000000
vt 0.109835 0.000000
vt 0.109117 0.000000
vt 0.249103 0.000000
vt 0.108399 0.000000
vt 0.107681 0.000000
vt 0.249821 0.000000
vt 0.106963 0.000000
vt 0.106246 0.000000
vt 0.105528 0.000000
vt 0.250538 0.000000
vt 0.104810 0.000000
vt 0.104092 0.000000
vt 0.251256 0.000000
vt 0.103374 0.000000
vt 0.102656 0.000000
vt 0.101938 0.000000
vt 0.101220 0.000000
vt 0.100503 0.000000
vt 0.099785 0.000000
vt 0.099067 0.000000
vt 0.098349 0.000000
vt 0.251974 0.000000
vt 0.097631 0.000000
vt 0.096913 0.000000
vt 0.096195 0.000000
vt 0.095477 0.000000
vt 0.094760 0.000000
vt 0.094042 0.000000
vt 0.093324 0.000000
vt 0.092606 0.000000
vt 0.252692 0.000000
vt 0.253410 0.000000
vt 0.254128 0.000000
vt 0.091888 0.000000
vt 0.254846 0.000000
vt 0.255564 0.000000
vt 0.091170 0.000000
vt 0.256281 0.000000
vt 0.256999 0.000000
vt 0.090452 0.000000
vt 0.438622 0.000000
vt 0.437904 0.000000
vt 0.257717 0.000000
vt 0.439340 0.000000
vt 0.437186 0.000000
vt 0.440057 0.000000
vt 0.436468 0.000000
vt 0.440775 0.000000
vt 0.435750 0.000000
vt 0.441493 0.000000
vt 0.258435 0.000000
vt 0.435032 0.000000
vt 0.442211 0.000000
vt 0.259153 0.000000
vt 0.089734 0.000000
vt 0.434314 0.000000
vt 0.442929 0.000000
vt 0.443647 0.000000
vt 0.444365 0.000000
vt 0.445083 0.000000
vt 0.259871 0.000000
vt 0.445800 0.000000
vt 0.446518 0.000000
vt 0.447236 0.000000
vt 0.447954 0.000000
vt 0.433597 0.000000
vt 0.448672 0.000000
vt 0.449390 0.000000
vt 0.260589 0.000000
vt 0.450108 0.000000
vt 0.450826 0.000000
vt 0.451543 0.000000
vt 0.261307 0.000000
vt 0.262024 0.000000
vt 0.262742 0.000000
vt 0.452261 0.000000
vt 0.263460 0.000000
vt 0.264178 0.000000
vt 0.432879 0.000000
vt 0.264896 0.000000
vt 0.265614 0.000000
vt 0.266332 0.000000
vt 0.432161 0.000000
vt 0.452979 0.000000
vt 0.267050 0.000000
vt 0.267767 0.000000
vt 0.089017 0.000000
vt 0.268485 0.000000
vt 0.431443 0.000000
vt 0.269203 0.000000
vt 0.453697 0.000000
vt 0.430725 0.000000
vt 0.269921 0.000000
vt 0.270639 0.000000
vt 0.430007 0.000000
vt 0.454415 0.000000
vt 0.429289 0.000000
vt 0.455133 0.000000
vt 0.271357 0.000000
vt 0.428571 0.000000
vt 0.088299 0.000000
vt 0.427854 0.000000
vt 0.455851 0.000000
vt 0.427136 0.000000
vt 0.272075 0.000000
vt 0.456569 0.000000
vt 0.426418 0.000000
vt 0.425700 0.000000
vt 0.457286 0.000000
vt 0.424982 0.000000
vt 0.424264 0.000000
vt 0.423546 0.000000
vt 0.422828 0.000000
vt 0.272793 0.000000
vt 0.422111 0.000000
vt 0.087581 0.000000
vt 0.458004 0.000000
vt 0.421393 0.000000
vt 0.420675 0.000000
vt 0.419957 0.000000
vt 0.458722 0.000000
vt 0.419239 0.000000
vt 0.418521 0.000000
vt 0.459440 0.000000
vt 0.417803 0.000000
vt 0.460158 0.000000
vt 0.460876 0.000000
vt 0.461594 0.000000
vt 0.462312 0.000000
vt 0.463029 0.000000
vt 0.417085 0.000000
vt 0.463747 0.000000
vt 0.464465 0.000000
vt 0.465183 0.000000
vt 0.273510 0.000000
vt 0.465901 0.000000
vt 0.466619 0.000000
vt 0.467337 0.000000
vt 0.468055 0.000000
vt 0.468772 0.000000
vt 0.416368 0.000000
vt 0.415650 0.000000
vt 0.086863 0.000000
vt 0.469490 0.000000
vt 0.414932 0.000000
vt 0.470208 0.000000
vt 0.274228 0.000000
vt 0.470926 0.000000
vt 0.471644 0.000000
vt 0.472362 0.000000
vt 0.414214 0.000000
vt 0.034458 0.000000
vt 0.473080 0.000000
vt 0.035176 0.000000
vt 0.033740 0.000000
vt 0.473798 0.000000
vt 0.033022 0.000000
vt 0.274946 0.000000
vt 0.086145 0.000000
vt 0.474515 0.000000
vt 0.032304 0.000000
vt 0.413496 0.000000
vt 0.475233 0.000000
vt 0.031587 0.000000
vt 0.475951 0.000000
vt 0.030869 0.000000
vt 0.476669 0.000000
vt 0.412778 0.000000
vt 0.275664 0.000000
vt 0.035894 0.000000
vt 0.030151 0.000000
vt 0.477387 0.000000
vt 0.036612 0.000000
vt 0.085427 0.000000
vt 0.478105 0.000000
vt 0.037330 0.000000
vt 0.029433 0.000000
vt 0.412060 0.000000
vt 0.038047 0.000000
vt 0.038765 0.000000
vt 0.028715 0.000000
vt 0.276382 0.000000
vt 0.039483 0.000000
vt 0.027997 0.000000
vt 0.411342 0.000000
vt 0.040201 0.000000
vt 0.084709 0.000000
vt 0.027279 0.000000
vt 0.040919 0.000000
vt 0.026561 0.000000
vt 0.041637 0.000000
vt 0.277100 0.000000
vt 0.025844 0.000000
vt 0.410625 0.000000
vt 0.025126 0.000000
vt 0.042355 0.000000
vt 0.083991 0.000000
vt 0.043073 0.000000
vt 0.478823 0.000000
vt 0.409907 0.000000
vt 0.043790 0.000000
vt 0.277818 0.000000
vt 0.044508 0.000000
vt 0.045226 0.000000
vt 0.083274 0.000000
vt 0.409189 0.000000
vt 0.045944 0.000000
vt 0.024408 0.000000
vt 0.046662 0.000000
vt 0.047380 0.000000
vt 0.278536 0.000000
vt 0.082556 0.000000
vt 0.408471 0.000000
vt 0.048098 0.000000
vt 0.479541 0.000000
vt 0.048816 0.000000
vt 0.049533 0.000000
vt 0.050251 0.000000
vt 0.081838 0.000000
vt 0.050969 0.000000
vt 0.407753 0.000000
vt 0.051687 0.000000
vt 0.023690 0.000000
vt 0.279253 0.000000
vt 0.052405 0.000000
vt 0.053123 0.000000
vt 0.053841 0.000000
vt 0.279971 0.000000
vt 0.054559 0.000000
vt 0.081120 0.000000
vt 0.055276 0.000000
vt 0.055994 0.000000
vt 0.407035 0.000000
vt 0.280689 0.000000
vt 0.056712 0.000000
vt 0.057430 0.000000
vt 0.406317 0.000000
vt 0.480258 0.000000
vt 0.058148 0.000000
vt 0.080402 0.000000
vt 0.281407 0.000000
vt 0.405599 0.000000
vt 0.058866 0.000000
vt 0.059584 0.000000
vt 0.404882 0.000000
vt 0.060302 0.000000
vt 0.022972 0.000000
vt 0.282125 0.000000
vt 0.079684 0.000000
vt 0.061019 0.000000
vt 0.404164 0.000000
vt 0.061737 0.000000
vt 0.062455 0.000000
vt 0.403446 0.000000
vt 0.063173 0.000000
vt 0.063891 0.000000
vt 0.282843 0.000000
vt 0.064609 0.000000
vt 0.078966 0.000000
vt 0.402728 0.000000
vt 0.065327 0.000000
vt 0.066045 0.000000
vt 0.402010 0.000000
vt 0.066762 0.000000
vt 0.067480 0.000000
vt 0.401292 0.000000
vt 0.068198 0.000000
vt 0.078248 0.000000
vt 0.068916 0.000000
vt 0.283561 0.000000
vt 0.400574 0.000000
vt 0.069634 0.000000
vt 0.480976 0.000000
vt 0.070352 0.000000
vt 0.399856 0.000000
vt 0.077531 0.000000
vt 0.399139 0.000000
vt 0.071070 0.000000
vt 0.398421 0.000000
vt 0.076813 0.000000
vt 0.397703 0.000000
vt 0.071788 0.000000
vt 0.396985 0.000000
vt 0.076095 0.000000
vt 0.396267 0.000000
vt 0.072505 0.000000
vt 0.075377 0.000000
vt 0.395549 0.000000
vt 0.073223 0.000000
vt 0.284279 0.000000
vt 0.022254 0.000000
vt 0.074659 0.000000
vt 0.073941 0.000000
vt 0.394831 0.000000
vt 0.394113 0.000000
vt 0.393396 0.000000
vt 0.392678 0.000000
vt 0.391960 0.000000
vt 0.391242 0.000000
vt 0.390524 0.000000
vt 0.284996 0.000000
vt 0.389806 0.000000
vt 0.389088 0.000000
vt 0.388370 0.000000
vt 0.387653 0.000000
vt 0.386935 0.000000
vt 0.481694 0.000000
vt 0.285714 0.000000
vt 0.386217 0.000000
vt 0.385499 0.000000
vt 0.384781 0.000000
vt 0.021536 0.000000
vt 0.384063 0.000000
vt 0.286432 0.000000
vt 0.383345 0.000000
vt 0.382627 0.000000
vt 0.381910 0.000000
vt 0.287150 0.000000
vt 0.381192 0.000000
vt 0.482412 0.000000
vt 0.287868 0.000000
vt 0.380474 0.000000
vt 0.020818 0.000000
vt 0.379756 0.000000
vt 0.483130 0.000000
vt 0.379038 0.000000
vt 0.288586 0.000000
vt 0.378320 0.000000
vt 0.020101 0.000000
vt 0.483848 0.000000
vt 0.377602 0.000000
vt 0.376884 0.000000
vt 0.376167 0.000000
vt 0.484566 0.000000
vt 0.289304 0.000000
vt 0.375449 0.000000
vt 0.019383 0.000000
vt 0.374731 0.000000
vt 0.485284 0.000000
vt 0.374013 0.000000
vt 0.373295 0.000000
vt 0.493898 0.000000
vt 0.486001 0.000000
vt 0.493180 0.000000
vt 0.492462 0.000000
vt 0.491744 0.000000
vt 0.491027 0.000000
vt 0.018665 0.000000
vt 0.486719 0.000000
vt 0.490309 0.000000
vt 0.487437 0.000000
vt 0.489591 0.000000
vt 0.488155 0.000000
vt 0.488873 0.000000
vt 0.290022 0.000000
vt 0.017947 0.000000
vt 0.290739 0.000000
vt 0.017229 0.000000
vt 0.334530 0.000000
vt 0.016511 0.000000
vt 0.335248 0.000000
vt 0.333812 0.000000
vt 0.335966 0.000000
vt 0.333094 0.000000
vt 0.336683 0.000000
vt 0.332376 0.000000
vt 0.337401 0.000000
vt 0.331658 0.000000
vt 0.338119 0.000000
vt 0.330940 0.000000
vt 0.291457 0.000000
vt 0.338837 0.000000
vt 0.330223 0.000000
vt 0.339555 0.000000
vt 0.329505 0.000000
vt 0.340273 0.000000
vt 0.328787 0.000000
vt 0.340991 0.000000
vt 0.328069 0.000000
vt 0.341709 0.000000
vt 0.327351 0.000000
vt 0.342426 0.000000
vt 0.326633 0.000000
vt 0.343144 0.000000
vt 0.325915 0.000000
vt 0.292175 0.000000
vt 0.015793 0.000000
vt 0.343862 0.000000
vt 0.325197 0.000000
vt 0.344580 0.000000
vt 0.324480 0.000000
vt 0.345298 0.000000
vt 0.323762 0.000000
vt 0.292893 0.000000
vt 0.346016 0.000000
vt 0.323044 0.000000
vt 0.015075 0.000000
vt 0.322326 0.000000
vt 0.346734 0.000000
vt 0.321608 0.000000
vt 0.293611 0.000000
vt 0.347452 0.000000
vt 0.014358 0.000000
vt 0.320890 0.000000
vt 0.320172 0.000000
vt 0.319454 0.000000
vt 0.348169 0.000000
vt 0.318737 0.000000
vt 0.294329 0.000000
vt 0.348887 0.000000
vt 0.318019 0.000000
vt 0.013640 0.000000
vt 0.317301 0.000000
vt 0.349605 0.000000
vt 0.316583 0.000000
vt 0.350323 0.000000
vt 0.315865 0.000000
vt 0.295047 0.000000
vt 0.351041 0.000000
vt 0.315147 0.000000
vt 0.012922 0.000000
vt 0.314429 0.000000
vt 0.351759 0.000000
vt 0.295765 0.000000
vt 0.313711 0.000000
vt 0.352477 0.000000
vt 0.012204 0.000000
vt 0.312994 0.000000
vt 0.353195 0.000000
vt 0.296482 0.000000
vt 0.312276 0.000000
vt 0.297200 0.000000
vt 0.011486 0.000000
vt 0.353912 0.000000
vt 0.311558 0.000000
vt 0.297918 0.000000
vt 0.298636 0.000000
vt 0.310840 0.000000
vt 0.299354 0.000000
vt 0.354630 0.000000
vt 0.300072 0.000000
vt 0.010768 0.000000
vt 0.310122 0.000000
vt 0.300790 0.000000
vt 0.301508 0.000000
vt 0.302225 0.000000
vt 0.309404 0.000000
vt 0.302943 0.000000
vt 0.303661 0.000000
vt 0.355348 0.000000
vt 0.308686 0.000000
vt 0.304379 0.000000
vt 0.305097 0.000000
vt 0.307968 0.000000
vt 0.010050 0.000000
vt 0.305815 0.000000
vt 0.307251 0.000000
vt 0.306533 0.000000
vt 0.356066 0.000000
vt 0.009332 0.000000
vt 0.356784 0.000000
vt 0.008615 0.000000
vt 0.007897 0.000000
vt 0.357502 0.000000
vt 0.007179 0.000000
vt 0.358220 0.000000
vt 0.006461 0.000000
vt 0.005743 0.000000
vt 0.358938 0.000000
vt 0.005025 0.000000
vt 0.359655 0.000000
vt 0.004307 0.000000
vt 0.003589 0.000000
vt 0.360373 0.000000
vt 0.002872 0.000000
vt 0.361091 0.000000
vt 0.002154 0.000000
vt 0.001436 0.000000
vt 0.361809 0.000000
vt 0.000718 0.000000
vt 0.362527 0.000000
vt 0.372577 0.000000
vt 0.363245 0.000000
vt 0.371859 0.000000
vt 0.371141 0.000000
vt 0.370424 0.000000
vt 0.369706 0.000000
vt 0.368988 0.000000
vt 0.368270 0.000000
vt 0.367552 0.000000
vt 0.366834 0.000000
vt 0.366116 0.000000
vt 0.364681 0.000000
vt 0.363963 0.000000
s 0
usemtl SVGMat
f 1389/1/1 1391/2/1 1390/3/1
f 1388/4/1 1391/2/1 1389/1/1
f 1388/4/1 1392/5/1 1391/2/1
f 1097/6/1 1099/7/1 1098/8/1
f 1097/6/1 1100/9/1 1099/7/1
f 1096/10/1 1100/9/1 1097/6/1
f 1096/10/1 1101/11/1 1100/9/1
f 1095/12/1 1101/11/1 1096/10/1
f 1095/12/1 1102/13/1 1101/11/1
f 1094/14/1 1102/13/1 1095/12/1
f 1094/14/1 1103/15/1 1102/13/1
f 1093/16/1 1103/15/1 1094/14/1
f 1093/16/1 1104/17/1 1103/15/1
f 1092/18/1 1104/17/1 1093/16/1
f 1092/18/1 1105/19/1 1104/17/1
f 1091/20/1 1105/19/1 1092/18/1
f 1091/20/1 1106/21/1 1105/19/1
f 1090/22/1 1106/21/1 1091/20/1
f 1090/22/1 1107/23/1 1106/21/1
f 1089/24/1 1107/23/1 1090/22/1
f 1089/24/1 1108/25/1 1107/23/1
f 1088/26/1 1108/25/1 1089/24/1
f 1088/26/1 1109/27/1 1108/25/1
f 1087/28/1 1109/27/1 1088/26/1
f 1087/28/1 1110/29/1 1109/27/1
f 1086/30/1 1110/29/1 1087/28/1
f 1086/30/1 1111/31/1 1110/29/1
f 1086/30/1 1112/32/1 1111/31/1
f 1086/30/1 1113/33/1 1112/32/1
f 1085/34/1 1113/33/1 1086/30/1
f 1085/34/1 1114/35/1 1113/33/1
f 1085/34/1 1115/36/1 1114/35/1
f 1084/37/1 1115/36/1 1085/34/1
f 1387/38/1 1392/5/1 1388/4/1
f 1387/38/1 1393/39/1 1392/5/1
f 1084/37/1 1116/40/1 1115/36/1
f 1084/37/1 1117/41/1 1116/40/1
f 1083/42/1 1117/41/1 1084/37/1
f 1083/42/1 1118/43/1 1117/41/1
f 1083/42/1 1119/44/1 1118/43/1
f 1082/45/1 1119/44/1 1083/42/1
f 1082/45/1 1120/46/1 1119/44/1
f 1082/45/1 1121/47/1 1120/46/1
f 1081/48/1 1121/47/1 1082/45/1
f 1081/48/1 1122/49/1 1121/47/1
f 1081/48/1 1123/50/1 1122/49/1
f 1080/51/1 1123/50/1 1081/48/1
f 1080/51/1 1124/52/1 1123/50/1
f 1080/51/1 1125/53/1 1124/52/1
f 1079/54/1 1125/53/1 1080/51/1
f 1079/54/1 1126/55/1 1125/53/1
f 1079/54/1 1127/56/1 1126/55/1
f 1078/57/1 1127/56/1 1079/54/1
f 1394/58/1 1393/39/1 1387/38/1
f 1078/57/1 1128/59/1 1127/56/1
f 1078/57/1 1129/60/1 1128/59/1
f 1077/61/1 1129/60/1 1078/57/1
f 1077/61/1 1130/62/1 1129/60/1
f 1077/61/1 1131/63/1 1130/62/1
f 1076/64/1 1131/63/1 1077/61/1
f 1076/64/1 1132/65/1 1131/63/1
f 1076/64/1 1133/66/1 1132/65/1
f 1075/67/1 1350/68/1 1076/64/1
f 1350/68/1 1133/66/1 1076/64/1
f 1075/67/1 1351/69/1 1350/68/1
f 1349/70/1 1133/66/1 1350/68/1
f 1075/67/1 1352/71/1 1351/69/1
f 1348/72/1 1133/66/1 1349/70/1
f 1347/73/1 1133/66/1 1348/72/1
f 1075/67/1 1353/74/1 1352/71/1
f 1347/73/1 1134/75/1 1133/66/1
f 1346/76/1 1134/75/1 1347/73/1
f 1075/67/1 1354/77/1 1353/74/1
f 1345/78/1 1134/75/1 1346/76/1
f 1344/79/1 1134/75/1 1345/78/1
f 1075/67/1 1355/80/1 1354/77/1
f 1343/81/1 1134/75/1 1344/79/1
f 1074/82/1 1355/80/1 1075/67/1
f 1342/83/1 1134/75/1 1343/81/1
f 1074/82/1 1356/84/1 1355/80/1
f 1342/83/1 1135/85/1 1134/75/1
f 1341/86/1 1135/85/1 1342/83/1
f 1074/82/1 1357/87/1 1356/84/1
f 1340/88/1 1135/85/1 1341/86/1
f 1339/89/1 1135/85/1 1340/88/1
f 1074/82/1 1358/90/1 1357/87/1
f 1339/89/1 1136/91/1 1135/85/1
f 1073/92/1 1358/90/1 1074/82/1
f 1338/93/1 1136/91/1 1339/89/1
f 1072/94/1 1358/90/1 1073/92/1
f 1071/95/1 1358/90/1 1072/94/1
f 1337/96/1 1136/91/1 1338/93/1
f 1070/97/1 1358/90/1 1071/95/1
f 1070/97/1 1359/98/1 1358/90/1
f 1069/99/1 1359/98/1 1070/97/1
f 1336/100/1 1136/91/1 1337/96/1
f 1068/101/1 1359/98/1 1069/99/1
f 1336/100/1 1137/102/1 1136/91/1
f 1067/103/1 1359/98/1 1068/101/1
f 1066/104/1 1359/98/1 1067/103/1
f 1335/105/1 1137/102/1 1336/100/1
f 1065/106/1 1359/98/1 1066/104/1
f 1065/106/1 1360/107/1 1359/98/1
f 1064/108/1 1360/107/1 1065/106/1
f 1063/109/1 1360/107/1 1064/108/1
f 1334/110/1 1137/102/1 1335/105/1
f 1062/111/1 1360/107/1 1063/109/1
f 1061/112/1 1360/107/1 1062/111/1
f 1334/110/1 1138/113/1 1137/102/1
f 1333/114/1 1138/113/1 1334/110/1
f 1060/115/1 1360/107/1 1061/112/1
f 1060/115/1 1361/116/1 1360/107/1
f 1332/117/1 1138/113/1 1333/114/1
f 1059/118/1 1361/116/1 1060/115/1
f 1332/117/1 1139/119/1 1138/113/1
f 1331/120/1 1139/119/1 1332/117/1
f 1058/121/1 1361/116/1 1059/118/1
f 1058/121/1 1362/122/1 1361/116/1
f 1330/123/1 1139/119/1 1331/120/1
f 1057/124/1 1362/122/1 1058/121/1
f 1330/123/1 1140/125/1 1139/119/1
f 1056/126/1 1362/122/1 1057/124/1
f 1329/127/1 1140/125/1 1330/123/1
f 1055/128/1 1362/122/1 1056/126/1
f 1054/129/1 1362/122/1 1055/128/1
f 1328/130/1 1140/125/1 1329/127/1
f 1054/129/1 1363/131/1 1362/122/1
f 1053/132/1 1363/131/1 1054/129/1
f 1328/130/1 1141/133/1 1140/125/1
f 1052/134/1 1363/131/1 1053/132/1
f 1327/135/1 1141/133/1 1328/130/1
f 1051/136/1 1363/131/1 1052/134/1
f 1050/137/1 1363/131/1 1051/136/1
f 1327/135/1 1142/138/1 1141/133/1
f 1326/139/1 1142/138/1 1327/135/1
f 1049/140/1 1363/131/1 1050/137/1
f 1048/141/1 1363/131/1 1049/140/1
f 1048/141/1 1364/142/1 1363/131/1
f 1325/143/1 1142/138/1 1326/139/1
f 1047/144/1 1364/142/1 1048/141/1
f 1046/145/1 1364/142/1 1047/144/1
f 1324/146/1 1142/138/1 1325/143/1
f 1324/146/1 1143/147/1 1142/138/1
f 1045/148/1 1364/142/1 1046/145/1
f 1044/149/1 1364/142/1 1045/148/1
f 1043/150/1 1364/142/1 1044/149/1
f 1043/150/1 1365/151/1 1364/142/1
f 1323/152/1 1143/147/1 1324/146/1
f 1042/153/1 1365/151/1 1043/150/1
f 1041/154/1 1365/151/1 1042/153/1
f 1040/155/1 1365/151/1 1041/154/1
f 1323/152/1 1144/156/1 1143/147/1
f 1039/157/1 1365/151/1 1040/155/1
f 1322/158/1 1144/156/1 1323/152/1
f 1038/159/1 1365/151/1 1039/157/1
f 1037/160/1 1365/151/1 1038/159/1
f 1037/160/1 1366/161/1 1365/151/1
f 1321/162/1 1144/156/1 1322/158/1
f 1321/162/1 1145/163/1 1144/156/1
f 1036/164/1 1366/161/1 1037/160/1
f 1320/165/1 1145/163/1 1321/162/1
f 1036/164/1 1367/166/1 1366/161/1
f 1320/165/1 1146/167/1 1145/163/1
f 1319/168/1 1146/167/1 1320/165/1
f 1035/169/1 1367/166/1 1036/164/1
f 1318/170/1 1146/167/1 1319/168/1
f 1035/169/1 1368/171/1 1367/166/1
f 1318/170/1 1147/172/1 1146/167/1
f 1317/173/1 1147/172/1 1318/170/1
f 1317/173/1 1148/174/1 1147/172/1
f 1034/175/1 1368/171/1 1035/169/1
f 1317/173/1 1149/176/1 1148/174/1
f 1316/177/1 1149/176/1 1317/173/1
f 1316/177/1 1150/178/1 1149/176/1
f 1034/175/1 1369/179/1 1368/171/1
f 1315/180/1 1150/178/1 1316/177/1
f 1315/180/1 1151/181/1 1150/178/1
f 1033/182/1 1369/179/1 1034/175/1
f 1315/180/1 1152/183/1 1151/181/1
f 1314/184/1 1152/183/1 1315/180/1
f 1314/184/1 1153/185/1 1152/183/1
f 1178/186/1 1180/187/1 1179/188/1
f 1177/189/1 1180/187/1 1178/186/1
f 1177/189/1 1181/190/1 1180/187/1
f 1176/191/1 1181/190/1 1177/189/1
f 1314/184/1 1154/192/1 1153/185/1
f 1033/182/1 1370/193/1 1369/179/1
f 1175/194/1 1181/190/1 1176/191/1
f 1175/194/1 1182/195/1 1181/190/1
f 1174/196/1 1182/195/1 1175/194/1
f 1174/196/1 1183/197/1 1182/195/1
f 1173/198/1 1183/197/1 1174/196/1
f 1314/184/1 1155/199/1 1154/192/1
f 1032/200/1 1370/193/1 1033/182/1
f 1172/201/1 1183/197/1 1173/198/1
f 1172/201/1 1184/202/1 1183/197/1
f 1171/203/1 1184/202/1 1172/201/1
f 1314/184/1 1156/204/1 1155/199/1
f 1170/205/1 1184/202/1 1171/203/1
f 1314/184/1 1157/206/1 1156/204/1
f 1314/184/1 1158/207/1 1157/206/1
f 1169/208/1 1184/202/1 1170/205/1
f 1314/184/1 1159/209/1 1158/207/1
f 1168/210/1 1184/202/1 1169/208/1
f 1168/210/1 1185/211/1 1184/202/1
f 1314/184/1 1160/212/1 1159/209/1
f 1167/213/1 1185/211/1 1168/210/1
f 1314/184/1 1161/214/1 1160/212/1
f 1166/215/1 1185/211/1 1167/213/1
f 1314/184/1 1162/216/1 1161/214/1
f 1165/217/1 1185/211/1 1166/215/1
f 1314/184/1 1163/218/1 1162/216/1
f 1164/219/1 1185/211/1 1165/217/1
f 1314/184/1 1164/219/1 1163/218/1
f 1314/184/1 1185/211/1 1164/219/1
f 1313/220/1 1185/211/1 1314/184/1
f 1312/221/1 1185/211/1 1313/220/1
f 1311/222/1 1185/211/1 1312/221/1
f 1310/223/1 1185/211/1 1311/222/1
f 1309/224/1 1185/211/1 1310/223/1
f 1308/225/1 1185/211/1 1309/224/1
f 1307/226/1 1185/211/1 1308/225/1
f 1306/227/1 1185/211/1 1307/226/1
f 1305/228/1 1185/211/1 1306/227/1
f 1304/229/1 1185/211/1 1305/228/1
f 1303/230/1 1185/211/1 1304/229/1
f 1302/231/1 1185/211/1 1303/230/1
f 1301/232/1 1185/211/1 1302/231/1
f 1032/200/1 1371/233/1 1370/193/1
f 1300/234/1 1185/211/1 1301/232/1
f 1299/235/1 1185/211/1 1300/234/1
f 1299/235/1 1186/236/1 1185/211/1
f 1298/237/1 1186/236/1 1299/235/1
f 1297/238/1 1186/236/1 1298/237/1
f 1031/239/1 1371/233/1 1032/200/1
f 1296/240/1 1186/236/1 1297/238/1
f 1295/241/1 1186/236/1 1296/240/1
f 1294/242/1 1186/236/1 1295/241/1
f 1293/243/1 1186/236/1 1294/242/1
f 1292/244/1 1186/236/1 1293/243/1
f 1291/245/1 1186/236/1 1292/244/1
f 1290/246/1 1186/236/1 1291/245/1
f 1289/247/1 1186/236/1 1290/246/1
f 1288/248/1 1186/236/1 1289/247/1
f 1287/249/1 1186/236/1 1288/248/1
f 1287/249/1 1187/250/1 1186/236/1
f 1286/251/1 1187/250/1 1287/249/1
f 1285/252/1 1187/250/1 1286/251/1
f 1284/253/1 1187/250/1 1285/252/1
f 1283/254/1 1187/250/1 1284/253/1
f 1031/239/1 1372/255/1 1371/233/1
f 1282/256/1 1187/250/1 1283/254/1
f 1030/257/1 1372/255/1 1031/239/1
f 1281/258/1 1187/250/1 1282/256/1
f 1280/259/1 1187/250/1 1281/258/1
f 1279/260/1 1187/250/1 1280/259/1
f 1278/261/1 1187/250/1 1279/260/1
f 1277/262/1 1187/250/1 1278/261/1
f 1276/263/1 1187/250/1 1277/262/1
f 1275/264/1 1187/250/1 1276/263/1
f 1274/265/1 1187/250/1 1275/264/1
f 1274/265/1 1188/266/1 1187/250/1
f 1273/267/1 1188/266/1 1274/265/1
f 1272/268/1 1188/266/1 1273/267/1
f 1271/269/1 1188/266/1 1272/268/1
f 1270/270/1 1188/266/1 1271/269/1
f 1269/271/1 1188/266/1 1270/270/1
f 1268/272/1 1188/266/1 1269/271/1
f 1267/273/1 1188/266/1 1268/272/1
f 1266/274/1 1188/266/1 1267/273/1
f 1265/275/1 1188/266/1 1266/274/1
f 1264/276/1 1188/266/1 1265/275/1
f 1263/277/1 1188/266/1 1264/276/1
f 1030/257/1 1373/278/1 1372/255/1
f 1262/279/1 1188/266/1 1263/277/1
f 1029/280/1 1373/278/1 1030/257/1
f 1261/281/1 1188/266/1 1262/279/1
f 1260/282/1 1188/266/1 1261/281/1
f 1259/283/1 1188/266/1 1260/282/1
f 1258/284/1 1188/266/1 1259/283/1
f 1257/285/1 1188/266/1 1258/284/1
f 1256/286/1 1188/266/1 1257/285/1
f 1255/287/1 1188/266/1 1256/286/1
f 1254/288/1 1188/266/1 1255/287/1
f 1253/289/1 1188/266/1 1254/288/1
f 1252/290/1 1188/266/1 1253/289/1
f 1251/291/1 1188/266/1 1252/290/1
f 1251/291/1 1189/292/1 1188/266/1
f 1250/293/1 1189/292/1 1251/291/1
f 1249/294/1 1189/292/1 1250/293/1
f 1029/280/1 1374/295/1 1373/278/1
f 1248/296/1 1189/292/1 1249/294/1
f 1247/297/1 1189/292/1 1248/296/1
f 1028/298/1 1374/295/1 1029/280/1
f 1246/299/1 1189/292/1 1247/297/1
f 1245/300/1 1189/292/1 1246/299/1
f 1244/301/1 1189/292/1 1245/300/1
f 1028/298/1 1375/302/1 1374/295/1
f 1243/303/1 1189/292/1 1244/301/1
f 1242/304/1 1189/292/1 1243/303/1
f 1028/298/1 1376/305/1 1375/302/1
f 1386/306/1 1189/292/1 1242/304/1
f 1028/298/1 1377/307/1 1376/305/1
f 1027/308/1 1377/307/1 1028/298/1
f 1385/309/1 1189/292/1 1386/306/1
f 1027/308/1 1378/310/1 1377/307/1
f 1384/311/1 1189/292/1 1385/309/1
f 1384/311/1 1190/312/1 1189/292/1
f 1027/308/1 1379/313/1 1378/310/1
f 1383/314/1 1190/312/1 1384/311/1
f 1027/308/1 1380/315/1 1379/313/1
f 1382/316/1 1190/312/1 1383/314/1
f 1027/308/1 1381/317/1 1380/315/1
f 1027/308/1 1382/316/1 1381/317/1
f 1027/308/1 1190/312/1 1382/316/1
f 1026/318/1 1190/312/1 1027/308/1
f 1025/319/1 1190/312/1 1026/318/1
f 1024/320/1 1190/312/1 1025/319/1
f 1024/320/1 1191/321/1 1190/312/1
f 1023/322/1 1191/321/1 1024/320/1
f 1022/323/1 1191/321/1 1023/322/1
f 1021/324/1 1191/321/1 1022/323/1
f 1021/324/1 1192/325/1 1191/321/1
f 1020/326/1 1192/325/1 1021/324/1
f 1019/327/1 1192/325/1 1020/326/1
f 1018/328/1 1192/325/1 1019/327/1
f 1018/328/1 1193/329/1 1192/325/1
f 1017/330/1 1193/329/1 1018/328/1
f 1016/331/1 1193/329/1 1017/330/1
f 1015/332/1 1193/329/1 1016/331/1
f 1015/332/1 1194/333/1 1193/329/1
f 1014/334/1 1194/333/1 1015/332/1
f 1013/335/1 1194/333/1 1014/334/1
f 1012/336/1 1194/333/1 1013/335/1
f 1011/337/1 1194/333/1 1012/336/1
f 1010/338/1 1194/333/1 1011/337/1
f 1009/339/1 1194/333/1 1010/338/1
f 1009/339/1 1195/340/1 1194/333/1
f 1008/341/1 1195/340/1 1009/339/1
f 1007/342/1 1195/340/1 1008/341/1
f 1007/342/1 1196/343/1 1195/340/1
f 1006/344/1 1196/343/1 1007/342/1
f 1005/345/1 1196/343/1 1006/344/1
f 1005/345/1 1197/346/1 1196/343/1
f 1004/347/1 1197/346/1 1005/345/1
f 1003/348/1 1197/346/1 1004/347/1
f 1003/348/1 1198/349/1 1197/346/1
f 1002/350/1 1198/349/1 1003/348/1
f 1001/351/1 1198/349/1 1002/350/1
f 1000/352/1 1198/349/1 1001/351/1
f 1000/352/1 1199/353/1 1198/349/1
f 999/354/1 1199/353/1 1000/352/1
f 998/355/1 1199/353/1 999/354/1
f 998/355/1 1200/356/1 1199/353/1
f 997/357/1 1200/356/1 998/355/1
f 997/357/1 1201/358/1 1200/356/1
f 996/359/1 1201/358/1 997/357/1
f 995/360/1 1201/358/1 996/359/1
f 995/360/1 1202/361/1 1201/358/1
f 994/362/1 1202/361/1 995/360/1
f 993/363/1 1202/361/1 994/362/1
f 993/363/1 1203/364/1 1202/361/1
f 992/365/1 1203/364/1 993/363/1
f 992/365/1 1204/366/1 1203/364/1
f 991/367/1 1204/366/1 992/365/1
f 990/368/1 1204/366/1 991/367/1
f 990/368/1 1205/369/1 1204/366/1
f 989/370/1 1205/369/1 990/368/1
f 989/370/1 1206/371/1 1205/369/1
f 988/372/1 1206/371/1 989/370/1
f 988/372/1 851/373/1 1206/371/1
f 851/373/1 850/374/1 1206/371/1
f 850/374/1 849/375/1 1206/371/1
f 849/375/1 848/376/1 1206/371/1
f 848/376/1 1207/377/1 1206/371/1
f 988/372/1 852/378/1 851/373/1
f 988/372/1 853/379/1 852/378/1
f 988/372/1 854/380/1 853/379/1
f 847/381/1 1207/377/1 848/376/1
f 988/372/1 855/382/1 854/380/1
f 846/383/1 1207/377/1 847/381/1
f 988/372/1 856/384/1 855/382/1
f 845/385/1 1207/377/1 846/383/1
f 988/372/1 857/386/1 856/384/1
f 988/372/1 858/387/1 857/386/1
f 988/372/1 859/388/1 858/387/1
f 988/372/1 860/389/1 859/388/1
f 988/372/1 861/390/1 860/389/1
f 988/372/1 862/391/1 861/390/1
f 988/372/1 863/392/1 862/391/1
f 988/372/1 864/393/1 863/392/1
f 987/394/1 864/393/1 988/372/1
f 987/394/1 865/395/1 864/393/1
f 844/396/1 1207/377/1 845/385/1
f 987/394/1 866/397/1 865/395/1
f 987/394/1 867/398/1 866/397/1
f 987/394/1 868/399/1 867/398/1
f 987/394/1 869/400/1 868/399/1
f 987/394/1 870/401/1 869/400/1
f 987/394/1 871/402/1 870/401/1
f 987/394/1 872/403/1 871/402/1
f 844/396/1 1208/404/1 1207/377/1
f 987/394/1 873/405/1 872/403/1
f 987/394/1 874/406/1 873/405/1
f 987/394/1 875/407/1 874/406/1
f 843/408/1 1208/404/1 844/396/1
f 987/394/1 876/409/1 875/407/1
f 987/394/1 877/410/1 876/409/1
f 987/394/1 878/411/1 877/410/1
f 987/394/1 879/412/1 878/411/1
f 987/394/1 880/413/1 879/412/1
f 987/394/1 881/414/1 880/413/1
f 987/394/1 882/415/1 881/414/1
f 987/394/1 883/416/1 882/415/1
f 987/394/1 884/417/1 883/416/1
f 842/418/1 1208/404/1 843/408/1
f 987/394/1 885/419/1 884/417/1
f 986/420/1 885/419/1 987/394/1
f 986/420/1 886/421/1 885/419/1
f 986/420/1 887/422/1 886/421/1
f 986/420/1 888/423/1 887/422/1
f 986/420/1 889/424/1 888/423/1
f 986/420/1 890/425/1 889/424/1
f 986/420/1 891/426/1 890/425/1
f 841/427/1 1208/404/1 842/418/1
f 986/420/1 892/428/1 891/426/1
f 841/427/1 1209/429/1 1208/404/1
f 986/420/1 893/430/1 892/428/1
f 986/420/1 894/431/1 893/430/1
f 985/432/1 894/431/1 986/420/1
f 985/432/1 895/433/1 894/431/1
f 985/432/1 896/434/1 895/433/1
f 985/432/1 897/435/1 896/434/1
f 840/436/1 1209/429/1 841/427/1
f 985/432/1 898/437/1 897/435/1
f 984/438/1 898/437/1 985/432/1
f 984/438/1 899/439/1 898/437/1
f 984/438/1 900/440/1 899/439/1
f 984/438/1 901/441/1 900/440/1
f 983/442/1 901/441/1 984/438/1
f 983/442/1 902/443/1 901/441/1
f 840/436/1 1210/444/1 1209/429/1
f 983/442/1 903/445/1 902/443/1
f 839/446/1 1210/444/1 840/436/1
f 983/442/1 904/447/1 903/445/1
f 982/448/1 904/447/1 983/442/1
f 982/448/1 905/449/1 904/447/1
f 982/448/1 906/450/1 905/449/1
f 982/448/1 907/451/1 906/450/1
f 981/452/1 907/451/1 982/448/1
f 981/452/1 908/453/1 907/451/1
f 981/452/1 909/454/1 908/453/1
f 980/455/1 909/454/1 981/452/1
f 980/455/1 910/456/1 909/454/1
f 979/457/1 910/456/1 980/455/1
f 979/457/1 911/458/1 910/456/1
f 978/459/1 911/458/1 979/457/1
f 838/460/1 1210/444/1 839/446/1
f 978/459/1 912/461/1 911/458/1
f 977/462/1 912/461/1 978/459/1
f 838/460/1 1211/463/1 1210/444/1
f 977/462/1 913/464/1 912/461/1
f 976/465/1 913/464/1 977/462/1
f 976/465/1 914/466/1 913/464/1
f 976/465/1 915/467/1 914/466/1
f 975/468/1 915/467/1 976/465/1
f 975/468/1 916/469/1 915/467/1
f 974/470/1 916/469/1 975/468/1
f 974/470/1 917/471/1 916/469/1
f 973/472/1 917/471/1 974/470/1
f 973/472/1 918/473/1 917/471/1
f 973/472/1 919/474/1 918/473/1
f 837/475/1 1211/463/1 838/460/1
f 973/472/1 920/476/1 919/474/1
f 972/477/1 920/476/1 973/472/1
f 972/477/1 921/478/1 920/476/1
f 972/477/1 922/479/1 921/478/1
f 972/477/1 923/480/1 922/479/1
f 972/477/1 924/481/1 923/480/1
f 972/477/1 925/482/1 924/481/1
f 972/477/1 926/483/1 925/482/1
f 971/484/1 926/483/1 972/477/1
f 971/484/1 927/485/1 926/483/1
f 971/484/1 928/486/1 927/485/1
f 971/484/1 929/487/1 928/486/1
f 971/484/1 930/488/1 929/487/1
f 971/484/1 931/489/1 930/488/1
f 971/484/1 932/490/1 931/489/1
f 971/484/1 933/491/1 932/490/1
f 971/484/1 934/492/1 933/491/1
f 970/493/1 934/492/1 971/484/1
f 970/493/1 935/494/1 934/492/1
f 970/493/1 936/495/1 935/494/1
f 970/493/1 937/496/1 936/495/1
f 837/475/1 1212/497/1 1211/463/1
f 970/493/1 938/498/1 937/496/1
f 970/493/1 939/499/1 938/498/1
f 970/493/1 940/500/1 939/499/1
f 969/501/1 940/500/1 970/493/1
f 969/501/1 941/502/1 940/500/1
f 969/501/1 942/503/1 941/502/1
f 969/501/1 943/504/1 942/503/1
f 969/501/1 944/505/1 943/504/1
f 969/501/1 945/506/1 944/505/1
f 968/507/1 945/506/1 969/501/1
f 968/507/1 946/508/1 945/506/1
f 968/507/1 947/509/1 946/508/1
f 968/507/1 948/510/1 947/509/1
f 967/511/1 948/510/1 968/507/1
f 967/511/1 949/512/1 948/510/1
f 967/511/1 950/513/1 949/512/1
f 967/511/1 951/514/1 950/513/1
f 966/515/1 951/514/1 967/511/1
f 966/515/1 952/516/1 951/514/1
f 966/515/1 953/517/1 952/516/1
f 966/515/1 954/518/1 953/517/1
f 965/519/1 954/518/1 966/515/1
f 965/519/1 955/520/1 954/518/1
f 964/521/1 955/520/1 965/519/1
f 964/521/1 956/522/1 955/520/1
f 963/523/1 956/522/1 964/521/1
f 963/523/1 957/524/1 956/522/1
f 962/525/1 957/524/1 963/523/1
f 962/525/1 958/526/1 957/524/1
f 961/527/1 958/526/1 962/525/1
f 961/527/1 959/528/1 958/526/1
f 960/529/1 959/528/1 961/527/1
f 836/530/1 1212/497/1 837/475/1
f 836/530/1 1213/531/1 1212/497/1
f 835/532/1 1213/531/1 836/530/1
f 835/532/1 1214/533/1 1213/531/1
f 835/532/1 1215/534/1 1214/533/1
f 206/535/1 208/536/1 207/537/1
f 206/535/1 209/538/1 208/536/1
f 834/539/1 1215/534/1 835/532/1
f 206/535/1 210/540/1 209/538/1
f 206/535/1 211/541/1 210/540/1
f 205/542/1 211/541/1 206/535/1
f 205/542/1 212/543/1 211/541/1
f 205/542/1 213/544/1 212/543/1
f 205/542/1 214/545/1 213/544/1
f 204/546/1 214/545/1 205/542/1
f 204/546/1 215/547/1 214/545/1
f 204/546/1 216/548/1 215/547/1
f 204/546/1 217/549/1 216/548/1
f 834/539/1 1216/550/1 1215/534/1
f 203/551/1 217/549/1 204/546/1
f 203/551/1 218/552/1 217/549/1
f 203/551/1 219/553/1 218/552/1
f 203/551/1 220/554/1 219/553/1
f 202/555/1 220/554/1 203/551/1
f 202/555/1 221/556/1 220/554/1
f 834/539/1 1217/557/1 1216/550/1
f 201/558/1 221/556/1 202/555/1
f 201/558/1 222/559/1 221/556/1
f 833/560/1 1217/557/1 834/539/1
f 832/561/1 1217/557/1 833/560/1
f 832/561/1 1218/562/1 1217/557/1
f 831/563/1 1218/562/1 832/561/1
f 200/564/1 222/559/1 201/558/1
f 200/564/1 223/565/1 222/559/1
f 830/566/1 1218/562/1 831/563/1
f 830/566/1 1219/567/1 1218/562/1
f 829/568/1 1219/567/1 830/566/1
f 829/568/1 1220/569/1 1219/567/1
f 828/570/1 1220/569/1 829/568/1
f 200/564/1 224/571/1 223/565/1
f 828/570/1 1221/572/1 1220/569/1
f 827/573/1 1221/572/1 828/570/1
f 199/574/1 224/571/1 200/564/1
f 827/573/1 1222/575/1 1221/572/1
f 826/576/1 1222/575/1 827/573/1
f 826/576/1 1223/577/1 1222/575/1
f 825/578/1 1223/577/1 826/576/1
f 825/578/1 1224/579/1 1223/577/1
f 825/578/1 1225/580/1 1224/579/1
f 824/581/1 1225/580/1 825/578/1
f 199/574/1 225/582/1 224/571/1
f 824/581/1 1226/583/1 1225/580/1
f 823/584/1 1226/583/1 824/581/1
f 823/584/1 1227/585/1 1226/583/1
f 822/586/1 1227/585/1 823/584/1
f 822/586/1 1228/587/1 1227/585/1
f 1241/588/1 1228/587/1 822/586/1
f 1241/588/1 1229/589/1 1228/587/1
f 1241/588/1 1230/590/1 1229/589/1
f 1240/591/1 1230/590/1 1241/588/1
f 1240/591/1 1231/592/1 1230/590/1
f 1239/593/1 1231/592/1 1240/591/1
f 1239/593/1 1232/594/1 1231/592/1
f 198/595/1 225/582/1 199/574/1
f 1238/596/1 1232/594/1 1239/593/1
f 1238/596/1 1233/597/1 1232/594/1
f 1237/598/1 1233/597/1 1238/596/1
f 1237/598/1 1234/599/1 1233/597/1
f 1237/598/1 1235/600/1 1234/599/1
f 1236/601/1 1235/600/1 1237/598/1
f 198/595/1 226/602/1 225/582/1
f 198/595/1 227/603/1 226/602/1
f 197/604/1 227/603/1 198/595/1
f 197/604/1 228/605/1 227/603/1
f 196/606/1 228/605/1 197/604/1
f 196/606/1 229/607/1 228/605/1
f 195/608/1 229/607/1 196/606/1
f 195/608/1 230/609/1 229/607/1
f 195/608/1 231/610/1 230/609/1
f 194/611/1 231/610/1 195/608/1
f 193/612/1 231/610/1 194/611/1
f 192/613/1 231/610/1 193/612/1
f 192/613/1 232/614/1 231/610/1
f 192/613/1 233/615/1 232/614/1
f 191/616/1 233/615/1 192/613/1
f 191/616/1 234/617/1 233/615/1
f 190/618/1 234/617/1 191/616/1
f 189/619/1 234/617/1 190/618/1
f 189/619/1 235/620/1 234/617/1
f 188/621/1 235/620/1 189/619/1
f 188/621/1 236/622/1 235/620/1
f 187/623/1 236/622/1 188/621/1
f 187/623/1 237/624/1 236/622/1
f 186/625/1 237/624/1 187/623/1
f 186/625/1 238/626/1 237/624/1
f 185/627/1 238/626/1 186/625/1
f 185/627/1 239/628/1 238/626/1
f 184/629/1 239/628/1 185/627/1
f 183/630/1 239/628/1 184/629/1
f 183/630/1 240/631/1 239/628/1
f 182/632/1 240/631/1 183/630/1
f 181/633/1 240/631/1 182/632/1
f 181/633/1 241/634/1 240/631/1
f 180/635/1 241/634/1 181/633/1
f 179/636/1 241/634/1 180/635/1
f 179/636/1 242/637/1 241/634/1
f 178/638/1 242/637/1 179/636/1
f 178/638/1 243/639/1 242/637/1
f 177/640/1 243/639/1 178/638/1
f 177/640/1 244/641/1 243/639/1
f 176/642/1 244/641/1 177/640/1
f 176/642/1 245/643/1 244/641/1
f 176/642/1 246/644/1 245/643/1
f 175/645/1 769/646/1 176/642/1
f 769/646/1 246/644/1 176/642/1
f 769/646/1 247/647/1 246/644/1
f 175/645/1 770/648/1 769/646/1
f 768/649/1 247/647/1 769/646/1
f 767/650/1 247/647/1 768/649/1
f 175/645/1 771/651/1 770/648/1
f 767/650/1 248/652/1 247/647/1
f 766/653/1 248/652/1 767/650/1
f 175/645/1 772/654/1 771/651/1
f 174/655/1 772/654/1 175/645/1
f 766/653/1 249/656/1 248/652/1
f 765/657/1 249/656/1 766/653/1
f 174/655/1 773/658/1 772/654/1
f 765/657/1 250/659/1 249/656/1
f 311/660/1 313/661/1 312/662/1
f 310/663/1 313/661/1 311/660/1
f 310/663/1 314/664/1 313/661/1
f 309/665/1 314/664/1 310/663/1
f 173/666/1 773/658/1 174/655/1
f 309/665/1 315/667/1 314/664/1
f 308/668/1 315/667/1 309/665/1
f 308/668/1 316/669/1 315/667/1
f 307/670/1 316/669/1 308/668/1
f 307/670/1 317/671/1 316/669/1
f 306/672/1 317/671/1 307/670/1
f 305/673/1 317/671/1 306/672/1
f 305/673/1 318/674/1 317/671/1
f 304/675/1 318/674/1 305/673/1
f 764/676/1 250/659/1 765/657/1
f 764/676/1 251/677/1 250/659/1
f 303/678/1 318/674/1 304/675/1
f 302/679/1 318/674/1 303/678/1
f 302/679/1 319/680/1 318/674/1
f 301/681/1 319/680/1 302/679/1
f 300/682/1 319/680/1 301/681/1
f 173/666/1 774/683/1 773/658/1
f 299/684/1 319/680/1 300/682/1
f 298/685/1 319/680/1 299/684/1
f 298/685/1 320/686/1 319/680/1
f 297/687/1 320/686/1 298/685/1
f 296/688/1 320/686/1 297/687/1
f 295/689/1 320/686/1 296/688/1
f 764/676/1 252/690/1 251/677/1
f 294/691/1 320/686/1 295/689/1
f 294/691/1 321/692/1 320/686/1
f 172/693/1 774/683/1 173/666/1
f 293/694/1 321/692/1 294/691/1
f 292/695/1 321/692/1 293/694/1
f 291/696/1 321/692/1 292/695/1
f 291/696/1 322/697/1 321/692/1
f 290/698/1 322/697/1 291/696/1
f 290/698/1 323/699/1 322/697/1
f 764/676/1 253/700/1 252/690/1
f 763/701/1 253/700/1 764/676/1
f 289/702/1 323/699/1 290/698/1
f 289/702/1 324/703/1 323/699/1
f 171/704/1 774/683/1 172/693/1
f 171/704/1 775/705/1 774/683/1
f 288/706/1 324/703/1 289/702/1
f 763/701/1 254/707/1 253/700/1
f 288/706/1 325/708/1 324/703/1
f 171/704/1 776/709/1 775/705/1
f 287/710/1 325/708/1 288/706/1
f 287/710/1 326/711/1 325/708/1
f 171/704/1 777/712/1 776/709/1
f 170/713/1 777/712/1 171/704/1
f 763/701/1 255/714/1 254/707/1
f 286/715/1 326/711/1 287/710/1
f 286/715/1 327/716/1 326/711/1
f 170/713/1 778/717/1 777/712/1
f 763/701/1 256/718/1 255/714/1
f 285/719/1 327/716/1 286/715/1
f 762/720/1 256/718/1 763/701/1
f 285/719/1 328/721/1 327/716/1
f 170/713/1 779/722/1 778/717/1
f 169/723/1 779/722/1 170/713/1
f 762/720/1 257/724/1 256/718/1
f 284/725/1 328/721/1 285/719/1
f 284/725/1 329/726/1 328/721/1
f 169/723/1 780/727/1 779/722/1
f 762/720/1 258/728/1 257/724/1
f 283/729/1 329/726/1 284/725/1
f 169/723/1 781/730/1 780/727/1
f 283/729/1 330/731/1 329/726/1
f 168/732/1 781/730/1 169/723/1
f 762/720/1 259/733/1 258/728/1
f 282/734/1 330/731/1 283/729/1
f 168/732/1 782/735/1 781/730/1
f 282/734/1 331/736/1 330/731/1
f 762/720/1 260/737/1 259/733/1
f 761/738/1 260/737/1 762/720/1
f 168/732/1 783/739/1 782/735/1
f 281/740/1 331/736/1 282/734/1
f 761/738/1 261/741/1 260/737/1
f 167/742/1 783/739/1 168/732/1
f 281/740/1 332/743/1 331/736/1
f 760/744/1 261/741/1 761/738/1
f 167/742/1 784/745/1 783/739/1
f 760/744/1 262/746/1 261/741/1
f 280/747/1 332/743/1 281/740/1
f 167/742/1 785/748/1 784/745/1
f 759/749/1 262/746/1 760/744/1
f 759/749/1 263/750/1 262/746/1
f 280/747/1 333/751/1 332/743/1
f 166/752/1 785/748/1 167/742/1
f 759/749/1 264/753/1 263/750/1
f 166/752/1 786/754/1 785/748/1
f 758/755/1 264/753/1 759/749/1
f 279/756/1 333/751/1 280/747/1
f 758/755/1 265/757/1 264/753/1
f 166/752/1 787/758/1 786/754/1
f 279/756/1 334/759/1 333/751/1
f 758/755/1 266/760/1 265/757/1
f 758/755/1 267/761/1 266/760/1
f 757/762/1 267/761/1 758/755/1
f 757/762/1 268/763/1 267/761/1
f 757/762/1 269/764/1 268/763/1
f 757/762/1 270/765/1 269/764/1
f 757/762/1 271/766/1 270/765/1
f 757/762/1 272/767/1 271/766/1
f 165/768/1 787/758/1 166/752/1
f 165/768/1 788/769/1 787/758/1
f 757/762/1 273/770/1 272/767/1
f 757/762/1 274/771/1 273/770/1
f 757/762/1 275/772/1 274/771/1
f 756/773/1 275/772/1 757/762/1
f 279/756/1 335/774/1 334/759/1
f 756/773/1 276/775/1 275/772/1
f 756/773/1 277/776/1 276/775/1
f 756/773/1 278/777/1 277/776/1
f 756/773/1 279/756/1 278/777/1
f 756/773/1 335/774/1 279/756/1
f 165/768/1 789/778/1 788/769/1
f 755/779/1 335/774/1 756/773/1
f 164/780/1 789/778/1 165/768/1
f 755/779/1 336/781/1 335/774/1
f 754/782/1 336/781/1 755/779/1
f 164/780/1 790/783/1 789/778/1
f 753/784/1 336/781/1 754/782/1
f 752/785/1 336/781/1 753/784/1
f 752/785/1 337/786/1 336/781/1
f 751/787/1 337/786/1 752/785/1
f 164/780/1 791/788/1 790/783/1
f 750/789/1 337/786/1 751/787/1
f 163/790/1 791/788/1 164/780/1
f 749/791/1 337/786/1 750/789/1
f 748/792/1 337/786/1 749/791/1
f 747/793/1 337/786/1 748/792/1
f 746/794/1 337/786/1 747/793/1
f 745/795/1 337/786/1 746/794/1
f 744/796/1 337/786/1 745/795/1
f 743/797/1 337/786/1 744/796/1
f 742/798/1 337/786/1 743/797/1
f 741/799/1 337/786/1 742/798/1
f 740/800/1 337/786/1 741/799/1
f 739/801/1 337/786/1 740/800/1
f 738/802/1 337/786/1 739/801/1
f 737/803/1 337/786/1 738/802/1
f 736/804/1 337/786/1 737/803/1
f 735/805/1 337/786/1 736/804/1
f 734/806/1 337/786/1 735/805/1
f 733/807/1 337/786/1 734/806/1
f 732/808/1 337/786/1 733/807/1
f 163/790/1 792/809/1 791/788/1
f 731/810/1 337/786/1 732/808/1
f 730/811/1 337/786/1 731/810/1
f 730/811/1 338/812/1 337/786/1
f 729/813/1 338/812/1 730/811/1
f 728/814/1 338/812/1 729/813/1
f 727/815/1 338/812/1 728/814/1
f 726/816/1 338/812/1 727/815/1
f 162/817/1 792/809/1 163/790/1
f 725/818/1 338/812/1 726/816/1
f 162/817/1 793/819/1 792/809/1
f 724/820/1 338/812/1 725/818/1
f 723/821/1 338/812/1 724/820/1
f 722/822/1 338/812/1 723/821/1
f 722/822/1 339/823/1 338/812/1
f 721/824/1 339/823/1 722/822/1
f 720/825/1 339/823/1 721/824/1
f 162/817/1 794/826/1 793/819/1
f 719/827/1 339/823/1 720/825/1
f 718/828/1 339/823/1 719/827/1
f 717/829/1 339/823/1 718/828/1
f 161/830/1 794/826/1 162/817/1
f 716/831/1 339/823/1 717/829/1
f 715/832/1 339/823/1 716/831/1
f 161/830/1 795/833/1 794/826/1
f 714/834/1 339/823/1 715/832/1
f 714/834/1 340/835/1 339/823/1
f 713/836/1 340/835/1 714/834/1
f 712/837/1 340/835/1 713/836/1
f 711/838/1 340/835/1 712/837/1
f 710/839/1 340/835/1 711/838/1
f 709/840/1 340/835/1 710/839/1
f 161/830/1 796/841/1 795/833/1
f 708/842/1 340/835/1 709/840/1
f 707/843/1 340/835/1 708/842/1
f 706/844/1 340/835/1 707/843/1
f 705/845/1 340/835/1 706/844/1
f 160/846/1 796/841/1 161/830/1
f 704/847/1 340/835/1 705/845/1
f 704/847/1 341/848/1 340/835/1
f 160/846/1 797/849/1 796/841/1
f 703/850/1 341/848/1 704/847/1
f 702/851/1 341/848/1 703/850/1
f 701/852/1 341/848/1 702/851/1
f 700/853/1 341/848/1 701/852/1
f 699/854/1 341/848/1 700/853/1
f 160/846/1 798/855/1 797/849/1
f 698/856/1 341/848/1 699/854/1
f 697/857/1 341/848/1 698/856/1
f 696/858/1 341/848/1 697/857/1
f 696/858/1 342/859/1 341/848/1
f 695/860/1 342/859/1 696/858/1
f 160/846/1 799/861/1 798/855/1
f 694/862/1 342/859/1 695/860/1
f 693/863/1 342/859/1 694/862/1
f 160/846/1 800/864/1 799/861/1
f 692/865/1 342/859/1 693/863/1
f 691/866/1 342/859/1 692/865/1
f 160/846/1 801/867/1 800/864/1
f 690/868/1 342/859/1 691/866/1
f 159/869/1 801/867/1 160/846/1
f 821/870/1 342/859/1 690/868/1
f 159/869/1 802/871/1 801/867/1
f 820/872/1 342/859/1 821/870/1
f 819/873/1 342/859/1 820/872/1
f 159/869/1 803/874/1 802/871/1
f 818/875/1 342/859/1 819/873/1
f 818/875/1 343/876/1 342/859/1
f 159/869/1 804/877/1 803/874/1
f 817/878/1 343/876/1 818/875/1
f 816/879/1 343/876/1 817/878/1
f 159/869/1 805/880/1 804/877/1
f 815/881/1 343/876/1 816/879/1
f 159/869/1 806/882/1 805/880/1
f 814/883/1 343/876/1 815/881/1
f 159/869/1 807/884/1 806/882/1
f 813/885/1 343/876/1 814/883/1
f 159/869/1 808/886/1 807/884/1
f 812/887/1 343/876/1 813/885/1
f 159/869/1 809/888/1 808/886/1
f 811/889/1 343/876/1 812/887/1
f 159/869/1 810/890/1 809/888/1
f 810/890/1 343/876/1 811/889/1
f 159/869/1 343/876/1 810/890/1
f 159/869/1 344/891/1 343/876/1
f 158/892/1 344/891/1 159/869/1
f 158/892/1 345/893/1 344/891/1
f 157/894/1 345/893/1 158/892/1
f 157/894/1 346/895/1 345/893/1
f 156/896/1 346/895/1 157/894/1
f 155/897/1 346/895/1 156/896/1
f 155/897/1 347/898/1 346/895/1
f 154/899/1 347/898/1 155/897/1
f 153/900/1 347/898/1 154/899/1
f 153/900/1 348/901/1 347/898/1
f 152/902/1 348/901/1 153/900/1
f 151/903/1 348/901/1 152/902/1
f 151/903/1 349/904/1 348/901/1
f 150/905/1 349/904/1 151/903/1
f 149/906/1 349/904/1 150/905/1
f 148/907/1 349/904/1 149/906/1
f 148/907/1 350/908/1 349/904/1
f 147/909/1 350/908/1 148/907/1
f 146/910/1 350/908/1 147/909/1
f 146/910/1 351/911/1 350/908/1
f 145/912/1 351/911/1 146/910/1
f 144/913/1 351/911/1 145/912/1
f 143/914/1 351/911/1 144/913/1
f 142/915/1 351/911/1 143/914/1
f 141/916/1 351/911/1 142/915/1
f 140/917/1 351/911/1 141/916/1
f 139/918/1 351/911/1 140/917/1
f 138/919/1 351/911/1 139/918/1
f 138/919/1 352/920/1 351/911/1
f 137/921/1 352/920/1 138/919/1
f 136/922/1 352/920/1 137/921/1
f 135/923/1 352/920/1 136/922/1
f 134/924/1 352/920/1 135/923/1
f 133/925/1 352/920/1 134/924/1
f 132/926/1 352/920/1 133/925/1
f 131/927/1 352/920/1 132/926/1
f 130/928/1 352/920/1 131/927/1
f 130/928/1 353/929/1 352/920/1
f 130/928/1 354/930/1 353/929/1
f 130/928/1 355/931/1 354/930/1
f 129/932/1 355/931/1 130/928/1
f 129/932/1 356/933/1 355/931/1
f 129/932/1 357/934/1 356/933/1
f 128/935/1 357/934/1 129/932/1
f 128/935/1 358/936/1 357/934/1
f 128/935/1 359/937/1 358/936/1
f 127/938/1 612/939/1 128/935/1
f 612/939/1 359/937/1 128/935/1
f 612/939/1 611/940/1 359/937/1
f 611/940/1 360/941/1 359/937/1
f 127/938/1 613/942/1 612/939/1
f 610/943/1 360/941/1 611/940/1
f 127/938/1 614/944/1 613/942/1
f 609/945/1 360/941/1 610/943/1
f 127/938/1 615/946/1 614/944/1
f 608/947/1 360/941/1 609/945/1
f 127/938/1 616/948/1 615/946/1
f 608/947/1 361/949/1 360/941/1
f 607/950/1 361/949/1 608/947/1
f 127/938/1 617/951/1 616/948/1
f 607/950/1 362/952/1 361/949/1
f 126/953/1 617/951/1 127/938/1
f 606/954/1 362/952/1 607/950/1
f 126/953/1 618/955/1 617/951/1
f 126/953/1 619/956/1 618/955/1
f 126/953/1 620/957/1 619/956/1
f 126/953/1 621/958/1 620/957/1
f 606/954/1 363/959/1 362/952/1
f 126/953/1 622/960/1 621/958/1
f 126/953/1 623/961/1 622/960/1
f 126/953/1 624/962/1 623/961/1
f 126/953/1 625/963/1 624/962/1
f 605/964/1 363/959/1 606/954/1
f 126/953/1 626/965/1 625/963/1
f 126/953/1 627/966/1 626/965/1
f 605/964/1 364/967/1 363/959/1
f 126/953/1 628/968/1 627/966/1
f 126/953/1 629/969/1 628/968/1
f 126/953/1 630/970/1 629/969/1
f 605/964/1 365/971/1 364/967/1
f 605/964/1 366/972/1 365/971/1
f 605/964/1 367/973/1 366/972/1
f 126/953/1 631/974/1 630/970/1
f 605/964/1 368/975/1 367/973/1
f 605/964/1 369/976/1 368/975/1
f 604/977/1 369/976/1 605/964/1
f 604/977/1 370/978/1 369/976/1
f 604/977/1 371/979/1 370/978/1
f 604/977/1 372/980/1 371/979/1
f 603/981/1 372/980/1 604/977/1
f 126/953/1 632/982/1 631/974/1
f 603/981/1 373/983/1 372/980/1
f 603/981/1 374/984/1 373/983/1
f 125/985/1 632/982/1 126/953/1
f 603/981/1 375/986/1 374/984/1
f 602/987/1 375/986/1 603/981/1
f 602/987/1 376/988/1 375/986/1
f 125/985/1 633/989/1 632/982/1
f 601/990/1 376/988/1 602/987/1
f 601/990/1 377/991/1 376/988/1
f 601/990/1 378/992/1 377/991/1
f 600/993/1 378/992/1 601/990/1
f 125/985/1 634/994/1 633/989/1
f 599/995/1 378/992/1 600/993/1
f 125/985/1 635/996/1 634/994/1
f 599/995/1 379/997/1 378/992/1
f 598/998/1 379/997/1 599/995/1
f 124/999/1 635/996/1 125/985/1
f 597/1000/1 379/997/1 598/998/1
f 124/999/1 636/1001/1 635/996/1
f 596/1002/1 379/997/1 597/1000/1
f 596/1002/1 380/1003/1 379/997/1
f 124/999/1 637/1004/1 636/1001/1
f 595/1005/1 380/1003/1 596/1002/1
f 594/1006/1 380/1003/1 595/1005/1
f 124/999/1 638/1007/1 637/1004/1
f 593/1008/1 380/1003/1 594/1006/1
f 592/1009/1 380/1003/1 593/1008/1
f 591/1010/1 380/1003/1 592/1009/1
f 590/1011/1 380/1003/1 591/1010/1
f 590/1011/1 381/1012/1 380/1003/1
f 589/1013/1 381/1012/1 590/1011/1
f 123/1014/1 638/1007/1 124/999/1
f 123/1014/1 639/1015/1 638/1007/1
f 588/1016/1 381/1012/1 589/1013/1
f 587/1017/1 381/1012/1 588/1016/1
f 586/1018/1 381/1012/1 587/1017/1
f 123/1014/1 640/1019/1 639/1015/1
f 585/1020/1 381/1012/1 586/1018/1
f 584/1021/1 381/1012/1 585/1020/1
f 123/1014/1 641/1022/1 640/1019/1
f 583/1023/1 381/1012/1 584/1021/1
f 123/1014/1 642/1024/1 641/1022/1
f 123/1014/1 643/1025/1 642/1024/1
f 123/1014/1 644/1026/1 643/1025/1
f 123/1014/1 645/1027/1 644/1026/1
f 123/1014/1 646/1028/1 645/1027/1
f 582/1029/1 381/1012/1 583/1023/1
f 123/1014/1 647/1030/1 646/1028/1
f 123/1014/1 648/1031/1 647/1030/1
f 123/1014/1 649/1032/1 648/1031/1
f 582/1029/1 382/1033/1 381/1012/1
f 123/1014/1 650/1034/1 649/1032/1
f 123/1014/1 651/1035/1 650/1034/1
f 123/1014/1 652/1036/1 651/1035/1
f 123/1014/1 653/1037/1 652/1036/1
f 123/1014/1 654/1038/1 653/1037/1
f 581/1039/1 382/1033/1 582/1029/1
f 580/1040/1 382/1033/1 581/1039/1
f 122/1041/1 654/1038/1 123/1014/1
f 122/1041/1 655/1042/1 654/1038/1
f 579/1043/1 382/1033/1 580/1040/1
f 122/1041/1 656/1044/1 655/1042/1
f 579/1043/1 383/1045/1 382/1033/1
f 122/1041/1 657/1046/1 656/1044/1
f 122/1041/1 658/1047/1 657/1046/1
f 122/1041/1 659/1048/1 658/1047/1
f 578/1049/1 383/1045/1 579/1043/1
f 122/1041/1 49/1050/1 659/1048/1
f 49/1050/1 660/1051/1 659/1048/1
f 122/1041/1 50/1052/1 49/1050/1
f 48/1053/1 660/1051/1 49/1050/1
f 48/1053/1 661/1054/1 660/1051/1
f 47/1055/1 661/1054/1 48/1053/1
f 578/1049/1 384/1056/1 383/1045/1
f 121/1057/1 50/1052/1 122/1041/1
f 47/1055/1 662/1058/1 661/1054/1
f 46/1059/1 662/1058/1 47/1055/1
f 577/1060/1 384/1056/1 578/1049/1
f 46/1059/1 663/1061/1 662/1058/1
f 45/1062/1 663/1061/1 46/1059/1
f 45/1062/1 664/1063/1 663/1061/1
f 44/1064/1 664/1063/1 45/1062/1
f 44/1064/1 665/1065/1 664/1063/1
f 576/1066/1 384/1056/1 577/1060/1
f 576/1066/1 385/1067/1 384/1056/1
f 121/1057/1 51/1068/1 50/1052/1
f 43/1069/1 665/1065/1 44/1064/1
f 43/1069/1 666/1070/1 665/1065/1
f 121/1057/1 52/1071/1 51/1068/1
f 120/1072/1 52/1071/1 121/1057/1
f 43/1069/1 667/1073/1 666/1070/1
f 120/1072/1 53/1074/1 52/1071/1
f 42/1075/1 667/1073/1 43/1069/1
f 575/1076/1 385/1067/1 576/1066/1
f 120/1072/1 54/1077/1 53/1074/1
f 120/1072/1 55/1078/1 54/1077/1
f 41/1079/1 667/1073/1 42/1075/1
f 575/1076/1 386/1080/1 385/1067/1
f 120/1072/1 56/1081/1 55/1078/1
f 40/1082/1 667/1073/1 41/1079/1
f 574/1083/1 386/1080/1 575/1076/1
f 120/1072/1 57/1084/1 56/1081/1
f 119/1085/1 57/1084/1 120/1072/1
f 39/1086/1 667/1073/1 40/1082/1
f 119/1085/1 58/1087/1 57/1084/1
f 38/1088/1 667/1073/1 39/1086/1
f 119/1085/1 59/1089/1 58/1087/1
f 574/1083/1 387/1090/1 386/1080/1
f 37/1091/1 667/1073/1 38/1088/1
f 573/1092/1 387/1090/1 574/1083/1
f 36/1093/1 667/1073/1 37/1091/1
f 119/1085/1 60/1094/1 59/1089/1
f 118/1095/1 60/1094/1 119/1085/1
f 118/1095/1 61/1096/1 60/1094/1
f 36/1093/1 668/1097/1 667/1073/1
f 572/1098/1 387/1090/1 573/1092/1
f 118/1095/1 62/1099/1 61/1096/1
f 572/1098/1 388/1100/1 387/1090/1
f 118/1095/1 63/1101/1 62/1099/1
f 118/1095/1 64/1102/1 63/1101/1
f 117/1103/1 64/1102/1 118/1095/1
f 571/1104/1 388/1100/1 572/1098/1
f 117/1103/1 65/1105/1 64/1102/1
f 35/1106/1 668/1097/1 36/1093/1
f 117/1103/1 66/1107/1 65/1105/1
f 117/1103/1 67/1108/1 66/1107/1
f 571/1104/1 389/1109/1 388/1100/1
f 116/1110/1 67/1108/1 117/1103/1
f 570/1111/1 389/1109/1 571/1104/1
f 116/1110/1 68/1112/1 67/1108/1
f 35/1106/1 669/1113/1 668/1097/1
f 116/1110/1 69/1114/1 68/1112/1
f 116/1110/1 70/1115/1 69/1114/1
f 116/1110/1 71/1116/1 70/1115/1
f 115/1117/1 71/1116/1 116/1110/1
f 115/1117/1 72/1118/1 71/1116/1
f 569/1119/1 389/1109/1 570/1111/1
f 115/1117/1 73/1120/1 72/1118/1
f 34/1121/1 669/1113/1 35/1106/1
f 569/1119/1 390/1122/1 389/1109/1
f 115/1117/1 74/1123/1 73/1120/1
f 115/1117/1 75/1124/1 74/1123/1
f 115/1117/1 76/1125/1 75/1124/1
f 569/1119/1 391/1126/1 390/1122/1
f 115/1117/1 77/1127/1 76/1125/1
f 114/1128/1 77/1127/1 115/1117/1
f 114/1128/1 78/1129/1 77/1127/1
f 114/1128/1 79/1130/1 78/1129/1
f 568/1131/1 391/1126/1 569/1119/1
f 568/1131/1 392/1132/1 391/1126/1
f 114/1128/1 80/1133/1 79/1130/1
f 114/1128/1 81/1134/1 80/1133/1
f 567/1135/1 392/1132/1 568/1131/1
f 34/1121/1 670/1136/1 669/1113/1
f 114/1128/1 82/1137/1 81/1134/1
f 113/1138/1 82/1137/1 114/1128/1
f 567/1135/1 393/1139/1 392/1132/1
f 566/1140/1 393/1139/1 567/1135/1
f 113/1138/1 83/1141/1 82/1137/1
f 113/1138/1 84/1142/1 83/1141/1
f 565/1143/1 393/1139/1 566/1140/1
f 113/1138/1 85/1144/1 84/1142/1
f 33/1145/1 670/1136/1 34/1121/1
f 565/1143/1 394/1146/1 393/1139/1
f 112/1147/1 85/1144/1 113/1138/1
f 112/1147/1 86/1148/1 85/1144/1
f 564/1149/1 394/1146/1 565/1143/1
f 112/1147/1 87/1150/1 86/1148/1
f 112/1147/1 88/1151/1 87/1150/1
f 563/1152/1 394/1146/1 564/1149/1
f 112/1147/1 89/1153/1 88/1151/1
f 112/1147/1 90/1154/1 89/1153/1
f 563/1152/1 395/1155/1 394/1146/1
f 112/1147/1 91/1156/1 90/1154/1
f 111/1157/1 91/1156/1 112/1147/1
f 562/1158/1 395/1155/1 563/1152/1
f 111/1157/1 92/1159/1 91/1156/1
f 111/1157/1 93/1160/1 92/1159/1
f 561/1161/1 395/1155/1 562/1158/1
f 111/1157/1 94/1162/1 93/1160/1
f 111/1157/1 95/1163/1 94/1162/1
f 560/1164/1 395/1155/1 561/1161/1
f 111/1157/1 96/1165/1 95/1163/1
f 110/1166/1 96/1165/1 111/1157/1
f 110/1166/1 97/1167/1 96/1165/1
f 560/1164/1 396/1168/1 395/1155/1
f 559/1169/1 396/1168/1 560/1164/1
f 110/1166/1 98/1170/1 97/1167/1
f 33/1145/1 671/1171/1 670/1136/1
f 110/1166/1 99/1172/1 98/1170/1
f 558/1173/1 396/1168/1 559/1169/1
f 109/1174/1 99/1172/1 110/1166/1
f 557/1175/1 396/1168/1 558/1173/1
f 109/1174/1 100/1176/1 99/1172/1
f 556/1177/1 396/1168/1 557/1175/1
f 108/1178/1 100/1176/1 109/1174/1
f 555/1179/1 396/1168/1 556/1177/1
f 108/1178/1 101/1180/1 100/1176/1
f 554/1181/1 396/1168/1 555/1179/1
f 107/1182/1 101/1180/1 108/1178/1
f 553/1183/1 396/1168/1 554/1181/1
f 107/1182/1 102/1184/1 101/1180/1
f 106/1185/1 102/1184/1 107/1182/1
f 552/1186/1 396/1168/1 553/1183/1
f 106/1185/1 103/1187/1 102/1184/1
f 552/1186/1 397/1188/1 396/1168/1
f 32/1189/1 671/1171/1 33/1145/1
f 105/1190/1 103/1187/1 106/1185/1
f 105/1190/1 104/1191/1 103/1187/1
f 551/1192/1 397/1188/1 552/1186/1
f 550/1193/1 397/1188/1 551/1192/1
f 549/1194/1 397/1188/1 550/1193/1
f 548/1195/1 397/1188/1 549/1194/1
f 547/1196/1 397/1188/1 548/1195/1
f 546/1197/1 397/1188/1 547/1196/1
f 545/1198/1 397/1188/1 546/1197/1
f 545/1198/1 398/1199/1 397/1188/1
f 544/1200/1 398/1199/1 545/1198/1
f 543/1201/1 398/1199/1 544/1200/1
f 542/1202/1 398/1199/1 543/1201/1
f 541/1203/1 398/1199/1 542/1202/1
f 540/1204/1 398/1199/1 541/1203/1
f 32/1189/1 672/1205/1 671/1171/1
f 540/1204/1 399/1206/1 398/1199/1
f 539/1207/1 399/1206/1 540/1204/1
f 538/1208/1 399/1206/1 539/1207/1
f 537/1209/1 399/1206/1 538/1208/1
f 31/1210/1 672/1205/1 32/1189/1
f 536/1211/1 399/1206/1 537/1209/1
f 536/1211/1 400/1212/1 399/1206/1
f 535/1213/1 400/1212/1 536/1211/1
f 534/1214/1 400/1212/1 535/1213/1
f 533/1215/1 400/1212/1 534/1214/1
f 533/1215/1 401/1216/1 400/1212/1
f 532/1217/1 401/1216/1 533/1215/1
f 31/1210/1 673/1218/1 672/1205/1
f 532/1217/1 402/1219/1 401/1216/1
f 531/1220/1 402/1219/1 532/1217/1
f 30/1221/1 673/1218/1 31/1210/1
f 530/1222/1 402/1219/1 531/1220/1
f 30/1221/1 674/1223/1 673/1218/1
f 529/1224/1 402/1219/1 530/1222/1
f 529/1224/1 403/1225/1 402/1219/1
f 528/1226/1 403/1225/1 529/1224/1
f 29/1227/1 674/1223/1 30/1221/1
f 29/1227/1 675/1228/1 674/1223/1
f 527/1229/1 403/1225/1 528/1226/1
f 526/1230/1 403/1225/1 527/1229/1
f 525/1231/1 403/1225/1 526/1230/1
f 29/1227/1 676/1232/1 675/1228/1
f 525/1231/1 404/1233/1 403/1225/1
f 524/1234/1 404/1233/1 525/1231/1
f 28/1235/1 676/1232/1 29/1227/1
f 523/1236/1 404/1233/1 524/1234/1
f 28/1235/1 677/1237/1 676/1232/1
f 522/1238/1 404/1233/1 523/1236/1
f 521/1239/1 404/1233/1 522/1238/1
f 689/1240/1 404/1233/1 521/1239/1
f 28/1235/1 678/1241/1 677/1237/1
f 688/1242/1 404/1233/1 689/1240/1
f 687/1243/1 404/1233/1 688/1242/1
f 686/1244/1 404/1233/1 687/1243/1
f 685/1245/1 404/1233/1 686/1244/1
f 27/1246/1 678/1241/1 28/1235/1
f 27/1246/1 679/1247/1 678/1241/1
f 684/1248/1 404/1233/1 685/1245/1
f 27/1246/1 680/1249/1 679/1247/1
f 683/1250/1 404/1233/1 684/1248/1
f 27/1246/1 681/1251/1 680/1249/1
f 682/1252/1 404/1233/1 683/1250/1
f 27/1246/1 682/1252/1 681/1251/1
f 27/1246/1 404/1233/1 682/1252/1
f 27/1246/1 405/1253/1 404/1233/1
f 26/1254/1 405/1253/1 27/1246/1
f 26/1254/1 406/1255/1 405/1253/1
f 25/1256/1 467/1257/1 26/1254/1
f 467/1257/1 406/1255/1 26/1254/1
f 24/1258/1 468/1259/1 25/1256/1
f 468/1259/1 467/1257/1 25/1256/1
f 466/1260/1 406/1255/1 467/1257/1
f 24/1258/1 469/1261/1 468/1259/1
f 465/1262/1 406/1255/1 466/1260/1
f 24/1258/1 470/1263/1 469/1261/1
f 464/1264/1 406/1255/1 465/1262/1
f 24/1258/1 471/1265/1 470/1263/1
f 463/1266/1 406/1255/1 464/1264/1
f 24/1258/1 472/1267/1 471/1265/1
f 462/1268/1 406/1255/1 463/1266/1
f 462/1268/1 407/1269/1 406/1255/1
f 24/1258/1 473/1270/1 472/1267/1
f 461/1271/1 407/1269/1 462/1268/1
f 24/1258/1 474/1272/1 473/1270/1
f 460/1273/1 407/1269/1 461/1271/1
f 24/1258/1 475/1274/1 474/1272/1
f 459/1275/1 407/1269/1 460/1273/1
f 24/1258/1 476/1276/1 475/1274/1
f 458/1277/1 407/1269/1 459/1275/1
f 24/1258/1 477/1278/1 476/1276/1
f 457/1279/1 407/1269/1 458/1277/1
f 24/1258/1 478/1280/1 477/1278/1
f 456/1281/1 407/1269/1 457/1279/1
f 24/1258/1 479/1282/1 478/1280/1
f 455/1283/1 407/1269/1 456/1281/1
f 455/1283/1 408/1284/1 407/1269/1
f 23/1285/1 479/1282/1 24/1258/1
f 23/1285/1 480/1286/1 479/1282/1
f 454/1287/1 408/1284/1 455/1283/1
f 23/1285/1 481/1288/1 480/1286/1
f 453/1289/1 408/1284/1 454/1287/1
f 23/1285/1 482/1290/1 481/1288/1
f 452/1291/1 408/1284/1 453/1289/1
f 452/1291/1 409/1292/1 408/1284/1
f 23/1285/1 483/1293/1 482/1290/1
f 451/1294/1 409/1292/1 452/1291/1
f 22/1295/1 483/1293/1 23/1285/1
f 450/1296/1 409/1292/1 451/1294/1
f 22/1295/1 484/1297/1 483/1293/1
f 449/1298/1 409/1292/1 450/1296/1
f 449/1298/1 410/1299/1 409/1292/1
f 22/1295/1 485/1300/1 484/1297/1
f 21/1301/1 485/1300/1 22/1295/1
f 448/1302/1 410/1299/1 449/1298/1
f 447/1303/1 410/1299/1 448/1302/1
f 446/1304/1 410/1299/1 447/1303/1
f 21/1301/1 486/1305/1 485/1300/1
f 445/1306/1 410/1299/1 446/1304/1
f 445/1306/1 411/1307/1 410/1299/1
f 21/1301/1 487/1308/1 486/1305/1
f 444/1309/1 411/1307/1 445/1306/1
f 20/1310/1 487/1308/1 21/1301/1
f 443/1311/1 411/1307/1 444/1309/1
f 20/1310/1 488/1312/1 487/1308/1
f 442/1313/1 411/1307/1 443/1311/1
f 20/1310/1 489/1314/1 488/1312/1
f 441/1315/1 411/1307/1 442/1313/1
f 441/1315/1 412/1316/1 411/1307/1
f 20/1310/1 490/1317/1 489/1314/1
f 440/1318/1 412/1316/1 441/1315/1
f 19/1319/1 490/1317/1 20/1310/1
f 439/1320/1 412/1316/1 440/1318/1
f 19/1319/1 491/1321/1 490/1317/1
f 439/1320/1 413/1322/1 412/1316/1
f 438/1323/1 413/1322/1 439/1320/1
f 19/1319/1 492/1324/1 491/1321/1
f 18/1325/1 492/1324/1 19/1319/1
f 437/1326/1 413/1322/1 438/1323/1
f 18/1325/1 493/1327/1 492/1324/1
f 437/1326/1 414/1328/1 413/1322/1
f 436/1329/1 414/1328/1 437/1326/1
f 436/1329/1 415/1330/1 414/1328/1
f 17/1331/1 493/1327/1 18/1325/1
f 17/1331/1 494/1332/1 493/1327/1
f 435/1333/1 415/1330/1 436/1329/1
f 435/1333/1 416/1334/1 415/1330/1
f 435/1333/1 417/1335/1 416/1334/1
f 434/1336/1 417/1335/1 435/1333/1
f 434/1336/1 418/1337/1 417/1335/1
f 17/1331/1 495/1338/1 494/1332/1
f 434/1336/1 419/1339/1 418/1337/1
f 16/1340/1 495/1338/1 17/1331/1
f 433/1341/1 419/1339/1 434/1336/1
f 433/1341/1 420/1342/1 419/1339/1
f 433/1341/1 421/1343/1 420/1342/1
f 433/1341/1 422/1344/1 421/1343/1
f 432/1345/1 422/1344/1 433/1341/1
f 432/1345/1 423/1346/1 422/1344/1
f 432/1345/1 424/1347/1 423/1346/1
f 16/1340/1 496/1348/1 495/1338/1
f 431/1349/1 424/1347/1 432/1345/1
f 431/1349/1 425/1350/1 424/1347/1
f 431/1349/1 426/1351/1 425/1350/1
f 430/1352/1 426/1351/1 431/1349/1
f 15/1353/1 496/1348/1 16/1340/1
f 430/1352/1 427/1354/1 426/1351/1
f 429/1355/1 427/1354/1 430/1352/1
f 429/1355/1 428/1356/1 427/1354/1
f 15/1353/1 497/1357/1 496/1348/1
f 14/1358/1 497/1357/1 15/1353/1
f 14/1358/1 498/1359/1 497/1357/1
f 13/1360/1 498/1359/1 14/1358/1
f 12/1361/1 498/1359/1 13/1360/1
f 12/1361/1 499/1362/1 498/1359/1
f 11/1363/1 499/1362/1 12/1361/1
f 11/1363/1 500/1364/1 499/1362/1
f 10/1365/1 500/1364/1 11/1363/1
f 9/1366/1 500/1364/1 10/1365/1
f 9/1366/1 501/1367/1 500/1364/1
f 8/1368/1 501/1367/1 9/1366/1
f 8/1368/1 502/1369/1 501/1367/1
f 7/1370/1 502/1369/1 8/1368/1
f 6/1371/1 502/1369/1 7/1370/1
f 6/1371/1 503/1372/1 502/1369/1
f 5/1373/1 503/1372/1 6/1371/1
f 5/1373/1 504/1374/1 503/1372/1
f 4/1375/1 504/1374/1 5/1373/1
f 3/1376/1 504/1374/1 4/1375/1
f 3/1376/1 505/1377/1 504/1374/1
f 2/1378/1 505/1377/1 3/1376/1
f 2/1378/1 506/1379/1 505/1377/1
f 520/1380/1 506/1379/1 2/1378/1
f 520/1380/1 507/1381/1 506/1379/1
f 519/1382/1 507/1381/1 520/1380/1
f 518/1383/1 507/1381/1 519/1382/1
f 517/1384/1 507/1381/1 518/1383/1
f 516/1385/1 507/1381/1 517/1384/1
f 515/1386/1 507/1381/1 516/1385/1
f 514/1387/1 507/1381/1 515/1386/1
f 513/1388/1 507/1381/1 514/1387/1
f 512/1389/1 507/1381/1 513/1388/1
f 511/1390/1 507/1381/1 512/1389/1
f 509/1391/1 507/1381/1 511/1390/1
f 508/1392/1 507/1381/1 509/1391/1
f 2783/1/2 2784/3/2 2785/2/2
f 2782/4/2 2783/1/2 2785/2/2
f 2782/4/2 2785/2/2 2786/5/2
f 2491/6/2 2492/8/2 2493/7/2
f 2491/6/2 2493/7/2 2494/9/2
f 2490/10/2 2491/6/2 2494/9/2
f 2490/10/2 2494/9/2 2495/11/2
f 2489/12/2 2490/10/2 2495/11/2
f 2489/12/2 2495/11/2 2496/13/2
f 2488/14/2 2489/12/2 2496/13/2
f 2488/14/2 2496/13/2 2497/15/2
f 2487/16/2 2488/14/2 2497/15/2
f 2487/16/2 2497/15/2 2498/17/2
f 2486/18/2 2487/16/2 2498/17/2
f 2486/18/2 2498/17/2 2499/19/2
f 2485/20/2 2486/18/2 2499/19/2
f 2485/20/2 2499/19/2 2500/21/2
f 2484/22/2 2485/20/2 2500/21/2
f 2484/22/2 2500/21/2 2501/23/2
f 2483/24/2 2484/22/2 2501/23/2
f 2483/24/2 2501/23/2 2502/25/2
f 2482/26/2 2483/24/2 2502/25/2
f 2482/26/2 2502/25/2 2503/27/2
f 2481/28/2 2482/26/2 2503/27/2
f 2481/28/2 2503/27/2 2504/29/2
f 2480/30/2 2481/28/2 2504/29/2
f 2480/30/2 2504/29/2 2505/31/2
f 2480/30/2 2505/31/2 2506/32/2
f 2480/30/2 2506/32/2 2507/33/2
f 2479/34/2 2480/30/2 2507/33/2
f 2479/34/2 2507/33/2 2508/35/2
f 2479/34/2 2508/35/2 2509/36/2
f 2478/37/2 2479/34/2 2509/36/2
f 2781/38/2 2782/4/2 2786/5/2
f 2781/38/2 2786/5/2 2787/39/2
f 2478/37/2 2509/36/2 2510/40/2
f 2478/37/2 2510/40/2 2511/41/2
f 2477/42/2 2478/37/2 2511/41/2
f 2477/42/2 2511/41/2 2512/43/2
f 2477/42/2 2512/43/2 2513/44/2
f 2476/45/2 2477/42/2 2513/44/2
f 2476/45/2 2513/44/2 2514/46/2
f 2476/45/2 2514/46/2 2515/47/2
f 2475/48/2 2476/45/2 2515/47/2
f 2475/48/2 2515/47/2 2516/49/2
f 2475/48/2 2516/49/2 2517/50/2
f 2474/51/2 2475/48/2 2517/50/2
f 2474/51/2 2517/50/2 2518/52/2
f 2474/51/2 2518/52/2 2519/53/2
f 2473/54/2 2474/51/2 2519/53/2
f 2473/54/2 2519/53/2 2520/55/2
f 2473/54/2 2520/55/2 2521/56/2
f 2472/57/2 2473/54/2 2521/56/2
f 2788/58/2 2781/38/2 2787/39/2
f 2472/57/2 2521/56/2 2522/59/2
f 2472/57/2 2522/59/2 2523/60/2
f 2471/61/2 2472/57/2 2523/60/2
f 2471/61/2 2523/60/2 2524/62/2
f 2471/61/2 2524/62/2 2525/63/2
f 2470/64/2 2471/61/2 2525/63/2
f 2470/64/2 2525/63/2 2526/65/2
f 2470/64/2 2526/65/2 2527/66/2
f 2469/67/2 2470/64/2 2744/68/2
f 2744/68/2 2470/64/2 2527/66/2
f 2469/67/3 2744/68/3 2745/69/3
f 2743/70/2 2744/68/2 2527/66/2
f 2469/67/2 2745/69/2 2746/71/2
f 2742/72/2 2743/70/2 2527/66/2
f 2741/73/2 2742/72/2 2527/66/2
f 2469/67/2 2746/71/2 2747/74/2
f 2741/73/2 2527/66/2 2528/75/2
f 2740/76/2 2741/73/2 2528/75/2
f 2469/67/2 2747/74/2 2748/77/2
f 2739/78/2 2740/76/2 2528/75/2
f 2738/79/2 2739/78/2 2528/75/2
f 2469/67/2 2748/77/2 2749/80/2
f 2737/81/2 2738/79/2 2528/75/2
f 2468/82/2 2469/67/2 2749/80/2
f 2736/83/2 2737/81/2 2528/75/2
f 2468/82/2 2749/80/2 2750/84/2
f 2736/83/2 2528/75/2 2529/85/2
f 2735/86/2 2736/83/2 2529/85/2
f 2468/82/2 2750/84/2 2751/87/2
f 2734/88/2 2735/86/2 2529/85/2
f 2733/89/2 2734/88/2 2529/85/2
f 2468/82/2 2751/87/2 2752/90/2
f 2733/89/2 2529/85/2 2530/91/2
f 2467/92/2 2468/82/2 2752/90/2
f 2732/93/2 2733/89/2 2530/91/2
f 2466/94/2 2467/92/2 2752/90/2
f 2465/95/2 2466/94/2 2752/90/2
f 2731/96/2 2732/93/2 2530/91/2
f 2464/97/2 2465/95/2 2752/90/2
f 2464/97/2 2752/90/2 2753/98/2
f 2463/99/2 2464/97/2 2753/98/2
f 2730/100/2 2731/96/2 2530/91/2
f 2462/101/2 2463/99/2 2753/98/2
f 2730/100/2 2530/91/2 2531/102/2
f 2461/103/2 2462/101/2 2753/98/2
f 2460/104/2 2461/103/2 2753/98/2
f 2729/105/2 2730/100/2 2531/102/2
f 2459/106/2 2460/104/2 2753/98/2
f 2459/106/2 2753/98/2 2754/107/2
f 2458/108/2 2459/106/2 2754/107/2
f 2457/109/2 2458/108/2 2754/107/2
f 2728/110/2 2729/105/2 2531/102/2
f 2456/111/2 2457/109/2 2754/107/2
f 2455/112/2 2456/111/2 2754/107/2
f 2728/110/2 2531/102/2 2532/113/2
f 2727/114/2 2728/110/2 2532/113/2
f 2454/115/2 2455/112/2 2754/107/2
f 2454/115/2 2754/107/2 2755/116/2
f 2726/117/2 2727/114/2 2532/113/2
f 2453/118/2 2454/115/2 2755/116/2
f 2726/117/2 2532/113/2 2533/119/2
f 2725/120/2 2726/117/2 2533/119/2
f 2452/121/2 2453/118/2 2755/116/2
f 2452/121/2 2755/116/2 2756/122/2
f 2724/123/2 2725/120/2 2533/119/2
f 2451/124/2 2452/121/2 2756/122/2
f 2724/123/2 2533/119/2 2534/125/2
f 2450/126/2 2451/124/2 2756/122/2
f 2723/127/2 2724/123/2 2534/125/2
f 2449/128/2 2450/126/2 2756/122/2
f 2448/129/2 2449/128/2 2756/122/2
f 2722/130/2 2723/127/2 2534/125/2
f 2448/129/2 2756/122/2 2757/131/2
f 2447/132/2 2448/129/2 2757/131/2
f 2722/130/2 2534/125/2 2535/133/2
f 2446/134/2 2447/132/2 2757/131/2
f 2721/135/2 2722/130/2 2535/133/2
f 2445/136/2 2446/134/2 2757/131/2
f 2444/137/2 2445/136/2 2757/131/2
f 2721/135/2 2535/133/2 2536/138/2
f 2720/139/2 2721/135/2 2536/138/2
f 2443/140/2 2444/137/2 2757/131/2
f 2442/141/2 2443/140/2 2757/131/2
f 2442/141/2 2757/131/2 2758/142/2
f 2719/143/2 2720/139/2 2536/138/2
f 2441/144/2 2442/141/2 2758/142/2
f 2440/145/2 2441/144/2 2758/142/2
f 2718/146/2 2719/143/2 2536/138/2
f 2718/146/2 2536/138/2 2537/147/2
f 2439/148/2 2440/145/2 2758/142/2
f 2438/149/2 2439/148/2 2758/142/2
f 2437/150/2 2438/149/2 2758/142/2
f 2437/150/2 2758/142/2 2759/151/2
f 2717/152/2 2718/146/2 2537/147/2
f 2436/153/2 2437/150/2 2759/151/2
f 2435/154/2 2436/153/2 2759/151/2
f 2434/155/2 2435/154/2 2759/151/2
f 2717/152/2 2537/147/2 2538/156/2
f 2433/157/2 2434/155/2 2759/151/2
f 2716/158/2 2717/152/2 2538/156/2
f 2432/159/2 2433/157/2 2759/151/2
f 2431/160/2 2432/159/2 2759/151/2
f 2431/160/2 2759/151/2 2760/161/2
f 2715/162/2 2716/158/2 2538/156/2
f 2715/162/2 2538/156/2 2539/163/2
f 2430/164/2 2431/160/2 2760/161/2
f 2714/165/2 2715/162/2 2539/163/2
f 2430/164/2 2760/161/2 2761/166/2
f 2714/165/2 2539/163/2 2540/167/2
f 2713/168/2 2714/165/2 2540/167/2
f 2429/169/2 2430/164/2 2761/166/2
f 2712/170/2 2713/168/2 2540/167/2
f 2429/169/2 2761/166/2 2762/171/2
f 2712/170/2 2540/167/2 2541/172/2
f 2711/173/2 2712/170/2 2541/172/2
f 2711/173/2 2541/172/2 2542/174/2
f 2428/175/2 2429/169/2 2762/171/2
f 2711/173/2 2542/174/2 2543/176/2
f 2710/177/2 2711/173/2 2543/176/2
f 2710/177/2 2543/176/2 2544/178/2
f 2428/175/2 2762/171/2 2763/179/2
f 2709/180/2 2710/177/2 2544/178/2
f 2709/180/2 2544/178/2 2545/181/2
f 2427/182/2 2428/175/2 2763/179/2
f 2709/180/2 2545/181/2 2546/183/2
f 2708/184/2 2709/180/2 2546/183/2
f 2708/184/2 2546/183/2 2547/185/2
f 2572/186/2 2573/188/2 2574/187/2
f 2571/189/2 2572/186/2 2574/187/2
f 2571/189/2 2574/187/2 2575/190/2
f 2570/191/2 2571/189/2 2575/190/2
f 2708/184/2 2547/185/2 2548/192/2
f 2427/182/2 2763/179/2 2764/193/2
f 2569/194/2 2570/191/2 2575/190/2
f 2569/194/2 2575/190/2 2576/195/2
f 2568/196/2 2569/194/2 2576/195/2
f 2568/196/2 2576/195/2 2577/197/2
f 2567/198/2 2568/196/2 2577/197/2
f 2708/184/2 2548/192/2 2549/199/2
f 2426/200/2 2427/182/2 2764/193/2
f 2566/201/2 2567/198/2 2577/197/2
f 2566/201/2 2577/197/2 2578/202/2
f 2565/203/2 2566/201/2 2578/202/2
f 2708/184/2 2549/199/2 2550/204/2
f 2564/205/2 2565/203/2 2578/202/2
f 2708/184/2 2550/204/2 2551/206/2
f 2708/184/2 2551/206/2 2552/207/2
f 2563/208/2 2564/205/2 2578/202/2
f 2708/184/2 2552/207/2 2553/209/2
f 2562/210/2 2563/208/2 2578/202/2
f 2562/210/2 2578/202/2 2579/211/2
f 2708/184/2 2553/209/2 2554/212/2
f 2561/213/2 2562/210/2 2579/211/2
f 2708/184/2 2554/212/2 2555/214/2
f 2560/215/2 2561/213/2 2579/211/2
f 2708/184/2 2555/214/2 2556/216/2
f 2559/217/2 2560/215/2 2579/211/2
f 2708/184/2 2556/216/2 2557/218/2
f 2558/219/2 2559/217/2 2579/211/2
f 2708/184/2 2557/218/2 2558/219/2
f 2708/184/2 2558/219/2 2579/211/2
f 2707/220/2 2708/184/2 2579/211/2
f 2706/221/2 2707/220/2 2579/211/2
f 2705/222/2 2706/221/2 2579/211/2
f 2704/223/2 2705/222/2 2579/211/2
f 2703/224/2 2704/223/2 2579/211/2
f 2702/225/2 2703/224/2 2579/211/2
f 2701/226/2 2702/225/2 2579/211/2
f 2700/227/2 2701/226/2 2579/211/2
f 2699/228/2 2700/227/2 2579/211/2
f 2698/229/2 2699/228/2 2579/211/2
f 2697/230/2 2698/229/2 2579/211/2
f 2696/231/2 2697/230/2 2579/211/2
f 2695/232/2 2696/231/2 2579/211/2
f 2426/200/2 2764/193/2 2765/233/2
f 2694/234/2 2695/232/2 2579/211/2
f 2693/235/2 2694/234/2 2579/211/2
f 2693/235/2 2579/211/2 2580/236/2
f 2692/237/2 2693/235/2 2580/236/2
f 2691/238/2 2692/237/2 2580/236/2
f 2425/239/2 2426/200/2 2765/233/2
f 2690/240/2 2691/238/2 2580/236/2
f 2689/241/2 2690/240/2 2580/236/2
f 2688/242/2 2689/241/2 2580/236/2
f 2687/243/2 2688/242/2 2580/236/2
f 2686/244/2 2687/243/2 2580/236/2
f 2685/245/2 2686/244/2 2580/236/2
f 2684/246/2 2685/245/2 2580/236/2
f 2683/247/2 2684/246/2 2580/236/2
f 2682/248/2 2683/247/2 2580/236/2
f 2681/249/2 2682/248/2 2580/236/2
f 2681/249/2 2580/236/2 2581/250/2
f 2680/251/2 2681/249/2 2581/250/2
f 2679/252/2 2680/251/2 2581/250/2
f 2678/253/2 2679/252/2 2581/250/2
f 2677/254/2 2678/253/2 2581/250/2
f 2425/239/2 2765/233/2 2766/255/2
f 2676/256/2 2677/254/2 2581/250/2
f 2424/257/2 2425/239/2 2766/255/2
f 2675/258/2 2676/256/2 2581/250/2
f 2674/259/2 2675/258/2 2581/250/2
f 2673/260/2 2674/259/2 2581/250/2
f 2672/261/2 2673/260/2 2581/250/2
f 2671/262/2 2672/261/2 2581/250/2
f 2670/263/2 2671/262/2 2581/250/2
f 2669/264/2 2670/263/2 2581/250/2
f 2668/265/2 2669/264/2 2581/250/2
f 2668/265/2 2581/250/2 2582/266/2
f 2667/267/2 2668/265/2 2582/266/2
f 2666/268/2 2667/267/2 2582/266/2
f 2665/269/2 2666/268/2 2582/266/2
f 2664/270/2 2665/269/2 2582/266/2
f 2663/271/2 2664/270/2 2582/266/2
f 2662/272/2 2663/271/2 2582/266/2
f 2661/273/2 2662/272/2 2582/266/2
f 2660/274/2 2661/273/2 2582/266/2
f 2659/275/2 2660/274/2 2582/266/2
f 2658/276/2 2659/275/2 2582/266/2
f 2657/277/2 2658/276/2 2582/266/2
f 2424/257/2 2766/255/2 2767/278/2
f 2656/279/2 2657/277/2 2582/266/2
f 2423/280/2 2424/257/2 2767/278/2
f 2655/281/2 2656/279/2 2582/266/2
f 2654/282/2 2655/281/2 2582/266/2
f 2653/283/2 2654/282/2 2582/266/2
f 2652/284/2 2653/283/2 2582/266/2
f 2651/285/2 2652/284/2 2582/266/2
f 2650/286/2 2651/285/2 2582/266/2
f 2649/287/2 2650/286/2 2582/266/2
f 2648/288/2 2649/287/2 2582/266/2
f 2647/289/2 2648/288/2 2582/266/2
f 2646/290/2 2647/289/2 2582/266/2
f 2645/291/2 2646/290/2 2582/266/2
f 2645/291/2 2582/266/2 2583/292/2
f 2644/293/2 2645/291/2 2583/292/2
f 2643/294/2 2644/293/2 2583/292/2
f 2423/280/2 2767/278/2 2768/295/2
f 2642/296/2 2643/294/2 2583/292/2
f 2641/297/2 2642/296/2 2583/292/2
f 2422/298/2 2423/280/2 2768/295/2
f 2640/299/2 2641/297/2 2583/292/2
f 2639/300/2 2640/299/2 2583/292/2
f 2638/301/2 2639/300/2 2583/292/2
f 2422/298/2 2768/295/2 2769/302/2
f 2637/303/2 2638/301/2 2583/292/2
f 2636/304/2 2637/303/2 2583/292/2
f 2422/298/2 2769/302/2 2770/305/2
f 2780/306/2 2636/304/2 2583/292/2
f 2422/298/2 2770/305/2 2771/307/2
f 2421/308/2 2422/298/2 2771/307/2
f 2779/309/2 2780/306/2 2583/292/2
f 2421/308/2 2771/307/2 2772/310/2
f 2778/311/2 2779/309/2 2583/292/2
f 2778/311/2 2583/292/2 2584/312/2
f 2421/308/2 2772/310/2 2773/313/2
f 2777/314/2 2778/311/2 2584/312/2
f 2421/308/2 2773/313/2 2774/315/2
f 2776/316/2 2777/314/2 2584/312/2
f 2421/308/2 2774/315/2 2775/317/2
f 2421/308/2 2775/317/2 2776/316/2
f 2421/308/2 2776/316/2 2584/312/2
f 2420/318/2 2421/308/2 2584/312/2
f 2419/319/2 2420/318/2 2584/312/2
f 2418/320/2 2419/319/2 2584/312/2
f 2418/320/2 2584/312/2 2585/321/2
f 2417/322/2 2418/320/2 2585/321/2
f 2416/323/2 2417/322/2 2585/321/2
f 2415/324/2 2416/323/2 2585/321/2
f 2415/324/2 2585/321/2 2586/325/2
f 2414/326/2 2415/324/2 2586/325/2
f 2413/327/2 2414/326/2 2586/325/2
f 2412/328/2 2413/327/2 2586/325/2
f 2412/328/2 2586/325/2 2587/329/2
f 2411/330/2 2412/328/2 2587/329/2
f 2410/331/2 2411/330/2 2587/329/2
f 2409/332/2 2410/331/2 2587/329/2
f 2409/332/2 2587/329/2 2588/333/2
f 2408/334/2 2409/332/2 2588/333/2
f 2407/335/2 2408/334/2 2588/333/2
f 2406/336/2 2407/335/2 2588/333/2
f 2405/337/2 2406/336/2 2588/333/2
f 2404/338/2 2405/337/2 2588/333/2
f 2403/339/2 2404/338/2 2588/333/2
f 2403/339/2 2588/333/2 2589/340/2
f 2402/341/2 2403/339/2 2589/340/2
f 2401/342/2 2402/341/2 2589/340/2
f 2401/342/2 2589/340/2 2590/343/2
f 2400/344/2 2401/342/2 2590/343/2
f 2399/345/2 2400/344/2 2590/343/2
f 2399/345/2 2590/343/2 2591/346/2
f 2398/347/2 2399/345/2 2591/346/2
f 2397/348/2 2398/347/2 2591/346/2
f 2397/348/2 2591/346/2 2592/349/2
f 2396/350/2 2397/348/2 2592/349/2
f 2395/351/2 2396/350/2 2592/349/2
f 2394/352/2 2395/351/2 2592/349/2
f 2394/352/2 2592/349/2 2593/353/2
f 2393/354/2 2394/352/2 2593/353/2
f 2392/355/2 2393/354/2 2593/353/2
f 2392/355/2 2593/353/2 2594/356/2
f 2391/357/2 2392/355/2 2594/356/2
f 2391/357/2 2594/356/2 2595/358/2
f 2390/359/2 2391/357/2 2595/358/2
f 2389/360/2 2390/359/2 2595/358/2
f 2389/360/2 2595/358/2 2596/361/2
f 2388/362/2 2389/360/2 2596/361/2
f 2387/363/2 2388/362/2 2596/361/2
f 2387/363/2 2596/361/2 2597/364/2
f 2386/365/2 2387/363/2 2597/364/2
f 2386/365/2 2597/364/2 2598/366/2
f 2385/367/2 2386/365/2 2598/366/2
f 2384/368/2 2385/367/2 2598/366/2
f 2384/368/2 2598/366/2 2599/369/2
f 2383/370/2 2384/368/2 2599/369/2
f 2383/370/2 2599/369/2 2600/371/2
f 2382/372/2 2383/370/2 2600/371/2
f 2382/372/2 2600/371/2 2245/373/2
f 2245/373/2 2600/371/2 2244/374/2
f 2244/374/2 2600/371/2 2243/375/2
f 2243/375/2 2600/371/2 2242/376/2
f 2242/376/2 2600/371/2 2601/377/2
f 2382/372/2 2245/373/2 2246/378/2
f 2382/372/2 2246/378/2 2247/379/2
f 2382/372/2 2247/379/2 2248/380/2
f 2241/381/2 2242/376/2 2601/377/2
f 2382/372/2 2248/380/2 2249/382/2
f 2240/383/2 2241/381/2 2601/377/2
f 2382/372/2 2249/382/2 2250/384/2
f 2239/385/2 2240/383/2 2601/377/2
f 2382/372/2 2250/384/2 2251/386/2
f 2382/372/2 2251/386/2 2252/387/2
f 2382/372/2 2252/387/2 2253/388/2
f 2382/372/2 2253/388/2 2254/389/2
f 2382/372/2 2254/389/2 2255/390/2
f 2382/372/2 2255/390/2 2256/391/2
f 2382/372/2 2256/391/2 2257/392/2
f 2382/372/2 2257/392/2 2258/393/2
f 2381/394/2 2382/372/2 2258/393/2
f 2381/394/2 2258/393/2 2259/395/2
f 2238/396/2 2239/385/2 2601/377/2
f 2381/394/2 2259/395/2 2260/397/2
f 2381/394/2 2260/397/2 2261/398/2
f 2381/394/2 2261/398/2 2262/399/2
f 2381/394/2 2262/399/2 2263/400/2
f 2381/394/2 2263/400/2 2264/401/2
f 2381/394/2 2264/401/2 2265/402/2
f 2381/394/2 2265/402/2 2266/403/2
f 2238/396/2 2601/377/2 2602/404/2
f 2381/394/2 2266/403/2 2267/405/2
f 2381/394/2 2267/405/2 2268/406/2
f 2381/394/2 2268/406/2 2269/407/2
f 2237/408/2 2238/396/2 2602/404/2
f 2381/394/2 2269/407/2 2270/409/2
f 2381/394/2 2270/409/2 2271/410/2
f 2381/394/2 2271/410/2 2272/411/2
f 2381/394/2 2272/411/2 2273/412/2
f 2381/394/2 2273/412/2 2274/413/2
f 2381/394/2 2274/413/2 2275/414/2
f 2381/394/2 2275/414/2 2276/415/2
f 2381/394/2 2276/415/2 2277/416/2
f 2381/394/2 2277/416/2 2278/417/2
f 2236/418/2 2237/408/2 2602/404/2
f 2381/394/2 2278/417/2 2279/419/2
f 2380/420/2 2381/394/2 2279/419/2
f 2380/420/2 2279/419/2 2280/421/2
f 2380/420/2 2280/421/2 2281/422/2
f 2380/420/2 2281/422/2 2282/423/2
f 2380/420/2 2282/423/2 2283/424/2
f 2380/420/2 2283/424/2 2284/425/2
f 2380/420/2 2284/425/2 2285/426/2
f 2235/427/2 2236/418/2 2602/404/2
f 2380/420/2 2285/426/2 2286/428/2
f 2235/427/2 2602/404/2 2603/429/2
f 2380/420/2 2286/428/2 2287/430/2
f 2380/420/2 2287/430/2 2288/431/2
f 2379/432/2 2380/420/2 2288/431/2
f 2379/432/2 2288/431/2 2289/433/2
f 2379/432/2 2289/433/2 2290/434/2
f 2379/432/2 2290/434/2 2291/435/2
f 2234/436/2 2235/427/2 2603/429/2
f 2379/432/2 2291/435/2 2292/437/2
f 2378/438/2 2379/432/2 2292/437/2
f 2378/438/2 2292/437/2 2293/439/2
f 2378/438/2 2293/439/2 2294/440/2
f 2378/438/2 2294/440/2 2295/441/2
f 2377/442/2 2378/438/2 2295/441/2
f 2377/442/2 2295/441/2 2296/443/2
f 2234/436/2 2603/429/2 2604/444/2
f 2377/442/2 2296/443/2 2297/445/2
f 2233/446/2 2234/436/2 2604/444/2
f 2377/442/2 2297/445/2 2298/447/2
f 2376/448/2 2377/442/2 2298/447/2
f 2376/448/2 2298/447/2 2299/449/2
f 2376/448/2 2299/449/2 2300/450/2
f 2376/448/2 2300/450/2 2301/451/2
f 2375/452/2 2376/448/2 2301/451/2
f 2375/452/2 2301/451/2 2302/453/2
f 2375/452/2 2302/453/2 2303/454/2
f 2374/455/2 2375/452/2 2303/454/2
f 2374/455/2 2303/454/2 2304/456/2
f 2373/457/2 2374/455/2 2304/456/2
f 2373/457/2 2304/456/2 2305/458/2
f 2372/459/2 2373/457/2 2305/458/2
f 2232/460/2 2233/446/2 2604/444/2
f 2372/459/2 2305/458/2 2306/461/2
f 2371/462/2 2372/459/2 2306/461/2
f 2232/460/2 2604/444/2 2605/463/2
f 2371/462/2 2306/461/2 2307/464/2
f 2370/465/2 2371/462/2 2307/464/2
f 2370/465/2 2307/464/2 2308/466/2
f 2370/465/2 2308/466/2 2309/467/2
f 2369/468/2 2370/465/2 2309/467/2
f 2369/468/2 2309/467/2 2310/469/2
f 2368/470/2 2369/468/2 2310/469/2
f 2368/470/2 2310/469/2 2311/471/2
f 2367/472/2 2368/470/2 2311/471/2
f 2367/472/2 2311/471/2 2312/473/2
f 2367/472/2 2312/473/2 2313/474/2
f 2231/475/2 2232/460/2 2605/463/2
f 2367/472/2 2313/474/2 2314/476/2
f 2366/477/2 2367/472/2 2314/476/2
f 2366/477/2 2314/476/2 2315/478/2
f 2366/477/2 2315/478/2 2316/479/2
f 2366/477/2 2316/479/2 2317/480/2
f 2366/477/2 2317/480/2 2318/481/2
f 2366/477/2 2318/481/2 2319/482/2
f 2366/477/2 2319/482/2 2320/483/2
f 2365/484/2 2366/477/2 2320/483/2
f 2365/484/2 2320/483/2 2321/485/2
f 2365/484/2 2321/485/2 2322/486/2
f 2365/484/2 2322/486/2 2323/487/2
f 2365/484/2 2323/487/2 2324/488/2
f 2365/484/2 2324/488/2 2325/489/2
f 2365/484/2 2325/489/2 2326/490/2
f 2365/484/2 2326/490/2 2327/491/2
f 2365/484/2 2327/491/2 2328/492/2
f 2364/493/2 2365/484/2 2328/492/2
f 2364/493/2 2328/492/2 2329/494/2
f 2364/493/2 2329/494/2 2330/495/2
f 2364/493/2 2330/495/2 2331/496/2
f 2231/475/2 2605/463/2 2606/497/2
f 2364/493/2 2331/496/2 2332/498/2
f 2364/493/2 2332/498/2 2333/499/2
f 2364/493/2 2333/499/2 2334/500/2
f 2363/501/2 2364/493/2 2334/500/2
f 2363/501/2 2334/500/2 2335/502/2
f 2363/501/2 2335/502/2 2336/503/2
f 2363/501/2 2336/503/2 2337/504/2
f 2363/501/2 2337/504/2 2338/505/2
f 2363/501/2 2338/505/2 2339/506/2
f 2362/507/2 2363/501/2 2339/506/2
f 2362/507/2 2339/506/2 2340/508/2
f 2362/507/2 2340/508/2 2341/509/2
f 2362/507/2 2341/509/2 2342/510/2
f 2361/511/2 2362/507/2 2342/510/2
f 2361/511/2 2342/510/2 2343/512/2
f 2361/511/2 2343/512/2 2344/513/2
f 2361/511/2 2344/513/2 2345/514/2
f 2360/515/2 2361/511/2 2345/514/2
f 2360/515/2 2345/514/2 2346/516/2
f 2360/515/2 2346/516/2 2347/517/2
f 2360/515/2 2347/517/2 2348/518/2
f 2359/519/2 2360/515/2 2348/518/2
f 2359/519/2 2348/518/2 2349/520/2
f 2358/521/2 2359/519/2 2349/520/2
f 2358/521/2 2349/520/2 2350/522/2
f 2357/523/2 2358/521/2 2350/522/2
f 2357/523/2 2350/522/2 2351/524/2
f 2356/525/2 2357/523/2 2351/524/2
f 2356/525/2 2351/524/2 2352/526/2
f 2355/527/2 2356/525/2 2352/526/2
f 2355/527/2 2352/526/2 2353/528/2
f 2354/529/2 2355/527/2 2353/528/2
f 2230/530/2 2231/475/2 2606/497/2
f 2230/530/2 2606/497/2 2607/531/2
f 2229/532/2 2230/530/2 2607/531/2
f 2229/532/2 2607/531/2 2608/533/2
f 2229/532/2 2608/533/2 2609/534/2
f 1600/535/2 1601/537/2 1602/536/2
f 1600/535/2 1602/536/2 1603/538/2
f 2228/539/2 2229/532/2 2609/534/2
f 1600/535/2 1603/538/2 1604/540/2
f 1600/535/2 1604/540/2 1605/541/2
f 1599/542/2 1600/535/2 1605/541/2
f 1599/542/2 1605/541/2 1606/543/2
f 1599/542/2 1606/543/2 1607/544/2
f 1599/542/2 1607/544/2 1608/545/2
f 1598/546/2 1599/542/2 1608/545/2
f 1598/546/2 1608/545/2 1609/547/2
f 1598/546/2 1609/547/2 1610/548/2
f 1598/546/2 1610/548/2 1611/549/2
f 2228/539/2 2609/534/2 2610/550/2
f 1597/551/2 1598/546/2 1611/549/2
f 1597/551/2 1611/549/2 1612/552/2
f 1597/551/2 1612/552/2 1613/553/2
f 1597/551/2 1613/553/2 1614/554/2
f 1596/555/2 1597/551/2 1614/554/2
f 1596/555/2 1614/554/2 1615/556/2
f 2228/539/2 2610/550/2 2611/557/2
f 1595/558/2 1596/555/2 1615/556/2
f 1595/558/2 1615/556/2 1616/559/2
f 2227/560/2 2228/539/2 2611/557/2
f 2226/561/2 2227/560/2 2611/557/2
f 2226/561/2 2611/557/2 2612/562/2
f 2225/563/2 2226/561/2 2612/562/2
f 1594/564/2 1595/558/2 1616/559/2
f 1594/564/2 1616/559/2 1617/565/2
f 2224/566/2 2225/563/2 2612/562/2
f 2224/566/2 2612/562/2 2613/567/2
f 2223/568/2 2224/566/2 2613/567/2
f 2223/568/2 2613/567/2 2614/569/2
f 2222/570/2 2223/568/2 2614/569/2
f 1594/564/2 1617/565/2 1618/571/2
f 2222/570/2 2614/569/2 2615/572/2
f 2221/573/2 2222/570/2 2615/572/2
f 1593/574/2 1594/564/2 1618/571/2
f 2221/573/2 2615/572/2 2616/575/2
f 2220/576/2 2221/573/2 2616/575/2
f 2220/576/2 2616/575/2 2617/577/2
f 2219/578/2 2220/576/2 2617/577/2
f 2219/578/2 2617/577/2 2618/579/2
f 2219/578/2 2618/579/2 2619/580/2
f 2218/581/2 2219/578/2 2619/580/2
f 1593/574/2 1618/571/2 1619/582/2
f 2218/581/2 2619/580/2 2620/583/2
f 2217/584/2 2218/581/2 2620/583/2
f 2217/584/2 2620/583/2 2621/585/2
f 2216/586/2 2217/584/2 2621/585/2
f 2216/586/2 2621/585/2 2622/587/2
f 2635/588/2 2216/586/2 2622/587/2
f 2635/588/2 2622/587/2 2623/589/2
f 2635/588/2 2623/589/2 2624/590/2
f 2634/591/2 2635/588/2 2624/590/2
f 2634/591/2 2624/590/2 2625/592/2
f 2633/593/2 2634/591/2 2625/592/2
f 2633/593/2 2625/592/2 2626/594/2
f 1592/595/2 1593/574/2 1619/582/2
f 2632/596/2 2633/593/2 2626/594/2
f 2632/596/2 2626/594/2 2627/597/2
f 2631/598/2 2632/596/2 2627/597/2
f 2631/598/2 2627/597/2 2628/599/2
f 2631/598/2 2628/599/2 2629/600/2
f 2630/601/2 2631/598/2 2629/600/2
f 1592/595/2 1619/582/2 1620/602/2
f 1592/595/2 1620/602/2 1621/603/2
f 1591/604/2 1592/595/2 1621/603/2
f 1591/604/2 1621/603/2 1622/605/2
f 1590/606/2 1591/604/2 1622/605/2
f 1590/606/2 1622/605/2 1623/607/2
f 1589/608/2 1590/606/2 1623/607/2
f 1589/608/2 1623/607/2 1624/609/2
f 1589/608/2 1624/609/2 1625/610/2
f 1588/611/2 1589/608/2 1625/610/2
f 1587/612/2 1588/611/2 1625/610/2
f 1586/613/2 1587/612/2 1625/610/2
f 1586/613/2 1625/610/2 1626/614/2
f 1586/613/2 1626/614/2 1627/615/2
f 1585/616/2 1586/613/2 1627/615/2
f 1585/616/2 1627/615/2 1628/617/2
f 1584/618/2 1585/616/2 1628/617/2
f 1583/619/2 1584/618/2 1628/617/2
f 1583/619/2 1628/617/2 1629/620/2
f 1582/621/2 1583/619/2 1629/620/2
f 1582/621/2 1629/620/2 1630/622/2
f 1581/623/2 1582/621/2 1630/622/2
f 1581/623/2 1630/622/2 1631/624/2
f 1580/625/2 1581/623/2 1631/624/2
f 1580/625/2 1631/624/2 1632/626/2
f 1579/627/2 1580/625/2 1632/626/2
f 1579/627/2 1632/626/2 1633/628/2
f 1578/629/2 1579/627/2 1633/628/2
f 1577/630/2 1578/629/2 1633/628/2
f 1577/630/2 1633/628/2 1634/631/2
f 1576/632/2 1577/630/2 1634/631/2
f 1575/633/2 1576/632/2 1634/631/2
f 1575/633/2 1634/631/2 1635/634/2
f 1574/635/2 1575/633/2 1635/634/2
f 1573/636/2 1574/635/2 1635/634/2
f 1573/636/2 1635/634/2 1636/637/2
f 1572/638/2 1573/636/2 1636/637/2
f 1572/638/2 1636/637/2 1637/639/2
f 1571/640/2 1572/638/2 1637/639/2
f 1571/640/2 1637/639/2 1638/641/2
f 1570/642/2 1571/640/2 1638/641/2
f 1570/642/2 1638/641/2 1639/643/2
f 1570/642/2 1639/643/2 1640/644/2
f 1569/645/2 1570/642/2 2163/646/2
f 2163/646/2 1570/642/2 1640/644/2
f 2163/646/2 1640/644/2 1641/647/2
f 1569/645/2 2163/646/2 2164/648/2
f 2162/649/2 2163/646/2 1641/647/2
f 2161/650/2 2162/649/2 1641/647/2
f 1569/645/2 2164/648/2 2165/651/2
f 2161/650/2 1641/647/2 1642/652/2
f 2160/653/2 2161/650/2 1642/652/2
f 1569/645/2 2165/651/2 2166/654/2
f 1568/655/2 1569/645/2 2166/654/2
f 2160/653/2 1642/652/2 1643/656/2
f 2159/657/2 2160/653/2 1643/656/2
f 1568/655/2 2166/654/2 2167/658/2
f 2159/657/2 1643/656/2 1644/659/2
f 1705/660/2 1706/662/2 1707/661/2
f 1704/663/2 1705/660/2 1707/661/2
f 1704/663/2 1707/661/2 1708/664/2
f 1703/665/2 1704/663/2 1708/664/2
f 1567/666/2 1568/655/2 2167/658/2
f 1703/665/2 1708/664/2 1709/667/2
f 1702/668/2 1703/665/2 1709/667/2
f 1702/668/2 1709/667/2 1710/669/2
f 1701/670/2 1702/668/2 1710/669/2
f 1701/670/2 1710/669/2 1711/671/2
f 1700/672/2 1701/670/2 1711/671/2
f 1699/673/2 1700/672/2 1711/671/2
f 1699/673/2 1711/671/2 1712/674/2
f 1698/675/2 1699/673/2 1712/674/2
f 2158/676/2 2159/657/2 1644/659/2
f 2158/676/2 1644/659/2 1645/677/2
f 1697/678/2 1698/675/2 1712/674/2
f 1696/679/2 1697/678/2 1712/674/2
f 1696/679/2 1712/674/2 1713/680/2
f 1695/681/2 1696/679/2 1713/680/2
f 1694/682/2 1695/681/2 1713/680/2
f 1567/666/2 2167/658/2 2168/683/2
f 1693/684/2 1694/682/2 1713/680/2
f 1692/685/2 1693/684/2 1713/680/2
f 1692/685/2 1713/680/2 1714/686/2
f 1691/687/2 1692/685/2 1714/686/2
f 1690/688/2 1691/687/2 1714/686/2
f 1689/689/2 1690/688/2 1714/686/2
f 2158/676/2 1645/677/2 1646/690/2
f 1688/691/2 1689/689/2 1714/686/2
f 1688/691/2 1714/686/2 1715/692/2
f 1566/693/2 1567/666/2 2168/683/2
f 1687/694/2 1688/691/2 1715/692/2
f 1686/695/2 1687/694/2 1715/692/2
f 1685/696/2 1686/695/2 1715/692/2
f 1685/696/2 1715/692/2 1716/697/2
f 1684/698/2 1685/696/2 1716/697/2
f 1684/698/2 1716/697/2 1717/699/2
f 2158/676/2 1646/690/2 1647/700/2
f 2157/701/2 2158/676/2 1647/700/2
f 1683/702/2 1684/698/2 1717/699/2
f 1683/702/2 1717/699/2 1718/703/2
f 1565/704/2 1566/693/2 2168/683/2
f 1565/704/2 2168/683/2 2169/705/2
f 1682/706/2 1683/702/2 1718/703/2
f 2157/701/2 1647/700/2 1648/707/2
f 1682/706/2 1718/703/2 1719/708/2
f 1565/704/2 2169/705/2 2170/709/2
f 1681/710/2 1682/706/2 1719/708/2
f 1681/710/2 1719/708/2 1720/711/2
f 1565/704/2 2170/709/2 2171/712/2
f 1564/713/2 1565/704/2 2171/712/2
f 2157/701/2 1648/707/2 1649/714/2
f 1680/715/2 1681/710/2 1720/711/2
f 1680/715/2 1720/711/2 1721/716/2
f 1564/713/2 2171/712/2 2172/717/2
f 2157/701/2 1649/714/2 1650/718/2
f 1679/719/2 1680/715/2 1721/716/2
f 2156/720/2 2157/701/2 1650/718/2
f 1679/719/2 1721/716/2 1722/721/2
f 1564/713/2 2172/717/2 2173/722/2
f 1563/723/2 1564/713/2 2173/722/2
f 2156/720/2 1650/718/2 1651/724/2
f 1678/725/2 1679/719/2 1722/721/2
f 1678/725/2 1722/721/2 1723/726/2
f 1563/723/2 2173/722/2 2174/727/2
f 2156/720/2 1651/724/2 1652/728/2
f 1677/729/2 1678/725/2 1723/726/2
f 1563/723/2 2174/727/2 2175/730/2
f 1677/729/2 1723/726/2 1724/731/2
f 1562/732/2 1563/723/2 2175/730/2
f 2156/720/2 1652/728/2 1653/733/2
f 1676/734/2 1677/729/2 1724/731/2
f 1562/732/2 2175/730/2 2176/735/2
f 1676/734/2 1724/731/2 1725/736/2
f 2156/720/2 1653/733/2 1654/737/2
f 2155/738/2 2156/720/2 1654/737/2
f 1562/732/2 2176/735/2 2177/739/2
f 1675/740/2 1676/734/2 1725/736/2
f 2155/738/2 1654/737/2 1655/741/2
f 1561/742/2 1562/732/2 2177/739/2
f 1675/740/2 1725/736/2 1726/743/2
f 2154/744/2 2155/738/2 1655/741/2
f 1561/742/2 2177/739/2 2178/745/2
f 2154/744/2 1655/741/2 1656/746/2
f 1674/747/2 1675/740/2 1726/743/2
f 1561/742/2 2178/745/2 2179/748/2
f 2153/749/2 2154/744/2 1656/746/2
f 2153/749/2 1656/746/2 1657/750/2
f 1674/747/2 1726/743/2 1727/751/2
f 1560/752/2 1561/742/2 2179/748/2
f 2153/749/2 1657/750/2 1658/753/2
f 1560/752/2 2179/748/2 2180/754/2
f 2152/755/2 2153/749/2 1658/753/2
f 1673/756/2 1674/747/2 1727/751/2
f 2152/755/2 1658/753/2 1659/757/2
f 1560/752/2 2180/754/2 2181/758/2
f 1673/756/2 1727/751/2 1728/759/2
f 2152/755/2 1659/757/2 1660/760/2
f 2152/755/2 1660/760/2 1661/761/2
f 2151/762/2 2152/755/2 1661/761/2
f 2151/762/2 1661/761/2 1662/763/2
f 2151/762/2 1662/763/2 1663/764/2
f 2151/762/2 1663/764/2 1664/765/2
f 2151/762/2 1664/765/2 1665/766/2
f 2151/762/2 1665/766/2 1666/767/2
f 1559/768/2 1560/752/2 2181/758/2
f 1559/768/2 2181/758/2 2182/769/2
f 2151/762/2 1666/767/2 1667/770/2
f 2151/762/2 1667/770/2 1668/771/2
f 2151/762/2 1668/771/2 1669/772/2
f 2150/773/2 2151/762/2 1669/772/2
f 1673/756/2 1728/759/2 1729/774/2
f 2150/773/2 1669/772/2 1670/775/2
f 2150/773/2 1670/775/2 1671/776/2
f 2150/773/2 1671/776/2 1672/777/2
f 2150/773/2 1672/777/2 1673/756/2
f 2150/773/2 1673/756/2 1729/774/2
f 1559/768/2 2182/769/2 2183/778/2
f 2149/779/2 2150/773/2 1729/774/2
f 1558/780/2 1559/768/2 2183/778/2
f 2149/779/2 1729/774/2 1730/781/2
f 2148/782/2 2149/779/2 1730/781/2
f 1558/780/2 2183/778/2 2184/783/2
f 2147/784/2 2148/782/2 1730/781/2
f 2146/785/2 2147/784/2 1730/781/2
f 2146/785/2 1730/781/2 1731/786/2
f 2145/787/2 2146/785/2 1731/786/2
f 1558/780/2 2184/783/2 2185/788/2
f 2144/789/2 2145/787/2 1731/786/2
f 1557/790/2 1558/780/2 2185/788/2
f 2143/791/2 2144/789/2 1731/786/2
f 2142/792/2 2143/791/2 1731/786/2
f 2141/793/2 2142/792/2 1731/786/2
f 2140/794/2 2141/793/2 1731/786/2
f 2139/795/2 2140/794/2 1731/786/2
f 2138/796/2 2139/795/2 1731/786/2
f 2137/797/2 2138/796/2 1731/786/2
f 2136/798/2 2137/797/2 1731/786/2
f 2135/799/2 2136/798/2 1731/786/2
f 2134/800/2 2135/799/2 1731/786/2
f 2133/801/2 2134/800/2 1731/786/2
f 2132/802/2 2133/801/2 1731/786/2
f 2131/803/2 2132/802/2 1731/786/2
f 2130/804/2 2131/803/2 1731/786/2
f 2129/805/2 2130/804/2 1731/786/2
f 2128/806/2 2129/805/2 1731/786/2
f 2127/807/2 2128/806/2 1731/786/2
f 2126/808/2 2127/807/2 1731/786/2
f 1557/790/2 2185/788/2 2186/809/2
f 2125/810/2 2126/808/2 1731/786/2
f 2124/811/2 2125/810/2 1731/786/2
f 2124/811/2 1731/786/2 1732/812/2
f 2123/813/2 2124/811/2 1732/812/2
f 2122/814/2 2123/813/2 1732/812/2
f 2121/815/2 2122/814/2 1732/812/2
f 2120/816/2 2121/815/2 1732/812/2
f 1556/817/2 1557/790/2 2186/809/2
f 2119/818/2 2120/816/2 1732/812/2
f 1556/817/2 2186/809/2 2187/819/2
f 2118/820/2 2119/818/2 1732/812/2
f 2117/821/2 2118/820/2 1732/812/2
f 2116/822/2 2117/821/2 1732/812/2
f 2116/822/2 1732/812/2 1733/823/2
f 2115/824/2 2116/822/2 1733/823/2
f 2114/825/2 2115/824/2 1733/823/2
f 1556/817/2 2187/819/2 2188/826/2
f 2113/827/2 2114/825/2 1733/823/2
f 2112/828/2 2113/827/2 1733/823/2
f 2111/829/2 2112/828/2 1733/823/2
f 1555/830/2 1556/817/2 2188/826/2
f 2110/831/2 2111/829/2 1733/823/2
f 2109/832/2 2110/831/2 1733/823/2
f 1555/830/2 2188/826/2 2189/833/2
f 2108/834/2 2109/832/2 1733/823/2
f 2108/834/2 1733/823/2 1734/835/2
f 2107/836/2 2108/834/2 1734/835/2
f 2106/837/2 2107/836/2 1734/835/2
f 2105/838/2 2106/837/2 1734/835/2
f 2104/839/2 2105/838/2 1734/835/2
f 2103/840/2 2104/839/2 1734/835/2
f 1555/830/2 2189/833/2 2190/841/2
f 2102/842/2 2103/840/2 1734/835/2
f 2101/843/2 2102/842/2 1734/835/2
f 2100/844/2 2101/843/2 1734/835/2
f 2099/845/2 2100/844/2 1734/835/2
f 1554/846/2 1555/830/2 2190/841/2
f 2098/847/2 2099/845/2 1734/835/2
f 2098/847/2 1734/835/2 1735/848/2
f 1554/846/2 2190/841/2 2191/849/2
f 2097/850/2 2098/847/2 1735/848/2
f 2096/851/2 2097/850/2 1735/848/2
f 2095/852/2 2096/851/2 1735/848/2
f 2094/853/2 2095/852/2 1735/848/2
f 2093/854/2 2094/853/2 1735/848/2
f 1554/846/2 2191/849/2 2192/855/2
f 2092/856/2 2093/854/2 1735/848/2
f 2091/857/2 2092/856/2 1735/848/2
f 2090/858/2 2091/857/2 1735/848/2
f 2090/858/2 1735/848/2 1736/859/2
f 2089/860/2 2090/858/2 1736/859/2
f 1554/846/2 2192/855/2 2193/861/2
f 2088/862/2 2089/860/2 1736/859/2
f 2087/863/2 2088/862/2 1736/859/2
f 1554/846/2 2193/861/2 2194/864/2
f 2086/865/2 2087/863/2 1736/859/2
f 2085/866/2 2086/865/2 1736/859/2
f 1554/846/2 2194/864/2 2195/867/2
f 2084/868/2 2085/866/2 1736/859/2
f 1553/869/2 1554/846/2 2195/867/2
f 2215/870/2 2084/868/2 1736/859/2
f 1553/869/2 2195/867/2 2196/871/2
f 2214/872/2 2215/870/2 1736/859/2
f 2213/873/2 2214/872/2 1736/859/2
f 1553/869/2 2196/871/2 2197/874/2
f 2212/875/2 2213/873/2 1736/859/2
f 2212/875/2 1736/859/2 1737/876/2
f 1553/869/2 2197/874/2 2198/877/2
f 2211/878/2 2212/875/2 1737/876/2
f 2210/879/2 2211/878/2 1737/876/2
f 1553/869/2 2198/877/2 2199/880/2
f 2209/881/2 2210/879/2 1737/876/2
f 1553/869/2 2199/880/2 2200/882/2
f 2208/883/2 2209/881/2 1737/876/2
f 1553/869/2 2200/882/2 2201/884/2
f 2207/885/2 2208/883/2 1737/876/2
f 1553/869/2 2201/884/2 2202/886/2
f 2206/887/2 2207/885/2 1737/876/2
f 1553/869/2 2202/886/2 2203/888/2
f 2205/889/2 2206/887/2 1737/876/2
f 1553/869/2 2203/888/2 2204/890/2
f 2204/890/2 2205/889/2 1737/876/2
f 1553/869/2 2204/890/2 1737/876/2
f 1553/869/2 1737/876/2 1738/891/2
f 1552/892/2 1553/869/2 1738/891/2
f 1552/892/2 1738/891/2 1739/893/2
f 1551/894/2 1552/892/2 1739/893/2
f 1551/894/2 1739/893/2 1740/895/2
f 1550/896/2 1551/894/2 1740/895/2
f 1549/897/2 1550/896/2 1740/895/2
f 1549/897/2 1740/895/2 1741/898/2
f 1548/899/2 1549/897/2 1741/898/2
f 1547/900/2 1548/899/2 1741/898/2
f 1547/900/2 1741/898/2 1742/901/2
f 1546/902/2 1547/900/2 1742/901/2
f 1545/903/2 1546/902/2 1742/901/2
f 1545/903/2 1742/901/2 1743/904/2
f 1544/905/2 1545/903/2 1743/904/2
f 1543/906/2 1544/905/2 1743/904/2
f 1542/907/2 1543/906/2 1743/904/2
f 1542/907/2 1743/904/2 1744/908/2
f 1541/909/2 1542/907/2 1744/908/2
f 1540/910/2 1541/909/2 1744/908/2
f 1540/910/2 1744/908/2 1745/911/2
f 1539/912/2 1540/910/2 1745/911/2
f 1538/913/2 1539/912/2 1745/911/2
f 1537/914/2 1538/913/2 1745/911/2
f 1536/915/2 1537/914/2 1745/911/2
f 1535/916/2 1536/915/2 1745/911/2
f 1534/917/2 1535/916/2 1745/911/2
f 1533/918/2 1534/917/2 1745/911/2
f 1532/919/2 1533/918/2 1745/911/2
f 1532/919/2 1745/911/2 1746/920/2
f 1531/921/2 1532/919/2 1746/920/2
f 1530/922/2 1531/921/2 1746/920/2
f 1529/923/2 1530/922/2 1746/920/2
f 1528/924/2 1529/923/2 1746/920/2
f 1527/925/2 1528/924/2 1746/920/2
f 1526/926/2 1527/925/2 1746/920/2
f 1525/927/2 1526/926/2 1746/920/2
f 1524/928/2 1525/927/2 1746/920/2
f 1524/928/2 1746/920/2 1747/929/2
f 1524/928/2 1747/929/2 1748/930/2
f 1524/928/2 1748/930/2 1749/931/2
f 1523/932/2 1524/928/2 1749/931/2
f 1523/932/2 1749/931/2 1750/933/2
f 1523/932/2 1750/933/2 1751/934/2
f 1522/935/2 1523/932/2 1751/934/2
f 1522/935/2 1751/934/2 1752/936/2
f 1522/935/2 1752/936/2 1753/937/2
f 1521/938/2 1522/935/2 2006/939/2
f 2006/939/2 1522/935/2 1753/937/2
f 2006/939/2 1753/937/2 2005/940/2
f 2005/940/2 1753/937/2 1754/941/2
f 1521/938/2 2006/939/2 2007/942/2
f 2004/943/2 2005/940/2 1754/941/2
f 1521/938/2 2007/942/2 2008/944/2
f 2003/945/2 2004/943/2 1754/941/2
f 1521/938/2 2008/944/2 2009/946/2
f 2002/947/2 2003/945/2 1754/941/2
f 1521/938/2 2009/946/2 2010/948/2
f 2002/947/2 1754/941/2 1755/949/2
f 2001/950/2 2002/947/2 1755/949/2
f 1521/938/2 2010/948/2 2011/951/2
f 2001/950/2 1755/949/2 1756/952/2
f 1520/953/2 1521/938/2 2011/951/2
f 2000/954/2 2001/950/2 1756/952/2
f 1520/953/2 2011/951/2 2012/955/2
f 1520/953/2 2012/955/2 2013/956/2
f 1520/953/2 2013/956/2 2014/957/2
f 1520/953/2 2014/957/2 2015/958/2
f 2000/954/2 1756/952/2 1757/959/2
f 1520/953/2 2015/958/2 2016/960/2
f 1520/953/2 2016/960/2 2017/961/2
f 1520/953/2 2017/961/2 2018/962/2
f 1520/953/2 2018/962/2 2019/963/2
f 1999/964/2 2000/954/2 1757/959/2
f 1520/953/2 2019/963/2 2020/965/2
f 1520/953/2 2020/965/2 2021/966/2
f 1999/964/2 1757/959/2 1758/967/2
f 1520/953/2 2021/966/2 2022/968/2
f 1520/953/2 2022/968/2 2023/969/2
f 1520/953/2 2023/969/2 2024/970/2
f 1999/964/2 1758/967/2 1759/971/2
f 1999/964/2 1759/971/2 1760/972/2
f 1999/964/2 1760/972/2 1761/973/2
f 1520/953/2 2024/970/2 2025/974/2
f 1999/964/2 1761/973/2 1762/975/2
f 1999/964/2 1762/975/2 1763/976/2
f 1998/977/2 1999/964/2 1763/976/2
f 1998/977/2 1763/976/2 1764/978/2
f 1998/977/2 1764/978/2 1765/979/2
f 1998/977/2 1765/979/2 1766/980/2
f 1997/981/2 1998/977/2 1766/980/2
f 1520/953/2 2025/974/2 2026/982/2
f 1997/981/2 1766/980/2 1767/983/2
f 1997/981/2 1767/983/2 1768/984/2
f 1519/985/2 1520/953/2 2026/982/2
f 1997/981/2 1768/984/2 1769/986/2
f 1996/987/2 1997/981/2 1769/986/2
f 1996/987/2 1769/986/2 1770/988/2
f 1519/985/2 2026/982/2 2027/989/2
f 1995/990/2 1996/987/2 1770/988/2
f 1995/990/2 1770/988/2 1771/991/2
f 1995/990/2 1771/991/2 1772/992/2
f 1994/993/2 1995/990/2 1772/992/2
f 1519/985/2 2027/989/2 2028/994/2
f 1993/995/2 1994/993/2 1772/992/2
f 1519/985/2 2028/994/2 2029/996/2
f 1993/995/2 1772/992/2 1773/997/2
f 1992/998/2 1993/995/2 1773/997/2
f 1518/999/2 1519/985/2 2029/996/2
f 1991/1000/2 1992/998/2 1773/997/2
f 1518/999/2 2029/996/2 2030/1001/2
f 1990/1002/2 1991/1000/2 1773/997/2
f 1990/1002/2 1773/997/2 1774/1003/2
f 1518/999/2 2030/1001/2 2031/1004/2
f 1989/1005/2 1990/1002/2 1774/1003/2
f 1988/1006/2 1989/1005/2 1774/1003/2
f 1518/999/2 2031/1004/2 2032/1007/2
f 1987/1008/2 1988/1006/2 1774/1003/2
f 1986/1009/2 1987/1008/2 1774/1003/2
f 1985/1010/2 1986/1009/2 1774/1003/2
f 1984/1011/2 1985/1010/2 1774/1003/2
f 1984/1011/2 1774/1003/2 1775/1012/2
f 1983/1013/2 1984/1011/2 1775/1012/2
f 1517/1014/2 1518/999/2 2032/1007/2
f 1517/1014/2 2032/1007/2 2033/1015/2
f 1982/1016/2 1983/1013/2 1775/1012/2
f 1981/1017/2 1982/1016/2 1775/1012/2
f 1980/1018/2 1981/1017/2 1775/1012/2
f 1517/1014/2 2033/1015/2 2034/1019/2
f 1979/1020/2 1980/1018/2 1775/1012/2
f 1978/1021/2 1979/1020/2 1775/1012/2
f 1517/1014/2 2034/1019/2 2035/1022/2
f 1977/1023/2 1978/1021/2 1775/1012/2
f 1517/1014/2 2035/1022/2 2036/1024/2
f 1517/1014/2 2036/1024/2 2037/1025/2
f 1517/1014/2 2037/1025/2 2038/1026/2
f 1517/1014/2 2038/1026/2 2039/1027/2
f 1517/1014/2 2039/1027/2 2040/1028/2
f 1976/1029/2 1977/1023/2 1775/1012/2
f 1517/1014/2 2040/1028/2 2041/1030/2
f 1517/1014/2 2041/1030/2 2042/1031/2
f 1517/1014/2 2042/1031/2 2043/1032/2
f 1976/1029/2 1775/1012/2 1776/1033/2
f 1517/1014/2 2043/1032/2 2044/1034/2
f 1517/1014/2 2044/1034/2 2045/1035/2
f 1517/1014/2 2045/1035/2 2046/1036/2
f 1517/1014/2 2046/1036/2 2047/1037/2
f 1517/1014/2 2047/1037/2 2048/1038/2
f 1975/1039/2 1976/1029/2 1776/1033/2
f 1974/1040/2 1975/1039/2 1776/1033/2
f 1516/1041/2 1517/1014/2 2048/1038/2
f 1516/1041/2 2048/1038/2 2049/1042/2
f 1973/1043/2 1974/1040/2 1776/1033/2
f 1516/1041/2 2049/1042/2 2050/1044/2
f 1973/1043/2 1776/1033/2 1777/1045/2
f 1516/1041/2 2050/1044/2 2051/1046/2
f 1516/1041/2 2051/1046/2 2052/1047/2
f 1516/1041/2 2052/1047/2 2053/1048/2
f 1972/1049/2 1973/1043/2 1777/1045/2
f 1516/1041/2 2053/1048/2 1443/1050/2
f 1443/1050/2 2053/1048/2 2054/1051/2
f 1516/1041/2 1443/1050/2 1444/1052/2
f 1442/1053/2 1443/1050/2 2054/1051/2
f 1442/1053/2 2054/1051/2 2055/1054/2
f 1441/1055/2 1442/1053/2 2055/1054/2
f 1972/1049/2 1777/1045/2 1778/1056/2
f 1515/1057/2 1516/1041/2 1444/1052/2
f 1441/1055/2 2055/1054/2 2056/1058/2
f 1440/1059/2 1441/1055/2 2056/1058/2
f 1971/1060/2 1972/1049/2 1778/1056/2
f 1440/1059/2 2056/1058/2 2057/1061/2
f 1439/1062/2 1440/1059/2 2057/1061/2
f 1439/1062/2 2057/1061/2 2058/1063/2
f 1438/1064/2 1439/1062/2 2058/1063/2
f 1438/1064/2 2058/1063/2 2059/1065/2
f 1970/1066/2 1971/1060/2 1778/1056/2
f 1970/1066/2 1778/1056/2 1779/1067/2
f 1515/1057/2 1444/1052/2 1445/1068/2
f 1437/1069/2 1438/1064/2 2059/1065/2
f 1437/1069/2 2059/1065/2 2060/1070/2
f 1515/1057/2 1445/1068/2 1446/1071/2
f 1514/1072/2 1515/1057/2 1446/1071/2
f 1437/1069/2 2060/1070/2 2061/1073/2
f 1514/1072/2 1446/1071/2 1447/1074/2
f 1436/1075/2 1437/1069/2 2061/1073/2
f 1969/1076/2 1970/1066/2 1779/1067/2
f 1514/1072/2 1447/1074/2 1448/1077/2
f 1514/1072/2 1448/1077/2 1449/1078/2
f 1435/1079/2 1436/1075/2 2061/1073/2
f 1969/1076/2 1779/1067/2 1780/1080/2
f 1514/1072/2 1449/1078/2 1450/1081/2
f 1434/1082/2 1435/1079/2 2061/1073/2
f 1968/1083/2 1969/1076/2 1780/1080/2
f 1514/1072/2 1450/1081/2 1451/1084/2
f 1513/1085/2 1514/1072/2 1451/1084/2
f 1433/1086/2 1434/1082/2 2061/1073/2
f 1513/1085/2 1451/1084/2 1452/1087/2
f 1432/1088/2 1433/1086/2 2061/1073/2
f 1513/1085/2 1452/1087/2 1453/1089/2
f 1968/1083/2 1780/1080/2 1781/1090/2
f 1431/1091/2 1432/1088/2 2061/1073/2
f 1967/1092/2 1968/1083/2 1781/1090/2
f 1430/1093/2 1431/1091/2 2061/1073/2
f 1513/1085/2 1453/1089/2 1454/1094/2
f 1512/1095/2 1513/1085/2 1454/1094/2
f 1512/1095/2 1454/1094/2 1455/1096/2
f 1430/1093/2 2061/1073/2 2062/1097/2
f 1966/1098/2 1967/1092/2 1781/1090/2
f 1512/1095/2 1455/1096/2 1456/1099/2
f 1966/1098/2 1781/1090/2 1782/1100/2
f 1512/1095/2 1456/1099/2 1457/1101/2
f 1512/1095/2 1457/1101/2 1458/1102/2
f 1511/1103/2 1512/1095/2 1458/1102/2
f 1965/1104/2 1966/1098/2 1782/1100/2
f 1511/1103/2 1458/1102/2 1459/1105/2
f 1429/1106/2 1430/1093/2 2062/1097/2
f 1511/1103/2 1459/1105/2 1460/1107/2
f 1511/1103/2 1460/1107/2 1461/1108/2
f 1965/1104/2 1782/1100/2 1783/1109/2
f 1510/1110/2 1511/1103/2 1461/1108/2
f 1964/1111/2 1965/1104/2 1783/1109/2
f 1510/1110/2 1461/1108/2 1462/1112/2
f 1429/1106/2 2062/1097/2 2063/1113/2
f 1510/1110/2 1462/1112/2 1463/1114/2
f 1510/1110/2 1463/1114/2 1464/1115/2
f 1510/1110/2 1464/1115/2 1465/1116/2
f 1509/1117/2 1510/1110/2 1465/1116/2
f 1509/1117/2 1465/1116/2 1466/1118/2
f 1963/1119/2 1964/1111/2 1783/1109/2
f 1509/1117/2 1466/1118/2 1467/1120/2
f 1428/1121/2 1429/1106/2 2063/1113/2
f 1963/1119/2 1783/1109/2 1784/1122/2
f 1509/1117/2 1467/1120/2 1468/1123/2
f 1509/1117/2 1468/1123/2 1469/1124/2
f 1509/1117/2 1469/1124/2 1470/1125/2
f 1963/1119/2 1784/1122/2 1785/1126/2
f 1509/1117/2 1470/1125/2 1471/1127/2
f 1508/1128/2 1509/1117/2 1471/1127/2
f 1508/1128/2 1471/1127/2 1472/1129/2
f 1508/1128/2 1472/1129/2 1473/1130/2
f 1962/1131/2 1963/1119/2 1785/1126/2
f 1962/1131/2 1785/1126/2 1786/1132/2
f 1508/1128/2 1473/1130/2 1474/1133/2
f 1508/1128/2 1474/1133/2 1475/1134/2
f 1961/1135/2 1962/1131/2 1786/1132/2
f 1428/1121/2 2063/1113/2 2064/1136/2
f 1508/1128/2 1475/1134/2 1476/1137/2
f 1507/1138/2 1508/1128/2 1476/1137/2
f 1961/1135/2 1786/1132/2 1787/1139/2
f 1960/1140/2 1961/1135/2 1787/1139/2
f 1507/1138/2 1476/1137/2 1477/1141/2
f 1507/1138/2 1477/1141/2 1478/1142/2
f 1959/1143/2 1960/1140/2 1787/1139/2
f 1507/1138/2 1478/1142/2 1479/1144/2
f 1427/1145/2 1428/1121/2 2064/1136/2
f 1959/1143/2 1787/1139/2 1788/1146/2
f 1506/1147/2 1507/1138/2 1479/1144/2
f 1506/1147/2 1479/1144/2 1480/1148/2
f 1958/1149/2 1959/1143/2 1788/1146/2
f 1506/1147/2 1480/1148/2 1481/1150/2
f 1506/1147/2 1481/1150/2 1482/1151/2
f 1957/1152/2 1958/1149/2 1788/1146/2
f 1506/1147/2 1482/1151/2 1483/1153/2
f 1506/1147/2 1483/1153/2 1484/1154/2
f 1957/1152/2 1788/1146/2 1789/1155/2
f 1506/1147/2 1484/1154/2 1485/1156/2
f 1505/1157/2 1506/1147/2 1485/1156/2
f 1956/1158/2 1957/1152/2 1789/1155/2
f 1505/1157/2 1485/1156/2 1486/1159/2
f 1505/1157/2 1486/1159/2 1487/1160/2
f 1955/1161/2 1956/1158/2 1789/1155/2
f 1505/1157/2 1487/1160/2 1488/1162/2
f 1505/1157/2 1488/1162/2 1489/1163/2
f 1954/1164/2 1955/1161/2 1789/1155/2
f 1505/1157/2 1489/1163/2 1490/1165/2
f 1504/1166/2 1505/1157/2 1490/1165/2
f 1504/1166/2 1490/1165/2 1491/1167/2
f 1954/1164/2 1789/1155/2 1790/1168/2
f 1953/1169/2 1954/1164/2 1790/1168/2
f 1504/1166/2 1491/1167/2 1492/1170/2
f 1427/1145/2 2064/1136/2 2065/1171/2
f 1504/1166/2 1492/1170/2 1493/1172/2
f 1952/1173/2 1953/1169/2 1790/1168/2
f 1503/1174/2 1504/1166/2 1493/1172/2
f 1951/1175/2 1952/1173/2 1790/1168/2
f 1503/1174/2 1493/1172/2 1494/1176/2
f 1950/1177/2 1951/1175/2 1790/1168/2
f 1502/1178/2 1503/1174/2 1494/1176/2
f 1949/1179/2 1950/1177/2 1790/1168/2
f 1502/1178/2 1494/1176/2 1495/1180/2
f 1948/1181/2 1949/1179/2 1790/1168/2
f 1501/1182/2 1502/1178/2 1495/1180/2
f 1947/1183/2 1948/1181/2 1790/1168/2
f 1501/1182/2 1495/1180/2 1496/1184/2
f 1500/1185/2 1501/1182/2 1496/1184/2
f 1946/1186/2 1947/1183/2 1790/1168/2
f 1500/1185/2 1496/1184/2 1497/1187/2
f 1946/1186/2 1790/1168/2 1791/1188/2
f 1426/1189/2 1427/1145/2 2065/1171/2
f 1499/1190/2 1500/1185/2 1497/1187/2
f 1499/1190/2 1497/1187/2 1498/1191/2
f 1945/1192/2 1946/1186/2 1791/1188/2
f 1944/1193/2 1945/1192/2 1791/1188/2
f 1943/1194/2 1944/1193/2 1791/1188/2
f 1942/1195/2 1943/1194/2 1791/1188/2
f 1941/1196/2 1942/1195/2 1791/1188/2
f 1940/1197/2 1941/1196/2 1791/1188/2
f 1939/1198/2 1940/1197/2 1791/1188/2
f 1939/1198/2 1791/1188/2 1792/1199/2
f 1938/1200/2 1939/1198/2 1792/1199/2
f 1937/1201/2 1938/1200/2 1792/1199/2
f 1936/1202/2 1937/1201/2 1792/1199/2
f 1935/1203/2 1936/1202/2 1792/1199/2
f 1934/1204/2 1935/1203/2 1792/1199/2
f 1426/1189/2 2065/1171/2 2066/1205/2
f 1934/1204/2 1792/1199/2 1793/1206/2
f 1933/1207/2 1934/1204/2 1793/1206/2
f 1932/1208/2 1933/1207/2 1793/1206/2
f 1931/1209/2 1932/1208/2 1793/1206/2
f 1425/1210/2 1426/1189/2 2066/1205/2
f 1930/1211/2 1931/1209/2 1793/1206/2
f 1930/1211/2 1793/1206/2 1794/1212/2
f 1929/1213/2 1930/1211/2 1794/1212/2
f 1928/1214/2 1929/1213/2 1794/1212/2
f 1927/1215/2 1928/1214/2 1794/1212/2
f 1927/1215/2 1794/1212/2 1795/1216/2
f 1926/1217/2 1927/1215/2 1795/1216/2
f 1425/1210/2 2066/1205/2 2067/1218/2
f 1926/1217/2 1795/1216/2 1796/1219/2
f 1925/1220/2 1926/1217/2 1796/1219/2
f 1424/1221/2 1425/1210/2 2067/1218/2
f 1924/1222/2 1925/1220/2 1796/1219/2
f 1424/1221/2 2067/1218/2 2068/1223/2
f 1923/1224/2 1924/1222/2 1796/1219/2
f 1923/1224/2 1796/1219/2 1797/1225/2
f 1922/1226/2 1923/1224/2 1797/1225/2
f 1423/1227/2 1424/1221/2 2068/1223/2
f 1423/1227/2 2068/1223/2 2069/1228/2
f 1921/1229/2 1922/1226/2 1797/1225/2
f 1920/1230/2 1921/1229/2 1797/1225/2
f 1919/1231/2 1920/1230/2 1797/1225/2
f 1423/1227/2 2069/1228/2 2070/1232/2
f 1919/1231/2 1797/1225/2 1798/1233/2
f 1918/1234/2 1919/1231/2 1798/1233/2
f 1422/1235/2 1423/1227/2 2070/1232/2
f 1917/1236/2 1918/1234/2 1798/1233/2
f 1422/1235/2 2070/1232/2 2071/1237/2
f 1916/1238/2 1917/1236/2 1798/1233/2
f 1915/1239/2 1916/1238/2 1798/1233/2
f 2083/1240/2 1915/1239/2 1798/1233/2
f 1422/1235/2 2071/1237/2 2072/1241/2
f 2082/1242/2 2083/1240/2 1798/1233/2
f 2081/1243/2 2082/1242/2 1798/1233/2
f 2080/1244/2 2081/1243/2 1798/1233/2
f 2079/1245/2 2080/1244/2 1798/1233/2
f 1421/1246/2 1422/1235/2 2072/1241/2
f 1421/1246/2 2072/1241/2 2073/1247/2
f 2078/1248/2 2079/1245/2 1798/1233/2
f 1421/1246/2 2073/1247/2 2074/1249/2
f 2077/1250/2 2078/1248/2 1798/1233/2
f 1421/1246/2 2074/1249/2 2075/1251/2
f 2076/1252/2 2077/1250/2 1798/1233/2
f 1421/1246/2 2075/1251/2 2076/1252/2
f 1421/1246/2 2076/1252/2 1798/1233/2
f 1421/1246/2 1798/1233/2 1799/1253/2
f 1420/1254/2 1421/1246/2 1799/1253/2
f 1420/1254/2 1799/1253/2 1800/1255/2
f 1419/1256/2 1420/1254/2 1861/1257/2
f 1861/1257/2 1420/1254/2 1800/1255/2
f 1418/1258/2 1419/1256/2 1862/1259/2
f 1862/1259/2 1419/1256/2 1861/1257/2
f 1860/1260/2 1861/1257/2 1800/1255/2
f 1418/1258/2 1862/1259/2 1863/1261/2
f 1859/1262/2 1860/1260/2 1800/1255/2
f 1418/1258/2 1863/1261/2 1864/1263/2
f 1858/1264/2 1859/1262/2 1800/1255/2
f 1418/1258/2 1864/1263/2 1865/1265/2
f 1857/1266/2 1858/1264/2 1800/1255/2
f 1418/1258/2 1865/1265/2 1866/1267/2
f 1856/1268/2 1857/1266/2 1800/1255/2
f 1856/1268/2 1800/1255/2 1801/1269/2
f 1418/1258/2 1866/1267/2 1867/1270/2
f 1855/1271/2 1856/1268/2 1801/1269/2
f 1418/1258/2 1867/1270/2 1868/1272/2
f 1854/1273/2 1855/1271/2 1801/1269/2
f 1418/1258/2 1868/1272/2 1869/1274/2
f 1853/1275/2 1854/1273/2 1801/1269/2
f 1418/1258/2 1869/1274/2 1870/1276/2
f 1852/1277/2 1853/1275/2 1801/1269/2
f 1418/1258/2 1870/1276/2 1871/1278/2
f 1851/1279/2 1852/1277/2 1801/1269/2
f 1418/1258/2 1871/1278/2 1872/1280/2
f 1850/1281/2 1851/1279/2 1801/1269/2
f 1418/1258/2 1872/1280/2 1873/1282/2
f 1849/1283/2 1850/1281/2 1801/1269/2
f 1849/1283/2 1801/1269/2 1802/1284/2
f 1417/1285/2 1418/1258/2 1873/1282/2
f 1417/1285/2 1873/1282/2 1874/1286/2
f 1848/1287/2 1849/1283/2 1802/1284/2
f 1417/1285/2 1874/1286/2 1875/1288/2
f 1847/1289/2 1848/1287/2 1802/1284/2
f 1417/1285/2 1875/1288/2 1876/1290/2
f 1846/1291/2 1847/1289/2 1802/1284/2
f 1846/1291/2 1802/1284/2 1803/1292/2
f 1417/1285/2 1876/1290/2 1877/1293/2
f 1845/1294/2 1846/1291/2 1803/1292/2
f 1416/1295/2 1417/1285/2 1877/1293/2
f 1844/1296/2 1845/1294/2 1803/1292/2
f 1416/1295/2 1877/1293/2 1878/1297/2
f 1843/1298/2 1844/1296/2 1803/1292/2
f 1843/1298/2 1803/1292/2 1804/1299/2
f 1416/1295/2 1878/1297/2 1879/1300/2
f 1415/1301/2 1416/1295/2 1879/1300/2
f 1842/1302/2 1843/1298/2 1804/1299/2
f 1841/1303/2 1842/1302/2 1804/1299/2
f 1840/1304/2 1841/1303/2 1804/1299/2
f 1415/1301/2 1879/1300/2 1880/1305/2
f 1839/1306/2 1840/1304/2 1804/1299/2
f 1839/1306/2 1804/1299/2 1805/1307/2
f 1415/1301/2 1880/1305/2 1881/1308/2
f 1838/1309/2 1839/1306/2 1805/1307/2
f 1414/1310/2 1415/1301/2 1881/1308/2
f 1837/1311/2 1838/1309/2 1805/1307/2
f 1414/1310/2 1881/1308/2 1882/1312/2
f 1836/1313/2 1837/1311/2 1805/1307/2
f 1414/1310/2 1882/1312/2 1883/1314/2
f 1835/1315/2 1836/1313/2 1805/1307/2
f 1835/1315/2 1805/1307/2 1806/1316/2
f 1414/1310/2 1883/1314/2 1884/1317/2
f 1834/1318/2 1835/1315/2 1806/1316/2
f 1413/1319/2 1414/1310/2 1884/1317/2
f 1833/1320/2 1834/1318/2 1806/1316/2
f 1413/1319/2 1884/1317/2 1885/1321/2
f 1833/1320/2 1806/1316/2 1807/1322/2
f 1832/1323/2 1833/1320/2 1807/1322/2
f 1413/1319/2 1885/1321/2 1886/1324/2
f 1412/1325/2 1413/1319/2 1886/1324/2
f 1831/1326/2 1832/1323/2 1807/1322/2
f 1412/1325/2 1886/1324/2 1887/1327/2
f 1831/1326/2 1807/1322/2 1808/1328/2
f 1830/1329/2 1831/1326/2 1808/1328/2
f 1830/1329/2 1808/1328/2 1809/1330/2
f 1411/1331/2 1412/1325/2 1887/1327/2
f 1411/1331/2 1887/1327/2 1888/1332/2
f 1829/1333/2 1830/1329/2 1809/1330/2
f 1829/1333/2 1809/1330/2 1810/1334/2
f 1829/1333/2 1810/1334/2 1811/1335/2
f 1828/1336/2 1829/1333/2 1811/1335/2
f 1828/1336/2 1811/1335/2 1812/1337/2
f 1411/1331/2 1888/1332/2 1889/1338/2
f 1828/1336/2 1812/1337/2 1813/1339/2
f 1410/1340/2 1411/1331/2 1889/1338/2
f 1827/1341/2 1828/1336/2 1813/1339/2
f 1827/1341/2 1813/1339/2 1814/1342/2
f 1827/1341/2 1814/1342/2 1815/1343/2
f 1827/1341/2 1815/1343/2 1816/1344/2
f 1826/1345/2 1827/1341/2 1816/1344/2
f 1826/1345/2 1816/1344/2 1817/1346/2
f 1826/1345/2 1817/1346/2 1818/1347/2
f 1410/1340/2 1889/1338/2 1890/1348/2
f 1825/1349/2 1826/1345/2 1818/1347/2
f 1825/1349/2 1818/1347/2 1819/1350/2
f 1825/1349/2 1819/1350/2 1820/1351/2
f 1824/1352/2 1825/1349/2 1820/1351/2
f 1409/1353/2 1410/1340/2 1890/1348/2
f 1824/1352/2 1820/1351/2 1821/1354/2
f 1823/1355/2 1824/1352/2 1821/1354/2
f 1823/1355/2 1821/1354/2 1822/1356/2
f 1409/1353/2 1890/1348/2 1891/1357/2
f 1408/1358/2 1409/1353/2 1891/1357/2
f 1408/1358/2 1891/1357/2 1892/1359/2
f 1407/1360/2 1408/1358/2 1892/1359/2
f 1406/1361/2 1407/1360/2 1892/1359/2
f 1406/1361/2 1892/1359/2 1893/1362/2
f 1405/1363/2 1406/1361/2 1893/1362/2
f 1405/1363/2 1893/1362/2 1894/1364/2
f 1404/1365/2 1405/1363/2 1894/1364/2
f 1403/1366/2 1404/1365/2 1894/1364/2
f 1403/1366/2 1894/1364/2 1895/1367/2
f 1402/1368/2 1403/1366/2 1895/1367/2
f 1402/1368/2 1895/1367/2 1896/1369/2
f 1401/1370/2 1402/1368/2 1896/1369/2
f 1400/1371/2 1401/1370/2 1896/1369/2
f 1400/1371/2 1896/1369/2 1897/1372/2
f 1399/1373/2 1400/1371/2 1897/1372/2
f 1399/1373/2 1897/1372/2 1898/1374/2
f 1398/1375/2 1399/1373/2 1898/1374/2
f 1397/1376/2 1398/1375/2 1898/1374/2
f 1397/1376/2 1898/1374/2 1899/1377/2
f 1396/1378/2 1397/1376/2 1899/1377/2
f 1396/1378/2 1899/1377/2 1900/1379/2
f 1914/1380/2 1396/1378/2 1900/1379/2
f 1914/1380/2 1900/1379/2 1901/1381/2
f 1913/1382/1 1914/1380/1 1901/1381/1
f 1912/1383/4 1913/1382/4 1901/1381/4
f 1911/1384/2 1912/1383/2 1901/1381/2
f 1910/1385/1 1911/1384/1 1901/1381/1
f 1909/1386/5 1910/1385/5 1901/1381/5
f 1908/1387/1 1909/1386/1 1901/1381/1
f 1907/1388/5 1908/1387/5 1901/1381/5
f 1906/1389/1 1907/1388/1 1901/1381/1
f 1905/1390/2 1906/1389/2 1901/1381/2
f 1903/1391/1 1905/1390/1 1901/1381/1
f 1902/1392/2 1903/1391/2 1901/1381/2
f 1097/6/6 1098/8/6 2492/8/6 2491/6/6
f 1105/19/7 1106/21/7 2500/21/7 2499/19/7
f 1089/24/8 1090/22/8 2484/22/8 2483/24/8
f 1113/33/9 1114/35/9 2508/35/9 2507/33/9
f 1081/48/10 1082/45/10 2476/45/10 2475/48/10
f 1121/47/11 1122/49/11 2516/49/11 2515/47/11
f 1393/39/12 1394/58/12 2788/58/12 2787/39/12
f 1129/60/13 1130/62/13 2524/62/13 2523/60/13
f 1353/74/14 1354/77/14 2748/77/14 2747/74/14
f 1345/78/15 1346/76/15 2740/76/15 2739/78/15
f 1073/92/16 1074/82/16 2468/82/16 2467/92/16
f 1337/96/17 1338/93/17 2732/93/17 2731/96/17
f 1065/106/18 1066/104/18 2460/104/18 2459/106/18
f 1137/102/19 1138/113/19 2532/113/19 2531/102/19
f 1361/116/20 1362/122/20 2756/122/20 2755/116/20
f 1057/124/21 1058/121/21 2452/121/21 2451/124/21
f 1329/127/22 1330/123/22 2724/123/22 2723/127/22
f 1049/140/23 1050/137/23 2444/137/23 2443/140/23
f 1041/154/24 1042/153/24 2436/153/24 2435/154/24
f 1321/162/25 1322/158/25 2716/158/25 2715/162/25
f 1145/163/26 1146/167/26 2540/167/26 2539/163/26
f 1033/182/27 1034/175/27 2428/175/27 2427/182/27
f 1177/189/28 1178/186/28 2572/186/28 2571/189/28
f 1153/185/29 1154/192/29 2548/192/29 2547/185/29
f 1369/179/30 1370/193/30 2764/193/30 2763/179/30
f 1169/208/31 1170/205/31 2564/205/31 2563/208/31
f 1161/214/32 1162/216/32 2556/216/32 2555/214/32
f 1313/220/33 1314/184/33 2708/184/33 2707/220/33
f 1305/228/34 1306/227/34 2700/227/34 2699/228/34
f 1185/211/35 1186/236/35 2580/236/35 2579/211/35
f 1297/238/36 1298/237/36 2692/237/36 2691/238/36
f 1289/247/37 1290/246/37 2684/246/37 2683/247/37
f 1281/258/38 1282/256/38 2676/256/38 2675/258/38
f 1273/267/39 1274/265/39 2668/265/39 2667/267/39
f 1265/275/40 1266/274/40 2660/274/40 2659/275/40
f 1257/285/41 1258/284/41 2652/284/41 2651/285/41
f 1249/294/42 1250/293/42 2644/293/42 2643/294/42
f 1385/309/43 1386/306/43 2780/306/43 2779/309/43
f 1377/307/44 1378/310/44 2772/310/44 2771/307/44
f 1025/319/45 1026/318/45 2420/318/45 2419/319/45
f 1017/330/46 1018/328/46 2412/328/46 2411/330/46
f 1193/329/47 1194/333/47 2588/333/47 2587/329/47
f 1009/339/48 1010/338/48 2404/338/48 2403/339/48
f 1001/351/49 1002/350/49 2396/350/49 2395/351/49
f 1201/358/50 1202/361/50 2596/361/50 2595/358/50
f 993/363/51 994/362/51 2388/362/51 2387/363/51
f 849/375/52 850/374/52 2244/374/52 2243/375/52
f 857/386/53 858/387/53 2252/387/53 2251/386/53
f 865/395/54 866/397/54 2260/397/54 2259/395/54
f 873/405/55 874/406/55 2268/406/55 2267/405/55
f 881/414/56 882/415/56 2276/415/56 2275/414/56
f 889/424/57 890/425/57 2284/425/57 2283/424/57
f 841/427/58 842/418/58 2236/418/58 2235/427/58
f 985/432/59 986/420/59 2380/420/59 2379/432/59
f 897/435/56 898/437/56 2292/437/56 2291/435/56
f 1209/429/60 1210/444/60 2604/444/60 2603/429/60
f 905/449/61 906/450/61 2300/450/61 2299/449/61
f 977/462/62 978/459/62 2372/459/62 2371/462/62
f 913/464/63 914/466/63 2308/466/63 2307/464/63
f 921/478/64 922/479/64 2316/479/64 2315/478/64
f 929/487/65 930/488/65 2324/488/65 2323/487/65
f 937/496/66 938/498/66 2332/498/66 2331/496/66
f 969/501/67 970/493/67 2364/493/67 2363/501/67
f 945/506/68 946/508/68 2340/508/68 2339/506/68
f 953/517/69 954/518/69 2348/518/69 2347/517/69
f 961/527/70 962/525/70 2356/525/70 2355/527/70
f 209/538/71 210/540/71 1604/540/71 1603/538/71
f 217/549/72 218/552/72 1612/552/72 1611/549/72
f 201/558/73 202/555/73 1596/555/73 1595/558/73
f 833/560/74 834/539/74 2228/539/74 2227/560/74
f 1217/557/75 1218/562/75 2612/562/75 2611/557/75
f 825/578/76 826/576/76 2220/576/76 2219/578/76
f 1225/580/77 1226/583/77 2620/583/77 2619/580/77
f 1233/597/78 1234/599/78 2628/599/78 2627/597/78
f 225/582/79 226/602/79 1620/602/79 1619/582/79
f 193/612/80 194/611/80 1588/611/80 1587/612/80
f 233/615/81 234/617/81 1628/617/81 1627/615/81
f 185/627/82 186/625/82 1580/625/82 1579/627/82
f 241/634/83 242/637/83 1636/637/83 1635/634/83
f 177/640/84 178/638/84 1572/638/84 1571/640/84
f 769/646/85 770/648/85 2164/648/85 2163/646/85
f 249/656/86 250/659/86 1644/659/86 1643/656/86
f 313/661/87 314/664/87 1708/664/87 1707/661/87
f 305/673/88 306/672/88 1700/672/88 1699/673/88
f 297/687/89 298/685/89 1692/685/89 1691/687/89
f 321/692/90 322/697/90 1716/697/90 1715/692/90
f 289/702/91 290/698/91 1684/698/91 1683/702/91
f 777/712/92 778/717/92 2172/717/92 2171/712/92
f 169/723/93 170/713/93 1564/713/93 1563/723/93
f 257/724/94 258/728/94 1652/728/94 1651/724/94
f 329/726/95 330/731/95 1724/731/95 1723/726/95
f 761/738/96 762/720/96 2156/720/96 2155/738/96
f 281/740/97 282/734/97 1676/734/97 1675/740/97
f 785/748/98 786/754/98 2180/754/98 2179/748/98
f 265/757/99 266/760/99 1660/760/99 1659/757/99
f 273/770/100 274/771/100 1668/771/100 1667/770/100
f 753/784/101 754/782/101 2148/782/101 2147/784/101
f 745/795/102 746/794/102 2140/794/102 2139/795/102
f 737/803/103 738/802/103 2132/802/103 2131/803/103
f 337/786/104 338/812/104 1732/812/104 1731/786/104
f 729/813/105 730/811/105 2124/811/105 2123/813/105
f 721/824/106 722/822/106 2116/822/106 2115/824/106
f 793/819/107 794/826/107 2188/826/107 2187/819/107
f 161/830/108 162/817/108 1556/817/108 1555/830/108
f 713/836/109 714/834/109 2108/834/109 2107/836/109
f 705/845/110 706/844/110 2100/844/110 2099/845/110
f 697/857/111 698/856/111 2092/856/111 2091/857/111
f 801/867/112 802/871/112 2196/871/112 2195/867/112
f 817/878/113 818/875/113 2212/875/113 2211/878/113
f 809/888/114 810/890/114 2204/890/114 2203/888/114
f 345/893/115 346/895/115 1740/895/115 1739/893/115
f 153/900/116 154/899/116 1548/899/116 1547/900/116
f 145/912/117 146/910/117 1540/910/117 1539/912/117
f 137/921/118 138/919/118 1532/919/118 1531/921/118
f 353/929/119 354/930/119 1748/930/119 1747/929/119
f 129/932/120 130/928/120 1524/928/120 1523/932/120
f 609/945/121 610/943/121 2004/943/121 2003/945/121
f 361/949/122 362/952/122 1756/952/122 1755/949/122
f 617/951/123 618/955/123 2012/955/123 2011/951/123
f 625/963/124 626/965/124 2020/965/124 2019/963/124
f 369/976/125 370/978/125 1764/978/125 1763/976/125
f 601/990/126 602/987/126 1996/987/126 1995/990/126
f 377/991/127 378/992/127 1772/992/127 1771/991/127
f 633/989/128 634/994/128 2028/994/128 2027/989/128
f 593/1008/129 594/1006/129 1988/1006/129 1987/1008/129
f 585/1020/130 586/1018/130 1980/1018/130 1979/1020/130
f 641/1022/131 642/1024/131 2036/1024/131 2035/1022/131
f 649/1032/132 650/1034/132 2044/1034/132 2043/1032/132
f 657/1046/133 658/1047/133 2052/1047/133 2051/1046/133
f 49/1050/134 50/1052/134 1444/1052/134 1443/1050/134
f 121/1057/135 122/1041/135 1516/1041/135 1515/1057/135
f 577/1060/136 578/1049/136 1972/1049/136 1971/1060/136
f 665/1065/137 666/1070/137 2060/1070/137 2059/1065/137
f 41/1079/138 42/1075/138 1436/1075/138 1435/1079/138
f 385/1067/139 386/1080/139 1780/1080/139 1779/1067/139
f 57/1084/140 58/1087/140 1452/1087/140 1451/1084/140
f 65/1105/141 66/1107/141 1460/1107/141 1459/1105/141
f 569/1119/142 570/1111/142 1964/1111/142 1963/1119/142
f 73/1120/143 74/1123/143 1468/1123/143 1467/1120/143
f 81/1134/144 82/1137/144 1476/1137/144 1475/1134/144
f 113/1138/145 114/1128/145 1508/1128/145 1507/1138/145
f 33/1145/146 34/1121/146 1428/1121/146 1427/1145/146
f 393/1139/147 394/1146/147 1788/1146/147 1787/1139/147
f 89/1153/148 90/1154/148 1484/1154/148 1483/1153/148
f 561/1161/149 562/1158/149 1956/1158/149 1955/1161/149
f 97/1167/144 98/1170/144 1492/1170/144 1491/1167/144
f 553/1183/150 554/1181/150 1948/1181/150 1947/1183/150
f 105/1190/151 106/1185/151 1500/1185/151 1499/1190/151
f 545/1198/152 546/1197/152 1940/1197/152 1939/1198/152
f 537/1209/153 538/1208/153 1932/1208/153 1931/1209/153
f 401/1216/154 402/1219/154 1796/1219/154 1795/1216/154
f 673/1218/155 674/1223/155 2068/1223/155 2067/1218/155
f 529/1224/156 530/1222/156 1924/1222/156 1923/1224/156
f 521/1239/157 522/1238/157 1916/1238/157 1915/1239/157
f 689/1240/158 521/1239/158 1915/1239/158 2083/1240/158
f 681/1251/159 682/1252/159 2076/1252/159 2075/1251/159
f 25/1256/160 26/1254/160 1420/1254/160 1419/1256/160
f 465/1262/161 466/1260/161 1860/1260/161 1859/1262/161
f 473/1270/162 474/1272/162 1868/1272/162 1867/1270/162
f 457/1279/163 458/1277/163 1852/1277/163 1851/1279/163
f 481/1288/164 482/1290/164 1876/1290/164 1875/1288/164
f 449/1298/165 450/1296/165 1844/1296/165 1843/1298/165
f 409/1292/166 410/1299/166 1804/1299/166 1803/1292/166
f 441/1315/167 442/1313/167 1836/1313/167 1835/1315/167
f 489/1314/168 490/1317/168 1884/1317/168 1883/1314/168
f 17/1331/169 18/1325/169 1412/1325/169 1411/1331/169
f 417/1335/170 418/1337/170 1812/1337/170 1811/1335/170
f 433/1341/171 434/1336/171 1828/1336/171 1827/1341/171
f 425/1350/172 426/1351/172 1820/1351/172 1819/1350/172
f 497/1357/173 498/1359/173 1892/1359/173 1891/1357/173
f 9/1366/174 10/1365/174 1404/1365/174 1403/1366/174
f 505/1377/175 506/1379/175 1900/1379/175 1899/1377/175
f 513/1388/176 514/1387/176 1908/1387/176 1907/1388/176
f 1098/8/177 1099/7/177 2493/7/177 2492/8/177
f 1090/22/178 1091/20/178 2485/20/178 2484/22/178
f 1106/21/179 1107/23/179 2501/23/179 2500/21/179
f 1114/35/180 1115/36/180 2509/36/180 2508/35/180
f 1082/45/181 1083/42/181 2477/42/181 2476/45/181
f 1122/49/182 1123/50/182 2517/50/182 2516/49/182
f 1130/62/183 1131/63/183 2525/63/183 2524/62/183
f 1346/76/184 1347/73/184 2741/73/184 2740/76/184
f 1354/77/185 1355/80/185 2749/80/185 2748/77/185
f 1074/82/186 1075/67/186 2469/67/186 2468/82/186
f 1338/93/187 1339/89/187 2733/89/187 2732/93/187
f 1066/104/18 1067/103/18 2461/103/18 2460/104/18
f 1138/113/188 1139/119/188 2533/119/188 2532/113/188
f 1058/121/189 1059/118/189 2453/118/189 2452/121/189
f 1330/123/190 1331/120/190 2725/120/190 2724/123/190
f 1362/122/191 1363/131/191 2757/131/191 2756/122/191
f 1050/137/192 1051/136/192 2445/136/192 2444/137/192
f 1042/153/193 1043/150/193 2437/150/193 2436/153/193
f 1322/158/194 1323/152/194 2717/152/194 2716/158/194
f 1146/167/195 1147/172/195 2541/172/195 2540/167/195
f 1034/175/196 1035/169/196 2429/169/196 2428/175/196
f 1314/184/197 1315/180/197 2709/180/197 2708/184/197
f 1178/186/198 1179/188/198 2573/188/198 2572/186/198
f 1154/192/199 1155/199/199 2549/199/199 2548/192/199
f 1170/205/200 1171/203/200 2565/203/200 2564/205/200
f 1162/216/201 1163/218/201 2557/218/201 2556/216/201
f 1306/227/34 1307/226/34 2701/226/34 2700/227/34
f 1370/193/202 1371/233/202 2765/233/202 2764/193/202
f 1298/237/203 1299/235/203 2693/235/203 2692/237/203
f 1290/246/204 1291/245/204 2685/245/204 2684/246/204
f 1186/236/205 1187/250/205 2581/250/205 2580/236/205
f 1282/256/206 1283/254/206 2677/254/206 2676/256/206
f 1274/265/207 1275/264/207 2669/264/207 2668/265/207
f 1266/274/208 1267/273/208 2661/273/208 2660/274/208
f 1258/284/209 1259/283/209 2653/283/209 2652/284/209
f 1250/293/210 1251/291/210 2645/291/210 2644/293/210
f 1242/304/211 1243/303/211 2637/303/211 2636/304/211
f 1386/306/212 1242/304/212 2636/304/212 2780/306/212
f 1378/310/213 1379/313/213 2773/313/213 2772/310/213
f 1026/318/214 1027/308/214 2421/308/214 2420/318/214
f 1018/328/215 1019/327/215 2413/327/215 2412/328/215
f 1010/338/216 1011/337/216 2405/337/216 2404/338/216
f 1194/333/217 1195/340/217 2589/340/217 2588/333/217
f 1002/350/218 1003/348/218 2397/348/218 2396/350/218
f 994/362/219 995/360/219 2389/360/219 2388/362/219
f 1202/361/220 1203/364/220 2597/364/220 2596/361/220
f 850/374/221 851/373/221 2245/373/221 2244/374/221
f 858/387/222 859/388/222 2253/388/222 2252/387/222
f 866/397/223 867/398/223 2261/398/223 2260/397/223
f 874/406/224 875/407/224 2269/407/224 2268/406/224
f 882/415/225 883/416/225 2277/416/225 2276/415/225
f 842/418/226 843/408/226 2237/408/226 2236/418/226
f 986/420/227 987/394/227 2381/394/227 2380/420/227
f 890/425/228 891/426/228 2285/426/228 2284/425/228
f 898/437/229 899/439/229 2293/439/229 2292/437/229
f 906/450/230 907/451/230 2301/451/230 2300/450/230
f 978/459/231 979/457/231 2373/457/231 2372/459/231
f 1210/444/232 1211/463/232 2605/463/232 2604/444/232
f 914/466/233 915/467/233 2309/467/233 2308/466/233
f 922/479/234 923/480/234 2317/480/234 2316/479/234
f 930/488/235 931/489/235 2325/489/235 2324/488/235
f 970/493/236 971/484/236 2365/484/236 2364/493/236
f 938/498/237 939/499/237 2333/499/237 2332/498/237
f 946/508/68 947/509/68 2341/509/68 2340/508/68
f 954/518/238 955/520/238 2349/520/238 2348/518/238
f 962/525/239 963/523/239 2357/523/239 2356/525/239
f 834/539/240 835/532/240 2229/532/240 2228/539/240
f 210/540/241 211/541/241 1605/541/241 1604/540/241
f 218/552/242 219/553/242 1613/553/242 1612/552/242
f 202/555/243 203/551/243 1597/551/243 1596/555/243
f 1218/562/244 1219/567/244 2613/567/244 2612/562/244
f 826/576/245 827/573/245 2221/573/245 2220/576/245
f 1226/583/246 1227/585/246 2621/585/246 2620/583/246
f 1234/599/247 1235/600/247 2629/600/247 2628/599/247
f 226/602/248 227/603/248 1621/603/248 1620/602/248
f 194/611/249 195/608/249 1589/608/249 1588/611/249
f 234/617/250 235/620/250 1629/620/250 1628/617/250
f 186/625/251 187/623/251 1581/623/251 1580/625/251
f 178/638/252 179/636/252 1573/636/252 1572/638/252
f 242/637/253 243/639/253 1637/639/253 1636/637/253
f 770/648/254 771/651/254 2165/651/254 2164/648/254
f 314/664/255 315/667/255 1709/667/255 1708/664/255
f 306/672/256 307/670/256 1701/670/256 1700/672/256
f 250/659/257 251/677/257 1645/677/257 1644/659/257
f 298/685/258 299/684/258 1693/684/258 1692/685/258
f 290/698/259 291/696/259 1685/696/259 1684/698/259
f 322/697/260 323/699/260 1717/699/260 1716/697/260
f 170/713/261 171/704/261 1565/704/261 1564/713/261
f 762/720/262 763/701/262 2157/701/262 2156/720/262
f 778/717/263 779/722/263 2173/722/263 2172/717/263
f 258/728/264 259/733/264 1653/733/264 1652/728/264
f 282/734/265 283/729/265 1677/729/265 1676/734/265
f 330/731/266 331/736/266 1725/736/266 1724/731/266
f 786/754/267 787/758/267 2181/758/267 2180/754/267
f 266/760/268 267/761/268 1661/761/268 1660/760/268
f 274/771/269 275/772/269 1669/772/269 1668/771/269
f 754/782/270 755/779/270 2149/779/270 2148/782/270
f 746/794/271 747/793/271 2141/793/271 2140/794/271
f 738/802/272 739/801/272 2133/801/272 2132/802/272
f 730/811/273 731/810/273 2125/810/273 2124/811/273
f 162/817/274 163/790/274 1557/790/274 1556/817/274
f 722/822/275 723/821/275 2117/821/275 2116/822/275
f 338/812/276 339/823/276 1733/823/276 1732/812/276
f 794/826/277 795/833/277 2189/833/277 2188/826/277
f 714/834/278 715/832/278 2109/832/278 2108/834/278
f 706/844/111 707/843/111 2101/843/111 2100/844/111
f 698/856/110 699/854/110 2093/854/110 2092/856/110
f 690/868/279 691/866/279 2085/866/279 2084/868/279
f 821/870/280 690/868/280 2084/868/280 2215/870/280
f 802/871/281 803/874/281 2197/874/281 2196/871/281
f 818/875/282 819/873/282 2213/873/282 2212/875/282
f 810/890/283 811/889/283 2205/889/283 2204/890/283
f 346/895/284 347/898/284 1741/898/284 1740/895/284
f 154/899/285 155/897/285 1549/897/285 1548/899/285
f 146/910/286 147/909/286 1541/909/286 1540/910/286
f 138/919/118 139/918/118 1533/918/118 1532/919/118
f 130/928/287 131/927/287 1525/927/287 1524/928/287
f 354/930/122 355/931/122 1749/931/122 1748/930/122
f 610/943/288 611/940/288 2005/940/288 2004/943/288
f 618/955/289 619/956/289 2013/956/289 2012/955/289
f 362/952/119 363/959/119 1757/959/119 1756/952/119
f 626/965/290 627/966/290 2021/966/290 2020/965/290
f 370/978/291 371/979/291 1765/979/291 1764/978/291
f 602/987/292 603/981/292 1997/981/292 1996/987/292
f 634/994/293 635/996/293 2029/996/293 2028/994/293
f 378/992/294 379/997/294 1773/997/294 1772/992/294
f 594/1006/295 595/1005/295 1989/1005/295 1988/1006/295
f 586/1018/296 587/1017/296 1981/1017/296 1980/1018/296
f 642/1024/297 643/1025/297 2037/1025/297 2036/1024/297
f 650/1034/297 651/1035/297 2045/1035/297 2044/1034/297
f 122/1041/298 123/1014/298 1517/1014/298 1516/1041/298
f 658/1047/299 659/1048/299 2053/1048/299 2052/1047/299
f 578/1049/296 579/1043/296 1973/1043/296 1972/1049/296
f 50/1052/134 51/1068/134 1445/1068/134 1444/1052/134
f 666/1070/300 667/1073/300 2061/1073/300 2060/1070/300
f 42/1075/138 43/1069/138 1437/1069/138 1436/1075/138
f 58/1087/140 59/1089/140 1453/1089/140 1452/1087/140
f 386/1080/301 387/1090/301 1781/1090/301 1780/1080/301
f 66/1107/302 67/1108/302 1461/1108/302 1460/1107/302
f 570/1111/303 571/1104/303 1965/1104/303 1964/1111/303
f 34/1121/304 35/1106/304 1429/1106/304 1428/1121/304
f 74/1123/305 75/1124/305 1469/1124/305 1468/1123/305
f 114/1128/306 115/1117/306 1509/1117/306 1508/1128/306
f 82/1137/307 83/1141/307 1477/1141/307 1476/1137/307
f 394/1146/308 395/1155/308 1789/1155/308 1788/1146/308
f 90/1154/309 91/1156/309 1485/1156/309 1484/1154/309
f 562/1158/149 563/1152/149 1957/1152/149 1956/1158/149
f 98/1170/310 99/1172/310 1493/1172/310 1492/1170/310
f 554/1181/311 555/1179/311 1949/1179/311 1948/1181/311
f 106/1185/312 107/1182/312 1501/1182/312 1500/1185/312
f 546/1197/313 547/1196/313 1941/1196/313 1940/1197/313
f 538/1208/153 539/1207/153 1933/1207/153 1932/1208/153
f 530/1222/314 531/1220/314 1925/1220/314 1924/1222/314
f 402/1219/315 403/1225/315 1797/1225/315 1796/1219/315
f 674/1223/316 675/1228/316 2069/1228/316 2068/1223/316
f 522/1238/317 523/1236/317 1917/1236/317 1916/1238/317
f 682/1252/318 683/1250/318 2077/1250/318 2076/1252/318
f 26/1254/319 27/1246/319 1421/1246/319 1420/1254/319
f 466/1260/320 467/1257/320 1861/1257/320 1860/1260/320
f 474/1272/321 475/1274/321 1869/1274/321 1868/1272/321
f 458/1277/322 459/1275/322 1853/1275/322 1852/1277/322
f 482/1290/323 483/1293/323 1877/1293/323 1876/1290/323
f 450/1296/324 451/1294/324 1845/1294/324 1844/1296/324
f 410/1299/325 411/1307/325 1805/1307/325 1804/1299/325
f 442/1313/326 443/1311/326 1837/1311/326 1836/1313/326
f 490/1317/327 491/1321/327 1885/1321/327 1884/1317/327
f 18/1325/328 19/1319/328 1413/1319/328 1412/1325/328
f 434/1336/329 435/1333/329 1829/1333/329 1828/1336/329
f 418/1337/330 419/1339/330 1813/1339/330 1812/1337/330
f 426/1351/331 427/1354/331 1821/1354/331 1820/1351/331
f 498/1359/332 499/1362/332 1893/1362/332 1892/1359/332
f 10/1365/333 11/1363/333 1405/1363/333 1404/1365/333
f 2/1378/334 3/1376/334 1397/1376/334 1396/1378/334
f 520/1380/335 2/1378/335 1396/1378/335 1914/1380/335
f 506/1379/336 507/1381/336 1901/1381/336 1900/1379/336
f 514/1387/176 515/1386/176 1909/1386/176 1908/1387/176
f 1099/7/337 1100/9/337 2494/9/337 2493/7/337
f 1091/20/338 1092/18/338 2486/18/338 2485/20/338
f 1107/23/339 1108/25/339 2502/25/339 2501/23/339
f 1387/38/340 1388/4/340 2782/4/340 2781/38/340
f 1115/36/341 1116/40/341 2510/40/341 2509/36/341
f 1083/42/342 1084/37/342 2478/37/342 2477/42/342
f 1123/50/343 1124/52/343 2518/52/343 2517/50/343
f 1394/58/340 1387/38/340 2781/38/340 2788/58/340
f 1131/63/344 1132/65/344 2526/65/344 2525/63/344
f 1075/67/345 1076/64/345 2470/64/345 2469/67/345
f 1347/73/346 1348/72/346 2742/72/346 2741/73/346
f 1355/80/347 1356/84/347 2750/84/347 2749/80/347
f 1339/89/348 1340/88/348 2734/88/348 2733/89/348
f 1067/103/349 1068/101/349 2462/101/349 2461/103/349
f 1059/118/350 1060/115/350 2454/115/350 2453/118/350
f 1331/120/351 1332/117/351 2726/117/351 2725/120/351
f 1139/119/352 1140/125/352 2534/125/352 2533/119/352
f 1051/136/353 1052/134/353 2446/134/353 2445/136/353
f 1363/131/354 1364/142/354 2758/142/354 2757/131/354
f 1043/150/355 1044/149/355 2438/149/355 2437/150/355
f 1323/152/356 1324/146/356 2718/146/356 2717/152/356
f 1035/169/192 1036/164/192 2430/164/192 2429/169/192
f 1147/172/357 1148/174/357 2542/174/357 2541/172/357
f 1315/180/358 1316/177/358 2710/177/358 2709/180/358
f 1179/188/359 1180/187/359 2574/187/359 2573/188/359
f 1171/203/360 1172/201/360 2566/201/360 2565/203/360
f 1155/199/361 1156/204/361 2550/204/361 2549/199/361
f 1163/218/362 1164/219/362 2558/219/362 2557/218/362
f 1307/226/34 1308/225/34 2702/225/34 2701/226/34
f 1299/235/363 1300/234/363 2694/234/363 2693/235/363
f 1291/245/364 1292/244/364 2686/244/364 2685/245/364
f 1283/254/365 1284/253/365 2678/253/365 2677/254/365
f 1371/233/366 1372/255/366 2766/255/366 2765/233/366
f 1275/264/367 1276/263/367 2670/263/367 2669/264/367
f 1187/250/368 1188/266/368 2582/266/368 2581/250/368
f 1267/273/369 1268/272/369 2662/272/369 2661/273/369
f 1259/283/370 1260/282/370 2654/282/370 2653/283/370
f 1251/291/371 1252/290/371 2646/290/371 2645/291/371
f 1243/303/372 1244/301/372 2638/301/372 2637/303/372
f 1027/308/373 1028/298/373 2422/298/373 2421/308/373
f 1379/313/374 1380/315/374 2774/315/374 2773/313/374
f 1019/327/375 1020/326/375 2414/326/375 2413/327/375
f 1011/337/376 1012/336/376 2406/336/376 2405/337/376
f 1195/340/377 1196/343/377 2590/343/377 2589/340/377
f 1003/348/378 1004/347/378 2398/347/378 2397/348/378
f 995/360/379 996/359/379 2390/359/379 2389/360/379
f 1203/364/380 1204/366/380 2598/366/380 2597/364/380
f 851/373/381 852/378/381 2246/378/381 2245/373/381
f 859/388/382 860/389/382 2254/389/382 2253/388/382
f 987/394/383 988/372/383 2382/372/383 2381/394/383
f 867/398/384 868/399/384 2262/399/384 2261/398/384
f 843/408/385 844/396/385 2238/396/385 2237/408/385
f 875/407/386 876/409/386 2270/409/386 2269/407/386
f 883/416/387 884/417/387 2278/417/387 2277/416/387
f 891/426/388 892/428/388 2286/428/388 2285/426/388
f 899/439/389 900/440/389 2294/440/389 2293/439/389
f 907/451/390 908/453/390 2302/453/390 2301/451/390
f 979/457/391 980/455/391 2374/455/391 2373/457/391
f 915/467/392 916/469/392 2310/469/392 2309/467/392
f 923/480/393 924/481/393 2318/481/393 2317/480/393
f 971/484/394 972/477/394 2366/477/394 2365/484/394
f 931/489/393 932/490/393 2326/490/393 2325/489/393
f 1211/463/395 1212/497/395 2606/497/395 2605/463/395
f 939/499/396 940/500/396 2334/500/396 2333/499/396
f 947/509/68 948/510/68 2342/510/68 2341/509/68
f 955/520/397 956/522/397 2350/522/397 2349/520/397
f 963/523/398 964/521/398 2358/521/398 2357/523/398
f 835/532/399 836/530/399 2230/530/399 2229/532/399
f 211/541/400 212/543/400 1606/543/400 1605/541/400
f 203/551/401 204/546/401 1598/546/401 1597/551/401
f 219/553/402 220/554/402 1614/554/402 1613/553/402
f 1219/567/403 1220/569/403 2614/569/403 2613/567/403
f 827/573/404 828/570/404 2222/570/404 2221/573/404
f 1227/585/405 1228/587/405 2622/587/405 2621/585/405
f 1235/600/406 1236/601/406 2630/601/406 2629/600/406
f 227/603/407 228/605/407 1622/605/407 1621/603/407
f 195/608/408 196/606/408 1590/606/408 1589/608/408
f 235/620/409 236/622/409 1630/622/409 1629/620/409
f 187/623/410 188/621/410 1582/621/410 1581/623/410
f 179/636/411 180/635/411 1574/635/411 1573/636/411
f 243/639/412 244/641/412 1638/641/412 1637/639/412
f 771/651/413 772/654/413 2166/654/413 2165/651/413
f 315/667/414 316/669/414 1710/669/414 1709/667/414
f 307/670/415 308/668/415 1702/668/415 1701/670/415
f 299/684/416 300/682/416 1694/682/416 1693/684/416
f 251/677/257 252/690/257 1646/690/257 1645/677/257
f 291/696/417 292/695/417 1686/695/417 1685/696/417
f 763/701/418 764/676/418 2158/676/418 2157/701/418
f 323/699/419 324/703/419 1718/703/419 1717/699/419
f 171/704/420 172/693/420 1566/693/420 1565/704/420
f 779/722/421 780/727/421 2174/727/421 2173/722/421
f 283/729/422 284/725/422 1678/725/422 1677/729/422
f 259/733/257 260/737/257 1654/737/257 1653/733/257
f 331/736/423 332/743/423 1726/743/423 1725/736/423
f 267/761/269 268/763/269 1662/763/269 1661/761/269
f 787/758/424 788/769/424 2182/769/424 2181/758/424
f 275/772/425 276/775/425 1670/775/425 1669/772/425
f 755/779/426 756/773/426 2150/773/426 2149/779/426
f 163/790/427 164/780/427 1558/780/427 1557/790/427
f 747/793/428 748/792/428 2142/792/428 2141/793/428
f 739/801/429 740/800/429 2134/800/429 2133/801/429
f 731/810/430 732/808/430 2126/808/430 2125/810/430
f 723/821/431 724/820/431 2118/820/431 2117/821/431
f 715/832/273 716/831/273 2110/831/273 2109/832/273
f 339/823/432 340/835/432 1734/835/432 1733/823/432
f 795/833/433 796/841/433 2190/841/433 2189/833/433
f 707/843/111 708/842/111 2102/842/111 2101/843/111
f 699/854/110 700/853/110 2094/853/110 2093/854/110
f 691/866/109 692/865/109 2086/865/109 2085/866/109
f 819/873/434 820/872/434 2214/872/434 2213/873/434
f 803/874/435 804/877/435 2198/877/435 2197/874/435
f 811/889/436 812/887/436 2206/887/436 2205/889/436
f 155/897/437 156/896/437 1550/896/437 1549/897/437
f 347/898/438 348/901/438 1742/901/438 1741/898/438
f 147/909/439 148/907/439 1542/907/439 1541/909/439
f 139/918/118 140/917/118 1534/917/118 1533/918/118
f 131/927/440 132/926/440 1526/926/440 1525/927/440
f 355/931/122 356/933/122 1750/933/122 1749/931/122
f 611/940/441 612/939/441 2006/939/441 2005/940/441
f 619/956/442 620/957/442 2014/957/442 2013/956/442
f 363/959/443 364/967/443 1758/967/443 1757/959/443
f 627/966/444 628/968/444 2022/968/444 2021/966/444
f 371/979/445 372/980/445 1766/980/445 1765/979/445
f 603/981/446 604/977/446 1998/977/446 1997/981/446
f 635/996/447 636/1001/447 2030/1001/447 2029/996/447
f 379/997/448 380/1003/448 1774/1003/448 1773/997/448
f 595/1005/449 596/1002/449 1990/1002/449 1989/1005/449
f 123/1014/450 124/999/450 1518/999/450 1517/1014/450
f 587/1017/451 588/1016/451 1982/1016/451 1981/1017/451
f 643/1025/297 644/1026/297 2038/1026/297 2037/1025/297
f 651/1035/297 652/1036/297 2046/1036/297 2045/1035/297
f 579/1043/452 580/1040/452 1974/1040/452 1973/1043/452
f 659/1048/453 660/1051/453 2054/1051/453 2053/1048/453
f 43/1069/138 44/1064/138 1438/1064/138 1437/1069/138
f 51/1068/454 52/1071/454 1446/1071/454 1445/1068/454
f 59/1089/140 60/1094/140 1454/1094/140 1453/1089/140
f 667/1073/455 668/1097/455 2062/1097/455 2061/1073/455
f 387/1090/456 388/1100/456 1782/1100/456 1781/1090/456
f 571/1104/457 572/1098/457 1966/1098/457 1965/1104/457
f 35/1106/458 36/1093/458 1430/1093/458 1429/1106/458
f 67/1108/459 68/1112/459 1462/1112/459 1461/1108/459
f 115/1117/460 116/1110/460 1510/1110/460 1509/1117/460
f 75/1124/461 76/1125/461 1470/1125/461 1469/1124/461
f 83/1141/309 84/1142/309 1478/1142/309 1477/1141/309
f 563/1152/149 564/1149/149 1958/1149/149 1957/1152/149
f 91/1156/462 92/1159/462 1486/1159/462 1485/1156/462
f 395/1155/463 396/1168/463 1790/1168/463 1789/1155/463
f 99/1172/464 100/1176/464 1494/1176/464 1493/1172/464
f 555/1179/465 556/1177/465 1950/1177/465 1949/1179/465
f 107/1182/466 108/1178/466 1502/1178/466 1501/1182/466
f 547/1196/467 548/1195/467 1942/1195/467 1941/1196/467
f 539/1207/153 540/1204/153 1934/1204/153 1933/1207/153
f 531/1220/468 532/1217/468 1926/1217/468 1925/1220/468
f 675/1228/469 676/1232/469 2070/1232/469 2069/1228/469
f 403/1225/470 404/1233/470 1798/1233/470 1797/1225/470
f 523/1236/471 524/1234/471 1918/1234/471 1917/1236/471
f 27/1246/472 28/1235/472 1422/1235/472 1421/1246/472
f 683/1250/473 684/1248/473 2078/1248/473 2077/1250/473
f 467/1257/474 468/1259/474 1862/1259/474 1861/1257/474
f 459/1275/475 460/1273/475 1854/1273/475 1853/1275/475
f 475/1274/476 476/1276/476 1870/1276/476 1869/1274/476
f 451/1294/477 452/1291/477 1846/1291/477 1845/1294/477
f 483/1293/478 484/1297/478 1878/1297/478 1877/1293/478
f 443/1311/479 444/1309/479 1838/1309/479 1837/1311/479
f 411/1307/480 412/1316/480 1806/1316/480 1805/1307/480
f 19/1319/481 20/1310/481 1414/1310/481 1413/1319/481
f 491/1321/482 492/1324/482 1886/1324/482 1885/1321/482
f 435/1333/483 436/1329/483 1830/1329/483 1829/1333/483
f 419/1339/484 420/1342/484 1814/1342/484 1813/1339/484
f 427/1354/485 428/1356/485 1822/1356/485 1821/1354/485
f 11/1363/486 12/1361/486 1406/1361/486 1405/1363/486
f 499/1362/487 500/1364/487 1894/1364/487 1893/1362/487
f 3/1376/488 4/1375/488 1398/1375/488 1397/1376/488
f 515/1386/176 516/1385/176 1910/1385/176 1909/1386/176
f 507/1381/489 508/1392/489 1902/1392/489 1901/1381/489
f 1388/4/490 1389/1/490 2783/1/490 2782/4/490
f 1100/9/491 1101/11/491 2495/11/491 2494/9/491
f 1092/18/492 1093/16/492 2487/16/492 2486/18/492
f 1108/25/493 1109/27/493 2503/27/493 2502/25/493
f 1084/37/494 1085/34/494 2479/34/494 2478/37/494
f 1116/40/495 1117/41/495 2511/41/495 2510/40/495
f 1124/52/496 1125/53/496 2519/53/496 2518/52/496
f 1076/64/497 1077/61/497 2471/61/497 2470/64/497
f 1132/65/498 1133/66/498 2527/66/498 2526/65/498
f 1348/72/499 1349/70/499 2743/70/499 2742/72/499
f 1356/84/500 1357/87/500 2751/87/500 2750/84/500
f 1340/88/501 1341/86/501 2735/86/501 2734/88/501
f 1068/101/349 1069/99/349 2463/99/349 2462/101/349
f 1060/115/502 1061/112/502 2455/112/502 2454/115/502
f 1332/117/503 1333/114/503 2727/114/503 2726/117/503
f 1140/125/504 1141/133/504 2535/133/504 2534/125/504
f 1052/134/505 1053/132/505 2447/132/505 2446/134/505
f 1324/146/506 1325/143/506 2719/143/506 2718/146/506
f 1044/149/507 1045/148/507 2439/148/507 2438/149/507
f 1364/142/508 1365/151/508 2759/151/508 2758/142/508
f 1036/164/509 1037/160/509 2431/160/509 2430/164/509
f 1148/174/510 1149/176/510 2543/176/510 2542/174/510
f 1316/177/511 1317/173/511 2711/173/511 2710/177/511
f 1180/187/512 1181/190/512 2575/190/512 2574/187/512
f 1172/201/513 1173/198/513 2567/198/513 2566/201/513
f 1156/204/514 1157/206/514 2551/206/514 2550/204/514
f 1164/219/272 1165/217/272 2559/217/272 2558/219/272
f 1308/225/34 1309/224/34 2703/224/34 2702/225/34
f 1300/234/515 1301/232/515 2695/232/515 2694/234/515
f 1292/244/516 1293/243/516 2687/243/516 2686/244/516
f 1284/253/517 1285/252/517 2679/252/517 2678/253/517
f 1276/263/518 1277/262/518 2671/262/518 2670/263/518
f 1268/272/519 1269/271/519 2663/271/519 2662/272/519
f 1372/255/520 1373/278/520 2767/278/520 2766/255/520
f 1260/282/519 1261/281/519 2655/281/519 2654/282/519
f 1252/290/521 1253/289/521 2647/289/521 2646/290/521
f 1188/266/522 1189/292/522 2583/292/522 2582/266/522
f 1028/298/523 1029/280/523 2423/280/523 2422/298/523
f 1244/301/524 1245/300/524 2639/300/524 2638/301/524
f 1380/315/525 1381/317/525 2775/317/525 2774/315/525
f 1020/326/526 1021/324/526 2415/324/526 2414/326/526
f 1012/336/527 1013/335/527 2407/335/527 2406/336/527
f 1196/343/528 1197/346/528 2591/346/528 2590/343/528
f 1004/347/529 1005/345/529 2399/345/529 2398/347/529
f 996/359/530 997/357/530 2391/357/530 2390/359/530
f 1204/366/531 1205/369/531 2599/369/531 2598/366/531
f 988/372/532 989/370/532 2383/370/532 2382/372/532
f 852/378/533 853/379/533 2247/379/533 2246/378/533
f 860/389/534 861/390/534 2255/390/534 2254/389/534
f 844/396/535 845/385/535 2239/385/535 2238/396/535
f 868/399/536 869/400/536 2263/400/536 2262/399/536
f 876/409/390 877/410/390 2271/410/390 2270/409/390
f 884/417/389 885/419/389 2279/419/389 2278/417/389
f 892/428/537 893/430/537 2287/430/537 2286/428/537
f 900/440/387 901/441/387 2295/441/387 2294/440/387
f 908/453/538 909/454/538 2303/454/538 2302/453/538
f 980/455/539 981/452/539 2375/452/539 2374/455/539
f 916/469/540 917/471/540 2311/471/540 2310/469/540
f 972/477/541 973/472/541 2367/472/541 2366/477/541
f 924/481/542 925/482/542 2319/482/542 2318/481/542
f 932/490/543 933/491/543 2327/491/543 2326/490/543
f 940/500/544 941/502/544 2335/502/544 2334/500/544
f 948/510/545 949/512/545 2343/512/545 2342/510/545
f 964/521/546 965/519/546 2359/519/546 2358/521/546
f 956/522/547 957/524/547 2351/524/547 2350/522/547
f 836/530/548 837/475/548 2231/475/548 2230/530/548
f 1212/497/549 1213/531/549 2607/531/549 2606/497/549
f 212/543/550 213/544/550 1607/544/550 1606/543/550
f 204/546/551 205/542/551 1599/542/551 1598/546/551
f 220/554/552 221/556/552 1615/556/552 1614/554/552
f 828/570/553 829/568/553 2223/568/553 2222/570/553
f 1220/569/554 1221/572/554 2615/572/554 2614/569/554
f 1228/587/555 1229/589/555 2623/589/555 2622/587/555
f 1236/601/556 1237/598/556 2631/598/556 2630/601/556
f 196/606/557 197/604/557 1591/604/557 1590/606/557
f 228/605/558 229/607/558 1623/607/558 1622/605/558
f 188/621/559 189/619/559 1583/619/559 1582/621/559
f 236/622/560 237/624/560 1631/624/560 1630/622/560
f 180/635/561 181/633/561 1575/633/561 1574/635/561
f 244/641/562 245/643/562 1639/643/562 1638/641/562
f 772/654/563 773/658/563 2167/658/563 2166/654/563
f 308/668/564 309/665/564 1703/665/564 1702/668/564
f 316/669/565 317/671/565 1711/671/565 1710/669/565
f 764/676/566 765/657/566 2159/657/566 2158/676/566
f 300/682/567 301/681/567 1695/681/567 1694/682/567
f 172/693/568 173/666/568 1567/666/568 1566/693/568
f 292/695/569 293/694/569 1687/694/569 1686/695/569
f 252/690/94 253/700/94 1647/700/94 1646/690/94
f 324/703/570 325/708/570 1719/708/570 1718/703/570
f 284/725/571 285/719/571 1679/719/571 1678/725/571
f 780/727/572 781/730/572 2175/730/572 2174/727/572
f 260/737/573 261/741/573 1655/741/573 1654/737/573
f 332/743/574 333/751/574 1727/751/574 1726/743/574
f 268/763/425 269/764/425 1663/764/425 1662/763/425
f 756/773/575 757/762/575 2151/762/575 2150/773/575
f 276/775/269 277/776/269 1671/776/269 1670/775/269
f 788/769/576 789/778/576 2183/778/576 2182/769/576
f 164/780/577 165/768/577 1559/768/577 1558/780/577
f 748/792/578 749/791/578 2143/791/578 2142/792/578
f 740/800/579 741/799/579 2135/799/579 2134/800/579
f 732/808/580 733/807/580 2127/807/580 2126/808/580
f 724/820/581 725/818/581 2119/818/581 2118/820/581
f 716/831/582 717/829/582 2111/829/582 2110/831/582
f 708/842/111 709/840/111 2103/840/111 2102/842/111
f 340/835/583 341/848/583 1735/848/583 1734/835/583
f 796/841/584 797/849/584 2191/849/584 2190/841/584
f 700/853/585 701/852/585 2095/852/585 2094/853/585
f 692/865/109 693/863/109 2087/863/109 2086/865/109
f 820/872/586 821/870/586 2215/870/586 2214/872/586
f 804/877/587 805/880/587 2199/880/587 2198/877/587
f 812/887/588 813/885/588 2207/885/588 2206/887/588
f 156/896/589 157/894/589 1551/894/589 1550/896/589
f 348/901/590 349/904/590 1743/904/590 1742/901/590
f 148/907/591 149/906/591 1543/906/591 1542/907/591
f 140/917/118 141/916/118 1535/916/118 1534/917/118
f 132/926/592 133/925/592 1527/925/592 1526/926/592
f 356/933/122 357/934/122 1751/934/122 1750/933/122
f 612/939/593 613/942/593 2007/942/593 2006/939/593
f 620/957/594 621/958/594 2015/958/594 2014/957/594
f 628/968/595 629/969/595 2023/969/595 2022/968/595
f 364/967/596 365/971/596 1759/971/596 1758/967/596
f 604/977/597 605/964/597 1999/964/597 1998/977/597
f 372/980/598 373/983/598 1767/983/598 1766/980/598
f 124/999/599 125/985/599 1519/985/599 1518/999/599
f 596/1002/600 597/1000/600 1991/1000/600 1990/1002/600
f 636/1001/601 637/1004/601 2031/1004/601 2030/1001/601
f 380/1003/602 381/1012/602 1775/1012/602 1774/1003/602
f 588/1016/603 589/1013/603 1983/1013/603 1982/1016/603
f 644/1026/132 645/1027/132 2039/1027/132 2038/1026/132
f 652/1036/131 653/1037/131 2047/1037/131 2046/1036/131
f 580/1040/604 581/1039/604 1975/1039/604 1974/1040/604
f 660/1051/605 661/1054/605 2055/1054/605 2054/1051/605
f 44/1064/138 45/1062/138 1439/1062/138 1438/1064/138
f 52/1071/454 53/1074/454 1447/1074/454 1446/1071/454
f 36/1093/606 37/1091/606 1431/1091/606 1430/1093/606
f 60/1094/140 61/1096/140 1455/1096/140 1454/1094/140
f 572/1098/607 573/1092/607 1967/1092/607 1966/1098/607
f 388/1100/608 389/1109/608 1783/1109/608 1782/1100/608
f 116/1110/609 117/1103/609 1511/1103/609 1510/1110/609
f 668/1097/610 669/1113/610 2063/1113/610 2062/1097/610
f 68/1112/309 69/1114/309 1463/1114/309 1462/1112/309
f 76/1125/611 77/1127/611 1471/1127/611 1470/1125/611
f 84/1142/459 85/1144/459 1479/1144/459 1478/1142/459
f 564/1149/149 565/1143/149 1959/1143/149 1958/1149/149
f 92/1159/612 93/1160/612 1487/1160/612 1486/1159/612
f 556/1177/613 557/1175/613 1951/1175/613 1950/1177/613
f 108/1178/614 109/1174/614 1503/1174/614 1502/1178/614
f 100/1176/615 101/1180/615 1495/1180/615 1494/1176/615
f 396/1168/616 397/1188/616 1791/1188/616 1790/1168/616
f 548/1195/617 549/1194/617 1943/1194/617 1942/1195/617
f 540/1204/153 541/1203/153 1935/1203/153 1934/1204/153
f 532/1217/618 533/1215/618 1927/1215/618 1926/1217/618
f 524/1234/619 525/1231/619 1919/1231/619 1918/1234/619
f 28/1235/620 29/1227/620 1423/1227/620 1422/1235/620
f 676/1232/621 677/1237/621 2071/1237/621 2070/1232/621
f 684/1248/622 685/1245/622 2079/1245/622 2078/1248/622
f 404/1233/623 405/1253/623 1799/1253/623 1798/1233/623
f 468/1259/624 469/1261/624 1863/1261/624 1862/1259/624
f 460/1273/625 461/1271/625 1855/1271/625 1854/1273/625
f 476/1276/626 477/1278/626 1871/1278/626 1870/1276/626
f 452/1291/627 453/1289/627 1847/1289/627 1846/1291/627
f 484/1297/628 485/1300/628 1879/1300/628 1878/1297/628
f 444/1309/629 445/1306/629 1839/1306/629 1838/1309/629
f 20/1310/630 21/1301/630 1415/1301/630 1414/1310/630
f 412/1316/631 413/1322/631 1807/1322/631 1806/1316/631
f 492/1324/632 493/1327/632 1887/1327/632 1886/1324/632
f 436/1329/633 437/1326/633 1831/1326/633 1830/1329/633
f 420/1342/634 421/1343/634 1815/1343/634 1814/1342/634
f 428/1356/635 429/1355/635 1823/1355/635 1822/1356/635
f 12/1361/636 13/1360/636 1407/1360/636 1406/1361/636
f 500/1364/637 501/1367/637 1895/1367/637 1894/1364/637
f 4/1375/638 5/1373/638 1399/1373/638 1398/1375/638
f 516/1385/176 517/1384/176 1911/1384/176 1910/1385/176
f 508/1392/639 509/1391/639 1903/1391/639 1902/1392/639
f 1389/1/490 1390/3/490 2784/3/490 2783/1/490
f 1101/11/640 1102/13/640 2496/13/640 2495/11/640
f 1093/16/641 1094/14/641 2488/14/641 2487/16/641
f 1109/27/642 1110/29/642 2504/29/642 2503/27/642
f 1085/34/643 1086/30/643 2480/30/643 2479/34/643
f 1117/41/644 1118/43/644 2512/43/644 2511/41/644
f 1125/53/645 1126/55/645 2520/55/645 2519/53/645
f 1077/61/646 1078/57/646 2472/57/646 2471/61/646
f 1349/70/647 1350/68/647 2744/68/647 2743/70/647
f 1133/66/648 1134/75/648 2528/75/648 2527/66/648
f 1341/86/649 1342/83/649 2736/83/649 2735/86/649
f 1357/87/650 1358/90/650 2752/90/650 2751/87/650
f 1069/99/350 1070/97/350 2464/97/350 2463/99/350
f 1061/112/651 1062/111/651 2456/111/651 2455/112/651
f 1333/114/652 1334/110/652 2728/110/652 2727/114/652
f 1053/132/653 1054/129/653 2448/129/653 2447/132/653
f 1141/133/654 1142/138/654 2536/138/654 2535/133/654
f 1325/143/655 1326/139/655 2720/139/655 2719/143/655
f 1045/148/656 1046/145/656 2440/145/656 2439/148/656
f 1037/160/657 1038/159/657 2432/159/657 2431/160/657
f 1365/151/658 1366/161/658 2760/161/658 2759/151/658
f 1317/173/659 1318/170/659 2712/170/659 2711/173/659
f 1149/176/660 1150/178/660 2544/178/660 2543/176/660
f 1181/190/661 1182/195/661 2576/195/661 2575/190/661
f 1173/198/662 1174/196/662 2568/196/662 2567/198/662
f 1157/206/663 1158/207/663 2552/207/663 2551/206/663
f 1165/217/664 1166/215/664 2560/215/664 2559/217/664
f 1309/224/34 1310/223/34 2704/223/34 2703/224/34
f 1301/232/665 1302/231/665 2696/231/665 2695/232/665
f 1293/243/666 1294/242/666 2688/242/666 2687/243/666
f 1285/252/31 1286/251/31 2680/251/31 2679/252/31
f 1277/262/364 1278/261/364 2672/261/364 2671/262/364
f 1269/271/209 1270/270/209 2664/270/209 2663/271/209
f 1029/280/667 1030/257/667 2424/257/667 2423/280/667
f 1261/281/668 1262/279/668 2656/279/668 2655/281/668
f 1253/289/519 1254/288/519 2648/288/519 2647/289/519
f 1373/278/669 1374/295/669 2768/295/669 2767/278/669
f 1245/300/670 1246/299/670 2640/299/670 2639/300/670
f 1189/292/671 1190/312/671 2584/312/671 2583/292/671
f 1381/317/672 1382/316/672 2776/316/672 2775/317/672
f 1021/324/673 1022/323/673 2416/323/673 2415/324/673
f 1013/335/674 1014/334/674 2408/334/674 2407/335/674
f 1005/345/675 1006/344/675 2400/344/675 2399/345/675
f 1197/346/676 1198/349/676 2592/349/676 2591/346/676
f 997/357/677 998/355/677 2392/355/677 2391/357/677
f 989/370/678 990/368/678 2384/368/678 2383/370/678
f 1205/369/679 1206/371/679 2600/371/679 2599/369/679
f 853/379/680 854/380/680 2248/380/680 2247/379/680
f 845/385/681 846/383/681 2240/383/681 2239/385/681
f 861/390/682 862/391/682 2256/391/682 2255/390/682
f 869/400/683 870/401/683 2264/401/683 2263/400/683
f 877/410/684 878/411/684 2272/411/684 2271/410/684
f 885/419/229 886/421/229 2280/421/229 2279/419/229
f 893/430/685 894/431/685 2288/431/685 2287/430/685
f 901/441/686 902/443/686 2296/443/686 2295/441/686
f 981/452/687 982/448/687 2376/448/687 2375/452/687
f 909/454/688 910/456/688 2304/456/688 2303/454/688
f 973/472/689 974/470/689 2368/470/689 2367/472/689
f 917/471/690 918/473/690 2312/473/690 2311/471/690
f 837/475/691 838/460/691 2232/460/691 2231/475/691
f 925/482/692 926/483/692 2320/483/692 2319/482/692
f 933/491/693 934/492/693 2328/492/693 2327/491/693
f 941/502/545 942/503/545 2336/503/545 2335/502/545
f 949/512/545 950/513/545 2344/513/545 2343/512/545
f 965/519/694 966/515/694 2360/515/694 2359/519/694
f 957/524/695 958/526/695 2352/526/695 2351/524/695
f 1213/531/696 1214/533/696 2608/533/696 2607/531/696
f 205/542/697 206/535/697 1600/535/697 1599/542/697
f 213/544/698 214/545/698 1608/545/698 1607/544/698
f 221/556/699 222/559/699 1616/559/699 1615/556/699
f 829/568/700 830/566/700 2224/566/700 2223/568/700
f 1221/572/701 1222/575/701 2616/575/701 2615/572/701
f 1229/589/702 1230/590/702 2624/590/702 2623/589/702
f 1237/598/703 1238/596/703 2632/596/703 2631/598/703
f 197/604/704 198/595/704 1592/595/704 1591/604/704
f 229/607/705 230/609/705 1624/609/705 1623/607/705
f 189/619/706 190/618/706 1584/618/706 1583/619/706
f 237/624/707 238/626/707 1632/626/707 1631/624/707
f 181/633/708 182/632/708 1576/632/708 1575/633/708
f 245/643/709 246/644/709 1640/644/709 1639/643/709
f 765/657/710 766/653/710 2160/653/710 2159/657/710
f 309/665/711 310/663/711 1704/663/711 1703/665/711
f 173/666/712 174/655/712 1568/655/712 1567/666/712
f 317/671/713 318/674/713 1712/674/713 1711/671/713
f 301/681/371 302/679/371 1696/679/371 1695/681/371
f 773/658/714 774/683/714 2168/683/714 2167/658/714
f 293/694/210 294/691/210 1688/691/210 1687/694/210
f 253/700/94 254/707/94 1648/707/94 1647/700/94
f 325/708/715 326/711/715 1720/711/715 1719/708/715
f 285/719/36 286/715/36 1680/715/36 1679/719/36
f 781/730/716 782/735/716 2176/735/716 2175/730/716
f 261/741/717 262/746/717 1656/746/717 1655/741/717
f 333/751/718 334/759/718 1728/759/718 1727/751/718
f 757/762/503 758/755/503 2152/755/503 2151/762/503
f 269/764/425 270/765/425 1664/765/425 1663/764/425
f 165/768/719 166/752/719 1560/752/719 1559/768/719
f 277/776/425 278/777/425 1672/777/425 1671/776/425
f 789/778/720 790/783/720 2184/783/720 2183/778/720
f 749/791/721 750/789/721 2144/789/721 2143/791/721
f 741/799/722 742/798/722 2136/798/722 2135/799/722
f 733/807/723 734/806/723 2128/806/723 2127/807/723
f 725/818/724 726/816/724 2120/816/724 2119/818/724
f 717/829/725 718/828/725 2112/828/725 2111/829/725
f 709/840/726 710/839/726 2104/839/726 2103/840/726
f 701/852/585 702/851/585 2096/851/585 2095/852/585
f 797/849/727 798/855/727 2192/855/727 2191/849/727
f 341/848/728 342/859/728 1736/859/728 1735/848/728
f 693/863/726 694/862/726 2088/862/726 2087/863/726
f 805/880/729 806/882/729 2200/882/729 2199/880/729
f 813/885/730 814/883/730 2208/883/730 2207/885/730
f 157/894/731 158/892/731 1552/892/731 1551/894/731
f 149/906/732 150/905/732 1544/905/732 1543/906/732
f 349/904/733 350/908/733 1744/908/733 1743/904/733
f 141/916/118 142/915/118 1536/915/118 1535/916/118
f 133/925/734 134/924/734 1528/924/734 1527/925/734
f 357/934/119 358/936/119 1752/936/119 1751/934/119
f 613/942/735 614/944/735 2008/944/735 2007/942/735
f 621/958/85 622/960/85 2016/960/85 2015/958/85
f 605/964/736 606/954/736 2000/954/736 1999/964/736
f 629/969/737 630/970/737 2024/970/737 2023/969/737
f 365/971/738 366/972/738 1760/972/738 1759/971/738
f 373/983/739 374/984/739 1768/984/739 1767/983/739
f 125/985/740 126/953/740 1520/953/740 1519/985/740
f 597/1000/741 598/998/741 1992/998/741 1991/1000/741
f 637/1004/742 638/1007/742 2032/1007/742 2031/1004/742
f 589/1013/743 590/1011/743 1984/1011/743 1983/1013/743
f 645/1027/297 646/1028/297 2040/1028/297 2039/1027/297
f 381/1012/744 382/1033/744 1776/1033/744 1775/1012/744
f 653/1037/745 654/1038/745 2048/1038/745 2047/1037/745
f 581/1039/746 582/1029/746 1976/1029/746 1975/1039/746
f 661/1054/747 662/1058/747 2056/1058/747 2055/1054/747
f 45/1062/138 46/1059/138 1440/1059/138 1439/1062/138
f 53/1074/748 54/1077/748 1448/1077/748 1447/1074/748
f 37/1091/138 38/1088/138 1432/1088/138 1431/1091/138
f 573/1092/749 574/1083/749 1968/1083/749 1967/1092/749
f 61/1096/750 62/1099/750 1456/1099/750 1455/1096/750
f 117/1103/751 118/1095/751 1512/1095/751 1511/1103/751
f 69/1114/612 70/1115/612 1464/1115/612 1463/1114/612
f 389/1109/752 390/1122/752 1784/1122/752 1783/1109/752
f 77/1127/753 78/1129/753 1472/1129/753 1471/1127/753
f 669/1113/754 670/1136/754 2064/1136/754 2063/1113/754
f 565/1143/149 566/1140/149 1960/1140/149 1959/1143/149
f 85/1144/141 86/1148/141 1480/1148/141 1479/1144/141
f 93/1160/755 94/1162/755 1488/1162/755 1487/1160/755
f 109/1174/756 110/1166/756 1504/1166/756 1503/1174/756
f 557/1175/757 558/1173/757 1952/1173/757 1951/1175/757
f 101/1180/758 102/1184/758 1496/1184/758 1495/1180/758
f 549/1194/759 550/1193/759 1944/1193/759 1943/1194/759
f 397/1188/760 398/1199/760 1792/1199/760 1791/1188/760
f 541/1203/153 542/1202/153 1936/1202/153 1935/1203/153
f 533/1215/761 534/1214/761 1928/1214/761 1927/1215/761
f 29/1227/762 30/1221/762 1424/1221/762 1423/1227/762
f 525/1231/763 526/1230/763 1920/1230/763 1919/1231/763
f 677/1237/764 678/1241/764 2072/1241/764 2071/1237/764
f 685/1245/765 686/1244/765 2080/1244/765 2079/1245/765
f 405/1253/766 406/1255/766 1800/1255/766 1799/1253/766
f 469/1261/393 470/1263/393 1864/1263/393 1863/1261/393
f 461/1271/767 462/1268/767 1856/1268/767 1855/1271/767
f 477/1278/768 478/1280/768 1872/1280/768 1871/1278/768
f 453/1289/769 454/1287/769 1848/1287/769 1847/1289/769
f 21/1301/770 22/1295/770 1416/1295/770 1415/1301/770
f 485/1300/771 486/1305/771 1880/1305/771 1879/1300/771
f 445/1306/772 446/1304/772 1840/1304/772 1839/1306/772
f 437/1326/773 438/1323/773 1832/1323/773 1831/1326/773
f 413/1322/774 414/1328/774 1808/1328/774 1807/1322/774
f 493/1327/775 494/1332/775 1888/1332/775 1887/1327/775
f 421/1343/776 422/1344/776 1816/1344/776 1815/1343/776
f 429/1355/777 430/1352/777 1824/1352/777 1823/1355/777
f 13/1360/778 14/1358/778 1408/1358/778 1407/1360/778
f 501/1367/779 502/1369/779 1896/1369/779 1895/1367/779
f 5/1373/780 6/1371/780 1400/1371/780 1399/1373/780
f 517/1384/176 518/1383/176 1912/1383/176 1911/1384/176
f 509/1391/176 511/1390/176 1905/1390/176 1903/1391/176
f 1390/3/781 1391/2/781 2785/2/781 2784/3/781
f 1094/14/782 1095/12/782 2489/12/782 2488/14/782
f 1102/13/783 1103/15/783 2497/15/783 2496/13/783
f 1086/30/784 1087/28/784 2481/28/784 2480/30/784
f 1110/29/785 1111/31/785 2505/31/785 2504/29/785
f 1118/43/786 1119/44/786 2513/44/786 2512/43/786
f 1126/55/787 1127/56/787 2521/56/787 2520/55/787
f 1078/57/788 1079/54/788 2473/54/788 2472/57/788
f 1350/68/789 1351/69/789 2745/69/789 2744/68/789
f 1342/83/790 1343/81/790 2737/81/790 2736/83/790
f 1134/75/791 1135/85/791 2529/85/791 2528/75/791
f 1070/97/792 1071/95/792 2465/95/792 2464/97/792
f 1358/90/793 1359/98/793 2753/98/793 2752/90/793
f 1334/110/794 1335/105/794 2729/105/794 2728/110/794
f 1062/111/651 1063/109/651 2457/109/651 2456/111/651
f 1054/129/795 1055/128/795 2449/128/795 2448/129/795
f 1326/139/796 1327/135/796 2721/135/796 2720/139/796
f 1046/145/797 1047/144/797 2441/144/797 2440/145/797
f 1142/138/798 1143/147/798 2537/147/798 2536/138/798
f 1038/159/799 1039/157/799 2433/157/799 2432/159/799
f 1366/161/800 1367/166/800 2761/166/800 2760/161/800
f 1318/170/801 1319/168/801 2713/168/801 2712/170/801
f 1150/178/802 1151/181/802 2545/181/802 2544/178/802
f 1174/196/803 1175/194/803 2569/194/803 2568/196/803
f 1182/195/804 1183/197/804 2577/197/804 2576/195/804
f 1158/207/805 1159/209/805 2553/209/805 2552/207/805
f 1166/215/806 1167/213/806 2561/213/806 2560/215/806
f 1310/223/34 1311/222/34 2705/222/34 2704/223/34
f 1302/231/807 1303/230/807 2697/230/807 2696/231/807
f 1294/242/808 1295/241/808 2689/241/808 2688/242/808
f 1286/251/809 1287/249/809 2681/249/809 2680/251/809
f 1030/257/810 1031/239/810 2425/239/810 2424/257/810
f 1278/261/811 1279/260/811 2673/260/811 2672/261/811
f 1270/270/41 1271/269/41 2665/269/41 2664/270/41
f 1262/279/369 1263/277/369 2657/277/369 2656/279/369
f 1254/288/812 1255/287/812 2649/287/812 2648/288/812
f 1246/299/813 1247/297/813 2641/297/813 2640/299/813
f 1374/295/814 1375/302/814 2769/302/814 2768/295/814
f 1382/316/815 1383/314/815 2777/314/815 2776/316/815
f 1190/312/816 1191/321/816 2585/321/816 2584/312/816
f 1022/323/817 1023/322/817 2417/322/817 2416/323/817
f 1014/334/818 1015/332/818 2409/332/818 2408/334/818
f 1006/344/819 1007/342/819 2401/342/819 2400/344/819
f 1198/349/820 1199/353/820 2593/353/820 2592/349/820
f 998/355/821 999/354/821 2393/354/821 2392/355/821
f 990/368/822 991/367/822 2385/367/822 2384/368/822
f 1206/371/823 1207/377/823 2601/377/823 2600/371/823
f 854/380/824 855/382/824 2249/382/824 2248/380/824
f 846/383/825 847/381/825 2241/381/825 2240/383/825
f 862/391/826 863/392/826 2257/392/826 2256/391/826
f 870/401/827 871/402/827 2265/402/827 2264/401/827
f 878/411/828 879/412/828 2273/412/828 2272/411/828
f 886/421/56 887/422/56 2281/422/56 2280/421/56
f 894/431/685 895/433/685 2289/433/685 2288/431/685
f 902/443/829 903/445/829 2297/445/829 2296/443/829
f 982/448/830 983/442/830 2377/442/830 2376/448/830
f 910/456/831 911/458/831 2305/458/831 2304/456/831
f 838/460/832 839/446/832 2233/446/832 2232/460/832
f 974/470/833 975/468/833 2369/468/833 2368/470/833
f 918/473/834 919/474/834 2313/474/834 2312/473/834
f 926/483/835 927/485/835 2321/485/835 2320/483/835
f 934/492/836 935/494/836 2329/494/836 2328/492/836
f 942/503/837 943/504/837 2337/504/837 2336/503/837
f 950/513/545 951/514/545 2345/514/545 2344/513/545
f 966/515/838 967/511/838 2361/511/838 2360/515/838
f 958/526/839 959/528/839 2353/528/839 2352/526/839
f 1214/533/840 1215/534/840 2609/534/840 2608/533/840
f 206/535/841 207/537/841 1601/537/841 1600/535/841
f 214/545/842 215/547/842 1609/547/842 1608/545/842
f 222/559/843 223/565/843 1617/565/843 1616/559/843
f 830/566/844 831/563/844 2225/563/844 2224/566/844
f 1222/575/845 1223/577/845 2617/577/845 2616/575/845
f 822/586/846 823/584/846 2217/584/846 2216/586/846
f 1241/588/847 822/586/847 2216/586/847 2635/588/847
f 1230/590/848 1231/592/848 2625/592/848 2624/590/848
f 198/595/849 199/574/849 1593/574/849 1592/595/849
f 1238/596/850 1239/593/850 2633/593/850 2632/596/850
f 230/609/851 231/610/851 1625/610/851 1624/609/851
f 190/618/852 191/616/852 1585/616/852 1584/618/852
f 238/626/853 239/628/853 1633/628/853 1632/626/853
f 182/632/854 183/630/854 1577/630/854 1576/632/854
f 246/644/855 247/647/855 1641/647/855 1640/644/855
f 766/653/856 767/650/856 2161/650/856 2160/653/856
f 174/655/857 175/645/857 1569/645/857 1568/655/857
f 310/663/858 311/660/858 1705/660/858 1704/663/858
f 302/679/859 303/678/859 1697/678/859 1696/679/859
f 318/674/860 319/680/860 1713/680/860 1712/674/860
f 294/691/861 295/689/861 1689/689/861 1688/691/861
f 774/683/862 775/705/862 2169/705/862 2168/683/862
f 254/707/863 255/714/863 1649/714/863 1648/707/863
f 286/715/864 287/710/864 1681/710/864 1680/715/864
f 326/711/865 327/716/865 1721/716/865 1720/711/865
f 782/735/866 783/739/866 2177/739/866 2176/735/866
f 262/746/709 263/750/709 1657/750/709 1656/746/709
f 166/752/867 167/742/867 1561/742/867 1560/752/867
f 758/755/868 759/749/868 2153/749/868 2152/755/868
f 270/765/425 271/766/425 1665/766/425 1664/765/425
f 334/759/869 335/774/869 1729/774/869 1728/759/869
f 278/777/870 279/756/870 1673/756/870 1672/777/870
f 790/783/871 791/788/871 2185/788/871 2184/783/871
f 750/789/872 751/787/872 2145/787/872 2144/789/872
f 742/798/873 743/797/873 2137/797/873 2136/798/873
f 734/806/422 735/805/422 2129/805/422 2128/806/422
f 726/816/874 727/815/874 2121/815/874 2120/816/874
f 718/828/875 719/827/875 2113/827/875 2112/828/875
f 710/839/726 711/838/726 2105/838/726 2104/839/726
f 702/851/585 703/850/585 2097/850/585 2096/851/585
f 798/855/876 799/861/876 2193/861/876 2192/855/876
f 694/862/726 695/860/726 2089/860/726 2088/862/726
f 342/859/877 343/876/877 1737/876/877 1736/859/877
f 814/883/878 815/881/878 2209/881/878 2208/883/878
f 806/882/879 807/884/879 2201/884/879 2200/882/879
f 158/892/880 159/869/880 1553/869/880 1552/892/880
f 150/905/881 151/903/881 1545/903/881 1544/905/881
f 350/908/882 351/911/882 1745/911/882 1744/908/882
f 142/915/118 143/914/118 1537/914/118 1536/915/118
f 134/924/118 135/923/118 1529/923/118 1528/924/118
f 358/936/119 359/937/119 1753/937/119 1752/936/119
f 614/944/883 615/946/883 2009/946/883 2008/944/883
f 126/953/884 127/938/884 1521/938/884 1520/953/884
f 606/954/885 607/950/885 2001/950/885 2000/954/885
f 622/960/886 623/961/886 2017/961/886 2016/960/886
f 366/972/887 367/973/887 1761/973/887 1760/972/887
f 630/970/888 631/974/888 2025/974/888 2024/970/888
f 374/984/889 375/986/889 1769/986/889 1768/984/889
f 598/998/890 599/995/890 1993/995/890 1992/998/890
f 590/1011/891 591/1010/891 1985/1010/891 1984/1011/891
f 638/1007/892 639/1015/892 2033/1015/892 2032/1007/892
f 582/1029/893 583/1023/893 1977/1023/893 1976/1029/893
f 646/1028/297 647/1030/297 2041/1030/297 2040/1028/297
f 654/1038/894 655/1042/894 2049/1042/894 2048/1038/894
f 382/1033/895 383/1045/895 1777/1045/895 1776/1033/895
f 46/1059/138 47/1055/138 1441/1055/138 1440/1059/138
f 662/1058/896 663/1061/896 2057/1061/896 2056/1058/896
f 54/1077/748 55/1078/748 1449/1078/748 1448/1077/748
f 574/1083/897 575/1076/897 1969/1076/897 1968/1083/897
f 38/1088/138 39/1086/138 1433/1086/138 1432/1088/138
f 118/1095/898 119/1085/898 1513/1085/898 1512/1095/898
f 62/1099/140 63/1101/140 1457/1101/140 1456/1099/140
f 70/1115/899 71/1116/899 1465/1116/899 1464/1115/899
f 390/1122/900 391/1126/900 1785/1126/900 1784/1122/900
f 78/1129/901 79/1130/901 1473/1130/901 1472/1129/901
f 566/1140/149 567/1135/149 1961/1135/149 1960/1140/149
f 86/1148/141 87/1150/141 1481/1150/141 1480/1148/141
f 94/1162/307 95/1163/307 1489/1163/307 1488/1162/307
f 110/1166/902 111/1157/902 1505/1157/902 1504/1166/902
f 670/1136/903 671/1171/903 2065/1171/903 2064/1136/903
f 558/1173/904 559/1169/904 1953/1169/904 1952/1173/904
f 102/1184/905 103/1187/905 1497/1187/905 1496/1184/905
f 550/1193/906 551/1192/906 1945/1192/906 1944/1193/906
f 542/1202/153 543/1201/153 1937/1201/153 1936/1202/153
f 398/1199/907 399/1206/907 1793/1206/907 1792/1199/907
f 534/1214/761 535/1213/761 1929/1213/761 1928/1214/761
f 30/1221/908 31/1210/908 1425/1210/908 1424/1221/908
f 526/1230/909 527/1229/909 1921/1229/909 1920/1230/909
f 686/1244/110 687/1243/110 2081/1243/110 2080/1244/110
f 678/1241/910 679/1247/910 2073/1247/910 2072/1241/910
f 470/1263/737 471/1265/737 1865/1265/737 1864/1263/737
f 462/1268/911 463/1266/911 1857/1266/911 1856/1268/911
f 406/1255/912 407/1269/912 1801/1269/912 1800/1255/912
f 478/1280/913 479/1282/913 1873/1282/913 1872/1280/913
f 454/1287/914 455/1283/914 1849/1283/914 1848/1287/914
f 22/1295/915 23/1285/915 1417/1285/915 1416/1295/915
f 446/1304/916 447/1303/916 1841/1303/916 1840/1304/916
f 486/1305/917 487/1308/917 1881/1308/917 1880/1305/917
f 438/1323/918 439/1320/918 1833/1320/918 1832/1323/918
f 414/1328/919 415/1330/919 1809/1330/919 1808/1328/919
f 494/1332/920 495/1338/920 1889/1338/920 1888/1332/920
f 422/1344/921 423/1346/921 1817/1346/921 1816/1344/921
f 430/1352/922 431/1349/922 1825/1349/922 1824/1352/922
f 14/1358/923 15/1353/923 1409/1353/923 1408/1358/923
f 6/1371/924 7/1370/924 1401/1370/924 1400/1371/924
f 502/1369/925 503/1372/925 1897/1372/925 1896/1369/925
f 518/1383/176 519/1382/176 1913/1382/176 1912/1383/176
f 1391/2/781 1392/5/781 2786/5/781 2785/2/781
f 1095/12/926 1096/10/926 2490/10/926 2489/12/926
f 1103/15/927 1104/17/927 2498/17/927 2497/15/927
f 1087/28/928 1088/26/928 2482/26/928 2481/28/928
f 1111/31/929 1112/32/929 2506/32/929 2505/31/929
f 1119/44/930 1120/46/930 2514/46/930 2513/44/930
f 1079/54/931 1080/51/931 2474/51/931 2473/54/931
f 1127/56/932 1128/59/932 2522/59/932 2521/56/932
f 1351/69/233 1352/71/233 2746/71/233 2745/69/233
f 1343/81/933 1344/79/933 2738/79/933 2737/81/933
f 1135/85/934 1136/91/934 2530/91/934 2529/85/934
f 1071/95/935 1072/94/935 2466/94/935 2465/95/935
f 1335/105/936 1336/100/936 2730/100/936 2729/105/936
f 1359/98/937 1360/107/937 2754/107/937 2753/98/937
f 1063/109/938 1064/108/938 2458/108/938 2457/109/938
f 1055/128/939 1056/126/939 2450/126/939 2449/128/939
f 1327/135/940 1328/130/940 2722/130/940 2721/135/940
f 1047/144/941 1048/141/941 2442/141/941 2441/144/941
f 1143/147/942 1144/156/942 2538/156/942 2537/147/942
f 1039/157/943 1040/155/943 2434/155/943 2433/157/943
f 1319/168/944 1320/165/944 2714/165/944 2713/168/944
f 1367/166/945 1368/171/945 2762/171/945 2761/166/945
f 1151/181/946 1152/183/946 2546/183/946 2545/181/946
f 1175/194/947 1176/191/947 2570/191/947 2569/194/947
f 1183/197/948 1184/202/948 2578/202/948 2577/197/948
f 1159/209/949 1160/212/949 2554/212/949 2553/209/949
f 1167/213/950 1168/210/950 2562/210/950 2561/213/950
f 1311/222/951 1312/221/951 2706/221/951 2705/222/951
f 1303/230/951 1304/229/951 2698/229/951 2697/230/951
f 1031/239/952 1032/200/952 2426/200/952 2425/239/952
f 1295/241/953 1296/240/953 2690/240/953 2689/241/953
f 1287/249/954 1288/248/954 2682/248/954 2681/249/954
f 1279/260/955 1280/259/955 2674/259/955 2673/260/955
f 1271/269/956 1272/268/956 2666/268/956 2665/269/956
f 1263/277/957 1264/276/957 2658/276/957 2657/277/957
f 1255/287/958 1256/286/958 2650/286/958 2649/287/958
f 1247/297/959 1248/296/959 2642/296/959 2641/297/959
f 1375/302/570 1376/305/570 2770/305/570 2769/302/570
f 1383/314/960 1384/311/960 2778/311/960 2777/314/960
f 1023/322/961 1024/320/961 2418/320/961 2417/322/961
f 1191/321/962 1192/325/962 2586/325/962 2585/321/962
f 1015/332/963 1016/331/963 2410/331/963 2409/332/963
f 1007/342/964 1008/341/964 2402/341/964 2401/342/964
f 999/354/965 1000/352/965 2394/352/965 2393/354/965
f 1199/353/966 1200/356/966 2594/356/966 2593/353/966
f 991/367/967 992/365/967 2386/365/967 2385/367/967
f 847/381/968 848/376/968 2242/376/968 2241/381/968
f 855/382/969 856/384/969 2250/384/969 2249/382/969
f 863/392/970 864/393/970 2258/393/970 2257/392/970
f 871/402/971 872/403/971 2266/403/971 2265/402/971
f 1207/377/972 1208/404/972 2602/404/972 2601/377/972
f 879/412/973 880/413/973 2274/413/973 2273/412/973
f 887/422/974 888/423/974 2282/423/974 2281/422/974
f 895/433/228 896/434/228 2290/434/228 2289/433/228
f 983/442/975 984/438/975 2378/438/975 2377/442/975
f 839/446/976 840/436/976 2234/436/976 2233/446/976
f 903/445/977 904/447/977 2298/447/977 2297/445/977
f 911/458/978 912/461/978 2306/461/978 2305/458/978
f 975/468/979 976/465/979 2370/465/979 2369/468/979
f 919/474/980 920/476/980 2314/476/980 2313/474/980
f 927/485/981 928/486/981 2322/486/981 2321/485/981
f 935/494/982 936/495/982 2330/495/982 2329/494/982
f 943/504/983 944/505/983 2338/505/983 2337/504/983
f 967/511/984 968/507/984 2362/507/984 2361/511/984
f 951/514/985 952/516/985 2346/516/985 2345/514/985
f 959/528/986 960/529/986 2354/529/986 2353/528/986
f 207/537/987 208/536/987 1602/536/987 1601/537/987
f 215/547/988 216/548/988 1610/548/988 1609/547/988
f 1215/534/989 1216/550/989 2610/550/989 2609/534/989
f 831/563/990 832/561/990 2226/561/990 2225/563/990
f 223/565/991 224/571/991 1618/571/991 1617/565/991
f 199/574/992 200/564/992 1594/564/992 1593/574/992
f 1223/577/993 1224/579/993 2618/579/993 2617/577/993
f 823/584/994 824/581/994 2218/581/994 2217/584/994
f 1239/593/995 1240/591/995 2634/591/995 2633/593/995
f 1231/592/996 1232/594/996 2626/594/996 2625/592/996
f 231/610/997 232/614/997 1626/614/997 1625/610/997
f 191/616/998 192/613/998 1586/613/998 1585/616/998
f 183/630/999 184/629/999 1578/629/999 1577/630/999
f 239/628/1000 240/631/1000 1634/631/1000 1633/628/1000
f 175/645/1001 176/642/1001 1570/642/1001 1569/645/1001
f 767/650/1002 768/649/1002 2162/649/1002 2161/650/1002
f 247/647/717 248/652/717 1642/652/717 1641/647/717
f 311/660/1003 312/662/1003 1706/662/1003 1705/660/1003
f 303/678/1004 304/675/1004 1698/675/1004 1697/678/1004
f 319/680/1005 320/686/1005 1714/686/1005 1713/680/1005
f 295/689/1006 296/688/1006 1690/688/1006 1689/689/1006
f 775/705/1007 776/709/1007 2170/709/1007 2169/705/1007
f 287/710/808 288/706/808 1682/706/808 1681/710/808
f 255/714/863 256/718/863 1650/718/863 1649/714/863
f 327/716/1008 328/721/1008 1722/721/1008 1721/716/1008
f 167/742/1009 168/732/1009 1562/732/1009 1561/742/1009
f 783/739/1010 784/745/1010 2178/745/1010 2177/739/1010
f 759/749/1011 760/744/1011 2154/744/1011 2153/749/1011
f 263/750/562 264/753/562 1658/753/562 1657/750/562
f 279/756/1012 280/747/1012 1674/747/1012 1673/756/1012
f 271/766/269 272/767/269 1666/767/269 1665/766/269
f 335/774/1013 336/781/1013 1730/781/1013 1729/774/1013
f 751/787/1014 752/785/1014 2146/785/1014 2145/787/1014
f 743/797/1015 744/796/1015 2138/796/1015 2137/797/1015
f 735/805/1016 736/804/1016 2130/804/1016 2129/805/1016
f 791/788/1017 792/809/1017 2186/809/1017 2185/788/1017
f 727/815/1018 728/814/1018 2122/814/1018 2121/815/1018
f 719/827/1019 720/825/1019 2114/825/1019 2113/827/1019
f 711/838/726 712/837/726 2106/837/726 2105/838/726
f 703/850/585 704/847/585 2098/847/585 2097/850/585
f 695/860/726 696/858/726 2090/858/726 2089/860/726
f 799/861/1020 800/864/1020 2194/864/1020 2193/861/1020
f 159/869/1021 160/846/1021 1554/846/1021 1553/869/1021
f 815/881/1022 816/879/1022 2210/879/1022 2209/881/1022
f 807/884/1023 808/886/1023 2202/886/1023 2201/884/1023
f 343/876/1024 344/891/1024 1738/891/1024 1737/876/1024
f 151/903/1025 152/902/1025 1546/902/1025 1545/903/1025
f 143/914/118 144/913/118 1538/913/118 1537/914/118
f 351/911/1026 352/920/1026 1746/920/1026 1745/911/1026
f 135/923/118 136/922/118 1530/922/118 1529/923/118
f 127/938/1027 128/935/1027 1522/935/1027 1521/938/1027
f 359/937/122 360/941/122 1754/941/122 1753/937/122
f 615/946/235 616/948/235 2010/948/235 2009/946/235
f 607/950/1028 608/947/1028 2002/947/1028 2001/950/1028
f 623/961/1029 624/962/1029 2018/962/1029 2017/961/1029
f 367/973/1030 368/975/1030 1762/975/1030 1761/973/1030
f 631/974/1031 632/982/1031 2026/982/1031 2025/974/1031
f 375/986/1032 376/988/1032 1770/988/1032 1769/986/1032
f 599/995/1033 600/993/1033 1994/993/1033 1993/995/1033
f 591/1010/1034 592/1009/1034 1986/1009/1034 1985/1010/1034
f 639/1015/1035 640/1019/1035 2034/1019/1035 2033/1015/1035
f 583/1023/1036 584/1021/1036 1978/1021/1036 1977/1023/1036
f 647/1030/297 648/1031/297 2042/1031/297 2041/1030/297
f 655/1042/1037 656/1044/1037 2050/1044/1037 2049/1042/1037
f 47/1055/138 48/1053/138 1442/1053/138 1441/1055/138
f 383/1045/1038 384/1056/1038 1778/1056/1038 1777/1045/1038
f 663/1061/1039 664/1063/1039 2058/1063/1039 2057/1061/1039
f 575/1076/1040 576/1066/1040 1970/1066/1040 1969/1076/1040
f 55/1078/748 56/1081/748 1450/1081/748 1449/1078/748
f 119/1085/1041 120/1072/1041 1514/1072/1041 1513/1085/1041
f 39/1086/138 40/1082/138 1434/1082/138 1433/1086/138
f 63/1101/454 64/1102/454 1458/1102/454 1457/1101/454
f 71/1116/1042 72/1118/1042 1466/1118/1042 1465/1116/1042
f 391/1126/1043 392/1132/1043 1786/1132/1043 1785/1126/1043
f 79/1130/1044 80/1133/1044 1474/1133/1044 1473/1130/1044
f 567/1135/149 568/1131/149 1962/1131/149 1961/1135/149
f 87/1150/302 88/1151/302 1482/1151/302 1481/1150/302
f 111/1157/1045 112/1147/1045 1506/1147/1045 1505/1157/1045
f 95/1163/899 96/1165/899 1490/1165/899 1489/1163/899
f 559/1169/904 560/1164/904 1954/1164/904 1953/1169/904
f 103/1187/1046 104/1191/1046 1498/1191/1046 1497/1187/1046
f 551/1192/1047 552/1186/1047 1946/1186/1047 1945/1192/1047
f 543/1201/153 544/1200/153 1938/1200/153 1937/1201/153
f 671/1171/1048 672/1205/1048 2066/1205/1048 2065/1171/1048
f 31/1210/1049 32/1189/1049 1426/1189/1049 1425/1210/1049
f 399/1206/1050 400/1212/1050 1794/1212/1050 1793/1206/1050
f 535/1213/761 536/1211/761 1930/1211/761 1929/1213/761
f 527/1229/1051 528/1226/1051 1922/1226/1051 1921/1229/1051
f 687/1243/1052 688/1242/1052 2082/1242/1052 2081/1243/1052
f 679/1247/1053 680/1249/1053 2074/1249/1053 2073/1247/1053
f 463/1266/1054 464/1264/1054 1858/1264/1054 1857/1266/1054
f 471/1265/1055 472/1267/1055 1866/1267/1055 1865/1265/1055
f 455/1283/1056 456/1281/1056 1850/1281/1056 1849/1283/1056
f 407/1269/1057 408/1284/1057 1802/1284/1057 1801/1269/1057
f 23/1285/1058 24/1258/1058 1418/1258/1058 1417/1285/1058
f 479/1282/1059 480/1286/1059 1874/1286/1059 1873/1282/1059
f 447/1303/1060 448/1302/1060 1842/1302/1060 1841/1303/1060
f 487/1308/1061 488/1312/1061 1882/1312/1061 1881/1308/1061
f 439/1320/1062 440/1318/1062 1834/1318/1062 1833/1320/1062
f 415/1330/1063 416/1334/1063 1810/1334/1063 1809/1330/1063
f 423/1346/1064 424/1347/1064 1818/1347/1064 1817/1346/1064
f 495/1338/1065 496/1348/1065 1890/1348/1065 1889/1338/1065
f 431/1349/1066 432/1345/1066 1826/1345/1066 1825/1349/1066
f 15/1353/1067 16/1340/1067 1410/1340/1067 1409/1353/1067
f 7/1370/1068 8/1368/1068 1402/1368/1068 1401/1370/1068
f 503/1372/1069 504/1374/1069 1898/1374/1069 1897/1372/1069
f 519/1382/176 520/1380/176 1914/1380/176 1913/1382/176
f 511/1390/176 512/1389/176 1906/1389/176 1905/1390/176
f 1096/10/1070 1097/6/1070 2491/6/1070 2490/10/1070
f 1104/17/1071 1105/19/1071 2499/19/1071 2498/17/1071
f 1088/26/1072 1089/24/1072 2483/24/1072 2482/26/1072
f 1112/32/1073 1113/33/1073 2507/33/1073 2506/32/1073
f 1392/5/12 1393/39/12 2787/39/12 2786/5/12
f 1120/46/1074 1121/47/1074 2515/47/1074 2514/46/1074
f 1080/51/1075 1081/48/1075 2475/48/1075 2474/51/1075
f 1128/59/1076 1129/60/1076 2523/60/1076 2522/59/1076
f 1352/71/1077 1353/74/1077 2747/74/1077 2746/71/1077
f 1344/79/1078 1345/78/1078 2739/78/1078 2738/79/1078
f 1072/94/16 1073/92/16 2467/92/16 2466/94/16
f 1336/100/1079 1337/96/1079 2731/96/1079 2730/100/1079
f 1136/91/1080 1137/102/1080 2531/102/1080 2530/91/1080
f 1064/108/1081 1065/106/1081 2459/106/1081 2458/108/1081
f 1360/107/1082 1361/116/1082 2755/116/1082 2754/107/1082
f 1056/126/1083 1057/124/1083 2451/124/1083 2450/126/1083
f 1328/130/1084 1329/127/1084 2723/127/1084 2722/130/1084
f 1048/141/1085 1049/140/1085 2443/140/1085 2442/141/1085
f 1040/155/1086 1041/154/1086 2435/154/1086 2434/155/1086
f 1144/156/1087 1145/163/1087 2539/163/1087 2538/156/1087
f 1320/165/1088 1321/162/1088 2715/162/1088 2714/165/1088
f 1368/171/1089 1369/179/1089 2763/179/1089 2762/171/1089
f 1152/183/942 1153/185/942 2547/185/942 2546/183/942
f 1176/191/1090 1177/189/1090 2571/189/1090 2570/191/1090
f 1032/200/1091 1033/182/1091 2427/182/1091 2426/200/1091
f 1168/210/1092 1169/208/1092 2563/208/1092 2562/210/1092
f 1184/202/1093 1185/211/1093 2579/211/1093 2578/202/1093
f 1160/212/1094 1161/214/1094 2555/214/1094 2554/212/1094
f 1312/221/1095 1313/220/1095 2707/220/1095 2706/221/1095
f 1304/229/951 1305/228/951 2699/228/951 2698/229/951
f 1296/240/1096 1297/238/1096 2691/238/1096 2690/240/1096
f 1288/248/1097 1289/247/1097 2683/247/1097 2682/248/1097
f 1280/259/1098 1281/258/1098 2675/258/1098 2674/259/1098
f 1272/268/1099 1273/267/1099 2667/267/1099 2666/268/1099
f 1264/276/1100 1265/275/1100 2659/275/1100 2658/276/1100
f 1256/286/956 1257/285/956 2651/285/956 2650/286/956
f 1248/296/1101 1249/294/1101 2643/294/1101 2642/296/1101
f 1376/305/1102 1377/307/1102 2771/307/1102 2770/305/1102
f 1384/311/1103 1385/309/1103 2779/309/1103 2778/311/1103
f 1024/320/1104 1025/319/1104 2419/319/1104 2418/320/1104
f 1192/325/1105 1193/329/1105 2587/329/1105 2586/325/1105
f 1016/331/1106 1017/330/1106 2411/330/1106 2410/331/1106
f 1008/341/1107 1009/339/1107 2403/339/1107 2402/341/1107
f 1000/352/1108 1001/351/1108 2395/351/1108 2394/352/1108
f 1200/356/1109 1201/358/1109 2595/358/1109 2594/356/1109
f 992/365/1110 993/363/1110 2387/363/1110 2386/365/1110
f 848/376/1111 849/375/1111 2243/375/1111 2242/376/1111
f 856/384/1112 857/386/1112 2251/386/1112 2250/384/1112
f 864/393/1113 865/395/1113 2259/395/1113 2258/393/1113
f 872/403/1114 873/405/1114 2267/405/1114 2266/403/1114
f 880/413/1115 881/414/1115 2275/414/1115 2274/413/1115
f 888/423/758 889/424/758 2283/424/758 2282/423/758
f 1208/404/1116 1209/429/1116 2603/429/1116 2602/404/1116
f 896/434/758 897/435/758 2291/435/758 2290/434/758
f 840/436/1117 841/427/1117 2235/427/1117 2234/436/1117
f 984/438/1118 985/432/1118 2379/432/1118 2378/438/1118
f 904/447/1119 905/449/1119 2299/449/1119 2298/447/1119
f 912/461/1120 913/464/1120 2307/464/1120 2306/461/1120
f 976/465/1121 977/462/1121 2371/462/1121 2370/465/1121
f 920/476/1122 921/478/1122 2315/478/1122 2314/476/1122
f 928/486/1123 929/487/1123 2323/487/1123 2322/486/1123
f 936/495/1124 937/496/1124 2331/496/1124 2330/495/1124
f 944/505/1125 945/506/1125 2339/506/1125 2338/505/1125
f 968/507/1126 969/501/1126 2363/501/1126 2362/507/1126
f 952/516/985 953/517/985 2347/517/985 2346/516/985
f 960/529/221 961/527/221 2355/527/221 2354/529/221
f 208/536/1127 209/538/1127 1603/538/1127 1602/536/1127
f 216/548/1128 217/549/1128 1611/549/1128 1610/548/1128
f 1216/550/1129 1217/557/1129 2611/557/1129 2610/550/1129
f 832/561/1130 833/560/1130 2227/560/1130 2226/561/1130
f 200/564/1131 201/558/1131 1595/558/1131 1594/564/1131
f 1224/579/1132 1225/580/1132 2619/580/1132 2618/579/1132
f 824/581/1133 825/578/1133 2219/578/1133 2218/581/1133
f 224/571/1134 225/582/1134 1619/582/1134 1618/571/1134
f 1240/591/1135 1241/588/1135 2635/588/1135 2634/591/1135
f 1232/594/1136 1233/597/1136 2627/597/1136 2626/594/1136
f 192/613/1137 193/612/1137 1587/612/1137 1586/613/1137
f 232/614/1138 233/615/1138 1627/615/1138 1626/614/1138
f 184/629/1139 185/627/1139 1579/627/1139 1578/629/1139
f 240/631/1140 241/634/1140 1635/634/1140 1634/631/1140
f 176/642/1141 177/640/1141 1571/640/1141 1570/642/1141
f 768/649/1142 769/646/1142 2163/646/1142 2162/649/1142
f 248/652/573 249/656/573 1643/656/573 1642/652/573
f 312/662/1143 313/661/1143 1707/661/1143 1706/662/1143
f 304/675/1144 305/673/1144 1699/673/1144 1698/675/1144
f 296/688/1145 297/687/1145 1691/687/1145 1690/688/1145
f 320/686/1146 321/692/1146 1715/692/1146 1714/686/1146
f 288/706/1147 289/702/1147 1683/702/1147 1682/706/1147
f 776/709/1148 777/712/1148 2171/712/1148 2170/709/1148
f 256/718/1149 257/724/1149 1651/724/1149 1650/718/1149
f 328/721/1150 329/726/1150 1723/726/1150 1722/721/1150
f 168/732/1151 169/723/1151 1563/723/1151 1562/732/1151
f 760/744/1152 761/738/1152 2155/738/1152 2154/744/1152
f 280/747/1153 281/740/1153 1675/740/1153 1674/747/1153
f 784/745/1154 785/748/1154 2179/748/1154 2178/745/1154
f 264/753/1155 265/757/1155 1659/757/1155 1658/753/1155
f 272/767/100 273/770/100 1667/770/100 1666/767/100
f 752/785/1156 753/784/1156 2147/784/1156 2146/785/1156
f 336/781/1157 337/786/1157 1731/786/1157 1730/781/1157
f 744/796/1158 745/795/1158 2139/795/1158 2138/796/1158
f 736/804/1159 737/803/1159 2131/803/1159 2130/804/1159
f 728/814/1160 729/813/1160 2123/813/1160 2122/814/1160
f 792/809/1161 793/819/1161 2187/819/1161 2186/809/1161
f 720/825/1162 721/824/1162 2115/824/1162 2114/825/1162
f 712/837/109 713/836/109 2107/836/109 2106/837/109
f 160/846/1163 161/830/1163 1555/830/1163 1554/846/1163
f 704/847/110 705/845/110 2099/845/110 2098/847/110
f 696/858/111 697/857/111 2091/857/111 2090/858/111
f 800/864/1164 801/867/1164 2195/867/1164 2194/864/1164
f 816/879/1165 817/878/1165 2211/878/1165 2210/879/1165
f 808/886/1166 809/888/1166 2203/888/1166 2202/886/1166
f 344/891/1167 345/893/1167 1739/893/1167 1738/891/1167
f 152/902/857 153/900/857 1547/900/857 1546/902/857
f 144/913/118 145/912/118 1539/912/118 1538/913/118
f 136/922/118 137/921/118 1531/921/118 1530/922/118
f 352/920/1168 353/929/1168 1747/929/1168 1746/920/1168
f 128/935/1169 129/932/1169 1523/932/1169 1522/935/1169
f 608/947/1170 609/945/1170 2003/945/1170 2002/947/1170
f 360/941/122 361/949/122 1755/949/122 1754/941/122
f 616/948/1171 617/951/1171 2011/951/1171 2010/948/1171
f 624/962/224 625/963/224 2019/963/224 2018/962/224
f 368/975/1172 369/976/1172 1763/976/1172 1762/975/1172
f 632/982/1173 633/989/1173 2027/989/1173 2026/982/1173
f 376/988/1174 377/991/1174 1771/991/1174 1770/988/1174
f 600/993/1175 601/990/1175 1995/990/1175 1994/993/1175
f 592/1009/1176 593/1008/1176 1987/1008/1176 1986/1009/1176
f 584/1021/1177 585/1020/1177 1979/1020/1177 1978/1021/1177
f 640/1019/1178 641/1022/1178 2035/1022/1178 2034/1019/1178
f 648/1031/297 649/1032/297 2043/1032/297 2042/1031/297
f 656/1044/1179 657/1046/1179 2051/1046/1179 2050/1044/1179
f 48/1053/1180 49/1050/1180 1443/1050/1180 1442/1053/1180
f 664/1063/1181 665/1065/1181 2059/1065/1181 2058/1063/1181
f 576/1066/1182 577/1060/1182 1971/1060/1182 1970/1066/1182
f 384/1056/1183 385/1067/1183 1779/1067/1183 1778/1056/1183
f 120/1072/1184 121/1057/1184 1515/1057/1184 1514/1072/1184
f 40/1082/138 41/1079/138 1435/1079/138 1434/1082/138
f 56/1081/748 57/1084/748 1451/1084/748 1450/1081/748
f 64/1102/134 65/1105/134 1459/1105/134 1458/1102/134
f 72/1118/1185 73/1120/1185 1467/1120/1185 1466/1118/1185
f 568/1131/149 569/1119/149 1963/1119/149 1962/1131/149
f 80/1133/1186 81/1134/1186 1475/1134/1186 1474/1133/1186
f 392/1132/1187 393/1139/1187 1787/1139/1187 1786/1132/1187
f 112/1147/1188 113/1138/1188 1507/1138/1188 1506/1147/1188
f 88/1151/459 89/1153/459 1483/1153/459 1482/1151/459
f 560/1164/1189 561/1161/1189 1955/1161/1189 1954/1164/1189
f 96/1165/1190 97/1167/1190 1491/1167/1190 1490/1165/1190
f 552/1186/1191 553/1183/1191 1947/1183/1191 1946/1186/1191
f 32/1189/1192 33/1145/1192 1427/1145/1192 1426/1189/1192
f 104/1191/1193 105/1190/1193 1499/1190/1193 1498/1191/1193
f 544/1200/1194 545/1198/1194 1939/1198/1194 1938/1200/1194
f 536/1211/761 537/1209/761 1931/1209/761 1930/1211/761
f 400/1212/1195 401/1216/1195 1795/1216/1195 1794/1212/1195
f 672/1205/1196 673/1218/1196 2067/1218/1196 2066/1205/1196
f 528/1226/1197 529/1224/1197 1923/1224/1197 1922/1226/1197
f 688/1242/1198 689/1240/1198 2083/1240/1198 2082/1242/1198
f 680/1249/1199 681/1251/1199 2075/1251/1199 2074/1249/1199
f 24/1258/1200 25/1256/1200 1419/1256/1200 1418/1258/1200
f 464/1264/1201 465/1262/1201 1859/1262/1201 1858/1264/1201
f 472/1267/143 473/1270/143 1867/1270/143 1866/1267/143
f 456/1281/1202 457/1279/1202 1851/1279/1202 1850/1281/1202
f 480/1286/1203 481/1288/1203 1875/1288/1203 1874/1286/1203
f 408/1284/1204 409/1292/1204 1803/1292/1204 1802/1284/1204
f 448/1302/1205 449/1298/1205 1843/1298/1205 1842/1302/1205
f 488/1312/1206 489/1314/1206 1883/1314/1206 1882/1312/1206
f 440/1318/1207 441/1315/1207 1835/1315/1207 1834/1318/1207
f 416/1334/1208 417/1335/1208 1811/1335/1208 1810/1334/1208
f 16/1340/1209 17/1331/1209 1411/1331/1209 1410/1340/1209
f 432/1345/1210 433/1341/1210 1827/1341/1210 1826/1345/1210
f 424/1347/1211 425/1350/1211 1819/1350/1211 1818/1347/1211
f 496/1348/1212 497/1357/1212 1891/1357/1212 1890/1348/1212
f 8/1368/1213 9/1366/1213 1403/1366/1213 1402/1368/1213
f 504/1374/1214 505/1377/1214 1899/1377/1214 1898/1374/1214
f 512/1389/176 513/1388/176 1907/1388/176 1906/1389/176
o path1
v -0.060877 0.095804 0.426692
v -0.060502 0.097261 0.412246
v -0.060120 0.099298 0.397535
v -0.059731 0.101913 0.382576
v -0.059335 0.105101 0.367382
v -0.058934 0.108856 0.351969
v -0.058526 0.113176 0.336351
v -0.058114 0.118056 0.320542
v -0.057696 0.123492 0.304557
v -0.057274 0.129479 0.288411
v -0.056847 0.136013 0.272118
v -0.056417 0.143090 0.255693
v -0.055983 0.150705 0.239150
v -0.055530 0.159155 0.221882
v -0.055083 0.168016 0.204884
v -0.054635 0.177504 0.187835
v -0.054177 0.187839 0.170415
v -0.053699 0.199236 0.152304
v -0.053195 0.211913 0.133181
v -0.052655 0.226088 0.112725
v -0.052071 0.241979 0.090617
v -0.051435 0.259801 0.066536
v -0.050737 0.279774 0.040161
v -0.049971 0.302114 0.011171
v -0.049126 0.327039 -0.020753
v -0.048769 0.337754 -0.034240
v -0.048387 0.349453 -0.048658
v -0.047982 0.362089 -0.063952
v -0.047555 0.375617 -0.080069
v -0.047107 0.389989 -0.096952
v -0.046641 0.405157 -0.114550
v -0.046156 0.421075 -0.132806
v -0.045656 0.437697 -0.151668
v -0.045141 0.454974 -0.171081
v -0.044612 0.472860 -0.190991
v -0.044072 0.491309 -0.211344
v -0.043521 0.510272 -0.232085
v -0.043502 0.510929 -0.232801
v -0.043449 0.512747 -0.234781
v -0.043370 0.515493 -0.237772
v -0.043270 0.518936 -0.241521
v -0.043157 0.522842 -0.245776
v -0.043037 0.526981 -0.250283
v -0.042918 0.531119 -0.254791
v -0.042805 0.535026 -0.259045
v -0.042705 0.538468 -0.262795
v -0.042626 0.541215 -0.265786
v -0.042573 0.543032 -0.267766
v -0.042554 0.543690 -0.268481
v -0.039391 0.535960 -0.390933
v -0.038907 0.534780 -0.409653
v -0.038334 0.533381 -0.431850
v -0.037682 0.531792 -0.457088
v -0.036963 0.530040 -0.484931
v -0.036187 0.528153 -0.514944
v -0.035367 0.526157 -0.546691
v -0.034514 0.524080 -0.579738
v -0.033638 0.521950 -0.613649
v -0.032750 0.519794 -0.647988
v -0.031864 0.517639 -0.682320
v -0.030988 0.515512 -0.716209
v -0.030135 0.513441 -0.749221
v -0.029299 0.511409 -0.781580
v -0.028473 0.509395 -0.813570
v -0.027665 0.507421 -0.844841
v -0.026885 0.505510 -0.875045
v -0.026141 0.503684 -0.903833
v -0.025443 0.501964 -0.930855
v -0.024800 0.500374 -0.955763
v -0.024220 0.498935 -0.978208
v -0.023713 0.497670 -0.997841
v -0.023287 0.496601 -1.014313
v -0.022953 0.495750 -1.027274
v -0.022718 0.495140 -1.036377
v -0.022378 0.494244 -1.049531
v -0.022022 0.493314 -1.063314
v -0.021649 0.492351 -1.077727
v -0.021261 0.491353 -1.092768
v -0.020856 0.490321 -1.108439
v -0.020435 0.489255 -1.124738
v -0.019998 0.488155 -1.141665
v -0.019544 0.487020 -1.159220
v -0.019075 0.485852 -1.177403
v -0.018589 0.484650 -1.196214
v -0.018087 0.483414 -1.215652
v -0.017568 0.482144 -1.235717
v -0.017404 0.481741 -1.242076
v -0.017222 0.481293 -1.249137
v -0.017024 0.480807 -1.256780
v -0.016815 0.480290 -1.264889
v -0.016596 0.479749 -1.273346
v -0.016372 0.479194 -1.282034
v -0.016145 0.478630 -1.290835
v -0.015917 0.478065 -1.299632
v -0.015693 0.477508 -1.308306
v -0.015475 0.476965 -1.316741
v -0.015267 0.476444 -1.324819
v -0.015070 0.475952 -1.332423
v -0.014652 0.474971 -1.348613
v -0.014265 0.474202 -1.363603
v -0.013907 0.473646 -1.377442
v -0.013578 0.473305 -1.390177
v -0.013276 0.473180 -1.401854
v -0.012999 0.473270 -1.412521
v -0.012748 0.473578 -1.422224
v -0.012520 0.474105 -1.431011
v -0.012315 0.474850 -1.438928
v -0.012130 0.475815 -1.446024
v -0.011966 0.477002 -1.452344
v -0.011820 0.478410 -1.457936
v -0.011547 0.481909 -1.468397
v -0.011269 0.486379 -1.479009
v -0.010987 0.491798 -1.489743
v -0.010702 0.498144 -1.500573
v -0.010415 0.505396 -1.511470
v -0.010126 0.513532 -1.522407
v -0.009836 0.522530 -1.533356
v -0.009545 0.532369 -1.544289
v -0.009256 0.543027 -1.555179
v -0.008967 0.554481 -1.565997
v -0.008681 0.566711 -1.576716
v -0.008397 0.579695 -1.587309
v -0.008148 0.591611 -1.596600
v -0.007924 0.602550 -1.604919
v -0.007726 0.612571 -1.612302
v -0.007551 0.621733 -1.618786
v -0.007400 0.630097 -1.624405
v -0.007270 0.637722 -1.629196
v -0.007161 0.644667 -1.633196
v -0.007073 0.650993 -1.636440
v -0.007003 0.656759 -1.638964
v -0.006951 0.662025 -1.640805
v -0.006917 0.666851 -1.641997
v -0.006899 0.671296 -1.642578
v -0.006898 0.671487 -1.642591
v -0.006897 0.672016 -1.642627
v -0.006895 0.672816 -1.642681
v -0.006892 0.673817 -1.642748
v -0.006890 0.674955 -1.642824
v -0.006887 0.676159 -1.642905
v -0.006884 0.677364 -1.642986
v -0.006881 0.678501 -1.643063
v -0.006878 0.679503 -1.643130
v -0.006876 0.680302 -1.643184
v -0.006875 0.680831 -1.643219
v -0.006875 0.681023 -1.643232
v -0.007429 0.701695 -1.621207
v -0.007535 0.705536 -1.617021
v -0.007650 0.709543 -1.612464
v -0.007775 0.713760 -1.607480
v -0.007914 0.718231 -1.602009
v -0.008066 0.722999 -1.595995
v -0.008233 0.728110 -1.589379
v -0.008417 0.733607 -1.582105
v -0.008620 0.739534 -1.574114
v -0.008842 0.745935 -1.565350
v -0.009085 0.752854 -1.555753
v -0.009351 0.760335 -1.545268
v -0.009641 0.768422 -1.533835
v -0.010100 0.781196 -1.515729
v -0.010516 0.792815 -1.499302
v -0.010895 0.803402 -1.484384
v -0.011239 0.813080 -1.470805
v -0.011553 0.821972 -1.458395
v -0.011843 0.830201 -1.446985
v -0.012111 0.837889 -1.436404
v -0.012362 0.845160 -1.426483
v -0.012601 0.852137 -1.417051
v -0.012832 0.858943 -1.407940
v -0.013059 0.865701 -1.398978
v -0.013286 0.872533 -1.389996
v -0.013465 0.877948 -1.382924
v -0.013669 0.884142 -1.374865
v -0.013891 0.890911 -1.366084
v -0.014125 0.898049 -1.356846
v -0.014364 0.905348 -1.347416
v -0.014600 0.912604 -1.338060
v -0.014828 0.919610 -1.329042
v -0.015041 0.926161 -1.320629
v -0.015232 0.932051 -1.313085
v -0.015394 0.937074 -1.306675
v -0.015521 0.941023 -1.301666
v -0.015606 0.943694 -1.298321
v -0.015757 0.948478 -1.292331
v -0.015948 0.954409 -1.284776
v -0.016171 0.961248 -1.275971
v -0.016417 0.968753 -1.266232
v -0.016680 0.976687 -1.255874
v -0.016949 0.984808 -1.245213
v -0.017219 0.992877 -1.234564
v -0.017480 1.000654 -1.224242
v -0.017725 1.007900 -1.214565
v -0.017946 1.014375 -1.205846
v -0.018135 1.019840 -1.198402
v -0.018283 1.024053 -1.192549
v -0.018918 1.041123 -1.167527
v -0.019535 1.056319 -1.143241
v -0.020140 1.069705 -1.119498
v -0.020737 1.081342 -1.096103
v -0.021331 1.091294 -1.072864
v -0.021927 1.099621 -1.049587
v -0.022530 1.106387 -1.026080
v -0.023146 1.111654 -1.002148
v -0.023778 1.115484 -0.977599
v -0.024433 1.117941 -0.952239
v -0.025114 1.119085 -0.925875
v -0.025827 1.118979 -0.898313
v -0.026079 1.118688 -0.888592
v -0.026313 1.118313 -0.879549
v -0.026533 1.117838 -0.871065
v -0.026742 1.117250 -0.863024
v -0.026942 1.116532 -0.855306
v -0.027137 1.115671 -0.847795
v -0.027330 1.114651 -0.840372
v -0.027524 1.113457 -0.832920
v -0.027721 1.112076 -0.825321
v -0.027926 1.110491 -0.817457
v -0.028141 1.108689 -0.809211
v -0.028369 1.106653 -0.800464
v -0.028786 1.102404 -0.784478
v -0.029213 1.097203 -0.768126
v -0.029649 1.091067 -0.751438
v -0.030094 1.084013 -0.734446
v -0.030547 1.076058 -0.717181
v -0.031006 1.067217 -0.699675
v -0.031472 1.057507 -0.681958
v -0.031943 1.046945 -0.664062
v -0.032419 1.035547 -0.646018
v -0.032898 1.023329 -0.627857
v -0.033379 1.010308 -0.609611
v -0.033863 0.996501 -0.591310
v -0.034087 0.989862 -0.582852
v -0.034342 0.982157 -0.573223
v -0.034622 0.973580 -0.562653
v -0.034921 0.964324 -0.551375
v -0.035232 0.954583 -0.539618
v -0.035550 0.944551 -0.527613
v -0.035869 0.934422 -0.515593
v -0.036182 0.924390 -0.503787
v -0.036483 0.914648 -0.492426
v -0.036767 0.905390 -0.481742
v -0.037026 0.896811 -0.471966
v -0.037255 0.889103 -0.463327
v -0.037346 0.886005 -0.459892
v -0.037448 0.882539 -0.456050
v -0.037559 0.878763 -0.451866
v -0.037678 0.874736 -0.447404
v -0.037802 0.870518 -0.442731
v -0.037930 0.866168 -0.437913
v -0.038060 0.861744 -0.433013
v -0.038191 0.857305 -0.428097
v -0.038320 0.852911 -0.423232
v -0.038446 0.848620 -0.418481
v -0.038567 0.844491 -0.413911
v -0.038682 0.840584 -0.409586
v -0.038792 0.836828 -0.405430
v -0.038901 0.833142 -0.401350
v -0.039006 0.829565 -0.397389
v -0.039107 0.826134 -0.393590
v -0.039202 0.822888 -0.389997
v -0.039291 0.819868 -0.386651
v -0.039372 0.817111 -0.383597
v -0.039444 0.814656 -0.380877
v -0.039506 0.812543 -0.378534
v -0.039557 0.810809 -0.376611
v -0.039596 0.809494 -0.375151
v -0.039622 0.808637 -0.374197
v -0.039624 0.808548 -0.374099
v -0.039631 0.808305 -0.373828
v -0.039642 0.807937 -0.373418
v -0.039656 0.807476 -0.372903
v -0.039671 0.806952 -0.372320
v -0.039688 0.806398 -0.371702
v -0.039704 0.805844 -0.371084
v -0.039720 0.805320 -0.370501
v -0.039733 0.804859 -0.369987
v -0.039744 0.804491 -0.369577
v -0.039751 0.804247 -0.369305
v -0.039754 0.804159 -0.369207
v -0.042426 0.809879 -0.265787
v -0.044070 0.813333 -0.202164
v -0.045641 0.816503 -0.141372
v -0.047143 0.819393 -0.083261
v -0.048579 0.822010 -0.027684
v -0.049954 0.824359 0.025506
v -0.051271 0.826447 0.076458
v -0.052534 0.828278 0.125320
v -0.053747 0.829859 0.172240
v -0.054914 0.831195 0.217365
v -0.056038 0.832293 0.260844
v -0.057124 0.833158 0.302824
v -0.058175 0.833796 0.343454
v -0.058437 0.833930 0.353560
v -0.058707 0.834072 0.364004
v -0.058982 0.834220 0.374650
v -0.059259 0.834372 0.385358
v -0.059534 0.834524 0.395992
v -0.059804 0.834677 0.406414
v -0.060064 0.834826 0.416486
v -0.060312 0.834972 0.426070
v -0.060544 0.835110 0.435029
v -0.060756 0.835240 0.443224
v -0.060945 0.835360 0.450519
v -0.061107 0.835466 0.456775
v -0.061625 0.835672 0.476800
v -0.062242 0.835678 0.500652
v -0.062938 0.835499 0.527558
v -0.063694 0.835154 0.556745
v -0.064489 0.834658 0.587441
v -0.065303 0.834029 0.618873
v -0.066116 0.833284 0.650268
v -0.066908 0.832439 0.680854
v -0.067659 0.831511 0.709858
v -0.068350 0.830518 0.736507
v -0.068959 0.829477 0.760029
v -0.069468 0.828403 0.779650
v -0.070362 0.826155 0.814147
v -0.071189 0.823861 0.846033
v -0.071953 0.821499 0.875486
v -0.072659 0.819045 0.902684
v -0.073311 0.816480 0.927803
v -0.073913 0.813779 0.951021
v -0.074472 0.810922 0.972516
v -0.074990 0.807887 0.992465
v -0.075474 0.804650 1.011046
v -0.075926 0.801191 1.028436
v -0.076353 0.797487 1.044813
v -0.076758 0.793516 1.060354
v -0.077172 0.788977 1.076225
v -0.077560 0.784216 1.091088
v -0.077925 0.779190 1.105020
v -0.078267 0.773855 1.118100
v -0.078590 0.768167 1.130407
v -0.078895 0.762081 1.142019
v -0.079184 0.755556 1.153014
v -0.079460 0.748545 1.163471
v -0.079724 0.741007 1.173469
v -0.079979 0.732897 1.183085
v -0.080227 0.724171 1.192399
v -0.080469 0.714785 1.201488
v -0.080635 0.707718 1.207713
v -0.080792 0.700342 1.213541
v -0.080940 0.692481 1.219053
v -0.081083 0.683959 1.224331
v -0.081223 0.674599 1.229456
v -0.081361 0.664225 1.234509
v -0.081501 0.652660 1.239570
v -0.081644 0.639729 1.244722
v -0.081792 0.625256 1.250047
v -0.081948 0.609063 1.255624
v -0.082115 0.590975 1.261535
v -0.082294 0.570815 1.267863
v -0.082298 0.570267 1.268032
v -0.082312 0.568754 1.268499
v -0.082332 0.566467 1.269205
v -0.082357 0.563600 1.270090
v -0.082385 0.560347 1.271095
v -0.082415 0.556900 1.272159
v -0.082445 0.553454 1.273223
v -0.082474 0.550201 1.274227
v -0.082499 0.547334 1.275113
v -0.082519 0.545047 1.275819
v -0.082532 0.543533 1.276286
v -0.082537 0.542985 1.276455
v -0.084006 0.540168 1.333163
v -0.084349 0.539502 1.346409
v -0.084645 0.538904 1.357798
v -0.084899 0.538346 1.367626
v -0.085122 0.537797 1.376193
v -0.085319 0.537231 1.383794
v -0.085499 0.536617 1.390728
v -0.085669 0.535927 1.397292
v -0.085838 0.535133 1.403784
v -0.086012 0.534206 1.410501
v -0.086200 0.533116 1.417741
v -0.086410 0.531836 1.425801
v -0.086648 0.530337 1.434979
v -0.087285 0.525797 1.459449
v -0.087907 0.520337 1.483327
v -0.088514 0.513969 1.506581
v -0.089104 0.506709 1.529181
v -0.089677 0.498571 1.551094
v -0.090232 0.489568 1.572290
v -0.090769 0.479714 1.592737
v -0.091286 0.469025 1.612404
v -0.091782 0.457514 1.631260
v -0.092257 0.445195 1.649273
v -0.092711 0.432083 1.666412
v -0.093141 0.418192 1.682647
v -0.093237 0.414773 1.686236
v -0.093341 0.410743 1.690147
v -0.093452 0.406182 1.694314
v -0.093569 0.401170 1.698675
v -0.093689 0.395789 1.703165
v -0.093811 0.390119 1.707721
v -0.093933 0.384240 1.712279
v -0.094054 0.378233 1.716776
v -0.094172 0.372180 1.721147
v -0.094284 0.366160 1.725330
v -0.094391 0.360254 1.729260
v -0.094488 0.354544 1.732875
v -0.094704 0.340810 1.740799
v -0.094927 0.325107 1.748965
v -0.095153 0.307881 1.757203
v -0.095377 0.289580 1.765346
v -0.095595 0.270650 1.773225
v -0.095802 0.251539 1.780673
v -0.095993 0.232692 1.787520
v -0.096164 0.214558 1.793598
v -0.096309 0.197582 1.798740
v -0.096425 0.182213 1.802777
v -0.096507 0.168895 1.805540
v -0.096549 0.158078 1.806861
v -0.096557 0.154122 1.807052
v -0.096561 0.150626 1.807130
v -0.096562 0.147552 1.807083
v -0.096560 0.144861 1.806899
v -0.096553 0.142514 1.806568
v -0.096542 0.140471 1.806076
v -0.096526 0.138695 1.805413
v -0.096505 0.137147 1.804567
v -0.096479 0.135787 1.803526
v -0.096448 0.134577 1.802278
v -0.096411 0.133478 1.800812
v -0.096367 0.132452 1.799115
v -0.096285 0.130926 1.795894
v -0.096203 0.129963 1.792691
v -0.096119 0.129598 1.789438
v -0.096032 0.129863 1.786069
v -0.095939 0.130792 1.782519
v -0.095840 0.132419 1.778721
v -0.095731 0.134775 1.774609
v -0.095613 0.137895 1.770117
v -0.095482 0.141812 1.765179
v -0.095338 0.146560 1.759729
v -0.095177 0.152171 1.753700
v -0.095000 0.158679 1.747028
v -0.094833 0.164819 1.740770
v -0.094674 0.170554 1.734766
v -0.094520 0.175919 1.728975
v -0.094371 0.180947 1.723354
v -0.094225 0.185671 1.717863
v -0.094082 0.190125 1.712460
v -0.093940 0.194343 1.707102
v -0.093799 0.198358 1.701747
v -0.093656 0.202204 1.696356
v -0.093512 0.205915 1.690884
v -0.093365 0.209523 1.685292
v -0.093213 0.213064 1.679537
v -0.092870 0.220496 1.666512
v -0.092509 0.227587 1.652740
v -0.092129 0.234325 1.638252
v -0.091731 0.240699 1.623081
v -0.091317 0.246701 1.607258
v -0.090888 0.252320 1.590814
v -0.090443 0.257545 1.573782
v -0.089984 0.262365 1.556194
v -0.089512 0.266772 1.538081
v -0.089028 0.270754 1.519475
v -0.088532 0.274301 1.500409
v -0.088025 0.277402 1.480912
v -0.087739 0.278805 1.469910
v -0.087413 0.280057 1.457337
v -0.087054 0.281147 1.443504
v -0.086671 0.282068 1.428717
v -0.086271 0.282810 1.413285
v -0.085862 0.283364 1.397518
v -0.085453 0.283722 1.381722
v -0.085052 0.283874 1.366207
v -0.084665 0.283812 1.351281
v -0.084303 0.283527 1.337252
v -0.083971 0.283009 1.324429
v -0.083679 0.282251 1.313120
v -0.083206 0.280584 1.294783
v -0.082752 0.278699 1.277187
v -0.082303 0.276484 1.259771
v -0.081844 0.273824 1.241973
v -0.081361 0.270607 1.223230
v -0.080840 0.266720 1.202980
v -0.080266 0.262050 1.180662
v -0.079625 0.256484 1.155714
v -0.078901 0.249909 1.127573
v -0.078081 0.242213 1.095678
v -0.077151 0.233281 1.059468
v -0.076095 0.223002 1.018378
v -0.075680 0.218889 1.002230
v -0.075235 0.214368 0.984874
v -0.074757 0.209434 0.966295
v -0.074249 0.204082 0.946477
v -0.073707 0.198308 0.925403
v -0.073134 0.192107 0.903057
v -0.072527 0.185475 0.879423
v -0.071887 0.178407 0.854483
v -0.071213 0.170899 0.828222
v -0.070505 0.162945 0.800624
v -0.069761 0.154542 0.771672
v -0.068983 0.145684 0.741349
v -0.068015 0.134829 0.703622
v -0.067133 0.125397 0.669273
v -0.066328 0.117324 0.637918
v -0.065589 0.110552 0.609169
v -0.064906 0.105017 0.582641
v -0.064270 0.100660 0.557948
v -0.063671 0.097418 0.534703
v -0.063099 0.095231 0.512521
v -0.062543 0.094037 0.491015
v -0.061994 0.093775 0.469799
v -0.061442 0.094385 0.448487
v -0.060877 0.095804 0.426692
v -0.060877 0.095804 0.426692
v -0.060877 0.095804 0.426692
v -0.060877 0.095804 0.426692
v -0.060877 0.095804 0.426692
v -0.060877 0.095804 0.426692
v -0.060877 0.095804 0.426692
v -0.060877 0.095804 0.426692
v -0.060877 0.095804 0.426692
v -0.060877 0.095804 0.426692
v -0.060877 0.095804 0.426692
v -0.060877 0.095804 0.426692
v -0.060861 0.352504 0.433443
v -0.061164 0.354095 0.445196
v -0.061473 0.355926 0.457182
v -0.061790 0.358018 0.469483
v -0.062117 0.360387 0.482179
v -0.062456 0.363052 0.495353
v -0.062809 0.366031 0.509084
v -0.063178 0.369343 0.523453
v -0.063566 0.373004 0.538543
v -0.063974 0.377034 0.554432
v -0.064405 0.381451 0.571204
v -0.064860 0.386273 0.588938
v -0.065342 0.391517 0.607716
v -0.065478 0.393004 0.612978
v -0.065616 0.394532 0.618385
v -0.065757 0.396082 0.623869
v -0.065898 0.397634 0.629360
v -0.066037 0.399167 0.634787
v -0.066173 0.400663 0.640081
v -0.066304 0.402102 0.645172
v -0.066428 0.403463 0.649991
v -0.066543 0.404728 0.654467
v -0.066647 0.405876 0.658530
v -0.066739 0.406889 0.662112
v -0.066817 0.407745 0.665143
v -0.066888 0.408526 0.667910
v -0.066960 0.409321 0.670727
v -0.067033 0.410119 0.673559
v -0.067105 0.410910 0.676371
v -0.067176 0.411686 0.679128
v -0.067244 0.412435 0.681794
v -0.067309 0.413148 0.684336
v -0.067370 0.413816 0.686717
v -0.067427 0.414428 0.688902
v -0.067477 0.414974 0.690858
v -0.067520 0.415446 0.692549
v -0.067556 0.415832 0.693939
v -0.067603 0.416341 0.695776
v -0.067680 0.417170 0.698766
v -0.067784 0.418293 0.702815
v -0.067912 0.419683 0.707829
v -0.068064 0.421315 0.713714
v -0.068235 0.423163 0.720375
v -0.068423 0.425200 0.727719
v -0.068627 0.427400 0.735652
v -0.068843 0.429738 0.744079
v -0.069070 0.432187 0.752906
v -0.069304 0.434720 0.762039
v -0.069544 0.437313 0.771385
v -0.070332 0.445771 0.802090
v -0.071114 0.454039 0.832537
v -0.071886 0.462079 0.862571
v -0.072642 0.469851 0.892040
v -0.073381 0.477317 0.920790
v -0.074097 0.484437 0.948666
v -0.074787 0.491174 0.975516
v -0.075447 0.497487 1.001186
v -0.076072 0.503338 1.025522
v -0.076659 0.508688 1.048371
v -0.077205 0.513499 1.069579
v -0.077704 0.517731 1.088992
v -0.077816 0.518662 1.093332
v -0.077923 0.519574 1.097519
v -0.078026 0.520458 1.101513
v -0.078123 0.521305 1.105273
v -0.078212 0.522104 1.108758
v -0.078294 0.522846 1.111930
v -0.078366 0.523522 1.114747
v -0.078428 0.524123 1.117169
v -0.078479 0.524637 1.119157
v -0.078518 0.525057 1.120669
v -0.078544 0.525373 1.121666
v -0.078555 0.525574 1.122107
v -0.078539 0.526633 1.121524
v -0.078451 0.528045 1.118150
v -0.078298 0.529751 1.112290
v -0.078088 0.531695 1.104252
v -0.077830 0.533820 1.094339
v -0.077532 0.536066 1.082859
v -0.077200 0.538378 1.070117
v -0.076844 0.540697 1.056418
v -0.076471 0.542966 1.042069
v -0.076089 0.545127 1.027376
v -0.075706 0.547123 1.012643
v -0.075331 0.548896 0.998177
v -0.074275 0.553208 0.957508
v -0.073142 0.557122 0.913830
v -0.071941 0.560625 0.867536
v -0.070683 0.563700 0.819019
v -0.069378 0.566335 0.768672
v -0.068036 0.568513 0.716887
v -0.066668 0.570222 0.664057
v -0.065283 0.571445 0.610574
v -0.063892 0.572169 0.556832
v -0.062504 0.572379 0.503223
v -0.061130 0.572060 0.450140
v -0.059781 0.571197 0.397975
v -0.059651 0.571087 0.392934
v -0.059513 0.570974 0.387616
v -0.059371 0.570859 0.382099
v -0.059225 0.570743 0.376457
v -0.059077 0.570629 0.370765
v -0.058931 0.570517 0.365100
v -0.058787 0.570409 0.359537
v -0.058648 0.570306 0.354151
v -0.058515 0.570211 0.349017
v -0.058391 0.570124 0.344211
v -0.058277 0.570047 0.339809
v -0.058175 0.569981 0.335886
v -0.057372 0.569349 0.304831
v -0.056399 0.568380 0.267213
v -0.055301 0.567138 0.224745
v -0.054122 0.565685 0.179144
v -0.052906 0.564086 0.132122
v -0.051698 0.562404 0.085396
v -0.050542 0.560702 0.040678
v -0.049483 0.559044 -0.000316
v -0.048564 0.557493 -0.035872
v -0.047830 0.556113 -0.064276
v -0.047325 0.554967 -0.083812
v -0.047094 0.554118 -0.092767
v -0.047091 0.554093 -0.092878
v -0.047083 0.554026 -0.093187
v -0.047071 0.553923 -0.093653
v -0.047056 0.553795 -0.094238
v -0.047039 0.553649 -0.094901
v -0.047021 0.553495 -0.095604
v -0.047003 0.553341 -0.096307
v -0.046986 0.553195 -0.096970
v -0.046971 0.553067 -0.097554
v -0.046959 0.552965 -0.098021
v -0.046951 0.552897 -0.098329
v -0.046948 0.552872 -0.098441
v -0.047145 0.547585 -0.090984
v -0.047178 0.546690 -0.089728
v -0.047223 0.545480 -0.088038
v -0.047277 0.543986 -0.085957
v -0.047342 0.542236 -0.083526
v -0.047414 0.540262 -0.080786
v -0.047493 0.538094 -0.077781
v -0.047579 0.535761 -0.074552
v -0.047669 0.533295 -0.071140
v -0.047763 0.530726 -0.067588
v -0.047859 0.528083 -0.063938
v -0.047957 0.525397 -0.060231
v -0.048055 0.522698 -0.056510
v -0.048983 0.497867 -0.021375
v -0.049883 0.475090 0.012758
v -0.050759 0.454325 0.045985
v -0.051611 0.435530 0.078399
v -0.052444 0.418661 0.110095
v -0.053259 0.403675 0.141166
v -0.054060 0.390530 0.171708
v -0.054847 0.379182 0.201813
v -0.055624 0.369588 0.231575
v -0.056394 0.361706 0.261090
v -0.057159 0.355493 0.290451
v -0.057920 0.350904 0.319752
v -0.058117 0.350068 0.327317
v -0.058331 0.349413 0.335594
v -0.058562 0.348938 0.344474
v -0.058804 0.348642 0.353847
v -0.059057 0.348522 0.363603
v -0.059316 0.348577 0.373634
v -0.059580 0.348806 0.383829
v -0.059845 0.349208 0.394080
v -0.060109 0.349780 0.404276
v -0.060368 0.350521 0.414308
v -0.060620 0.351430 0.424067
v -0.023341 0.766068 -1.004532
v -0.023559 0.766540 -0.996062
v -0.023796 0.767051 -0.986905
v -0.024047 0.767593 -0.977201
v -0.024308 0.768158 -0.967093
v -0.024576 0.768738 -0.956720
v -0.024847 0.769325 -0.946224
v -0.025118 0.769912 -0.935746
v -0.025384 0.770491 -0.925426
v -0.025643 0.771053 -0.915405
v -0.025891 0.771591 -0.905825
v -0.026123 0.772097 -0.896827
v -0.026337 0.772563 -0.888551
v -0.026554 0.773034 -0.880171
v -0.026794 0.773557 -0.870871
v -0.027054 0.774122 -0.860805
v -0.027330 0.774721 -0.850129
v -0.027618 0.775346 -0.838996
v -0.027913 0.775986 -0.827562
v -0.028212 0.776635 -0.815980
v -0.028511 0.777283 -0.804407
v -0.028806 0.777921 -0.792995
v -0.029093 0.778542 -0.781901
v -0.029367 0.779135 -0.771279
v -0.029626 0.779693 -0.761283
v -0.029888 0.780265 -0.751124
v -0.030175 0.780899 -0.740026
v -0.030481 0.781585 -0.728168
v -0.030803 0.782313 -0.715723
v -0.031135 0.783071 -0.702869
v -0.031473 0.783850 -0.689783
v -0.031812 0.784638 -0.676639
v -0.032149 0.785426 -0.663615
v -0.032478 0.786202 -0.650888
v -0.032794 0.786957 -0.638632
v -0.033094 0.787679 -0.627024
v -0.033373 0.788358 -0.616241
v -0.033637 0.788999 -0.606025
v -0.033894 0.789611 -0.596068
v -0.034142 0.790187 -0.586471
v -0.034378 0.790723 -0.577335
v -0.034599 0.791213 -0.568762
v -0.034804 0.791651 -0.560852
v -0.034988 0.792032 -0.553707
v -0.035151 0.792351 -0.547428
v -0.035288 0.792601 -0.542117
v -0.035397 0.792778 -0.537873
v -0.035477 0.792876 -0.534799
v -0.035524 0.792889 -0.532996
v -0.035553 0.792874 -0.531870
v -0.035581 0.792893 -0.530767
v -0.035609 0.792942 -0.529700
v -0.035635 0.793020 -0.528679
v -0.035660 0.793124 -0.527717
v -0.035683 0.793254 -0.526824
v -0.035704 0.793407 -0.526012
v -0.035722 0.793581 -0.525292
v -0.035738 0.793774 -0.524677
v -0.035751 0.793985 -0.524177
v -0.035761 0.794211 -0.523804
v -0.035766 0.794451 -0.523569
v -0.035761 0.795341 -0.523741
v -0.035728 0.796782 -0.525003
v -0.035667 0.798726 -0.527279
v -0.035582 0.801127 -0.530499
v -0.035474 0.803940 -0.534590
v -0.035345 0.807119 -0.539479
v -0.035197 0.810617 -0.545094
v -0.035032 0.814389 -0.551362
v -0.034852 0.818388 -0.558211
v -0.034659 0.822568 -0.565569
v -0.034454 0.826883 -0.573363
v -0.034239 0.831288 -0.581520
v -0.033475 0.845859 -0.610651
v -0.032723 0.858261 -0.639345
v -0.031983 0.868498 -0.667636
v -0.031255 0.876574 -0.695557
v -0.030536 0.882490 -0.723140
v -0.029828 0.886252 -0.750420
v -0.029127 0.887861 -0.777430
v -0.028435 0.887322 -0.804201
v -0.027749 0.884637 -0.830768
v -0.027070 0.879811 -0.857164
v -0.026395 0.872845 -0.883422
v -0.025725 0.863743 -0.909575
v -0.025599 0.861740 -0.914533
v -0.025458 0.859383 -0.920045
v -0.025306 0.856728 -0.925997
v -0.025145 0.853832 -0.932276
v -0.024980 0.850752 -0.938765
v -0.024812 0.847544 -0.945351
v -0.024644 0.844264 -0.951919
v -0.024480 0.840969 -0.958356
v -0.024322 0.837716 -0.964545
v -0.024174 0.834560 -0.970374
v -0.024037 0.831558 -0.975727
v -0.023916 0.828768 -0.980489
v -0.023759 0.824970 -0.986653
v -0.023585 0.820581 -0.993533
v -0.023396 0.815724 -1.000949
v -0.023199 0.810529 -1.008718
v -0.022998 0.805119 -1.016661
v -0.022796 0.799622 -1.024597
v -0.022600 0.794164 -1.032344
v -0.022413 0.788872 -1.039722
v -0.022240 0.783871 -1.046551
v -0.022085 0.779288 -1.052648
v -0.021954 0.775250 -1.057834
v -0.021851 0.771882 -1.061928
v -0.021800 0.770152 -1.063930
v -0.021758 0.768661 -1.065617
v -0.021723 0.767391 -1.067000
v -0.021695 0.766325 -1.068091
v -0.021675 0.765444 -1.068901
v -0.021662 0.764732 -1.069441
v -0.021655 0.764170 -1.069723
v -0.021654 0.763742 -1.069759
v -0.021660 0.763429 -1.069559
v -0.021671 0.763214 -1.069134
v -0.021687 0.763080 -1.068497
v -0.021709 0.763009 -1.067659
v -0.021738 0.763010 -1.066529
v -0.021794 0.763070 -1.064393
v -0.021873 0.763184 -1.061326
v -0.021974 0.763350 -1.057406
v -0.022096 0.763563 -1.052710
v -0.022235 0.763819 -1.047313
v -0.022391 0.764116 -1.041294
v -0.022560 0.764449 -1.034727
v -0.022742 0.764814 -1.027691
v -0.022934 0.765208 -1.020262
v -0.023134 0.765627 -1.012517
v -0.082193 1.015959 1.276742
v -0.082169 1.016822 1.275862
v -0.082142 1.017955 1.274843
v -0.082112 1.019333 1.273707
v -0.082079 1.020927 1.272470
v -0.082043 1.022710 1.271153
v -0.082006 1.024657 1.269773
v -0.081968 1.026738 1.268350
v -0.081929 1.028928 1.266902
v -0.081889 1.031200 1.265449
v -0.081850 1.033526 1.264009
v -0.081812 1.035879 1.262601
v -0.081775 1.038232 1.261243
v -0.081459 1.057318 1.249588
v -0.081128 1.074300 1.237261
v -0.080773 1.089315 1.223983
v -0.080388 1.102500 1.209475
v -0.079965 1.113991 1.193459
v -0.079497 1.123925 1.175655
v -0.078976 1.132439 1.155784
v -0.078396 1.139669 1.133568
v -0.077748 1.145752 1.108727
v -0.077027 1.150824 1.080981
v -0.076223 1.155023 1.050054
v -0.075330 1.158484 1.015664
v -0.075039 1.159270 1.004413
v -0.074647 1.160050 0.989283
v -0.074175 1.160804 0.971084
v -0.073645 1.161514 0.950628
v -0.073078 1.162162 0.928726
v -0.072494 1.162729 0.906188
v -0.071915 1.163195 0.883827
v -0.071362 1.163543 0.862453
v -0.070855 1.163754 0.842877
v -0.070416 1.163808 0.825910
v -0.070065 1.163688 0.812363
v -0.069824 1.163375 0.803047
v -0.069778 1.163289 0.801252
v -0.069710 1.163195 0.798629
v -0.069623 1.163094 0.795251
v -0.069518 1.162989 0.791191
v -0.069397 1.162879 0.786522
v -0.069263 1.162767 0.781317
v -0.069116 1.162655 0.775649
v -0.068959 1.162544 0.769592
v -0.068794 1.162435 0.763218
v -0.068623 1.162330 0.756601
v -0.068448 1.162230 0.749813
v -0.068270 1.162137 0.742927
v -0.068082 1.162037 0.735662
v -0.067877 1.161915 0.727769
v -0.067660 1.161774 0.719370
v -0.067433 1.161616 0.710590
v -0.067199 1.161444 0.701552
v -0.066962 1.161261 0.692379
v -0.066724 1.161069 0.683194
v -0.066490 1.160870 0.674121
v -0.066261 1.160667 0.665283
v -0.066042 1.160463 0.656804
v -0.065835 1.160260 0.648806
v -0.065644 1.160060 0.641415
v -0.065439 1.159841 0.633498
v -0.065193 1.159580 0.623973
v -0.064910 1.159282 0.613033
v -0.064596 1.158953 0.600871
v -0.064254 1.158597 0.587679
v -0.063892 1.158221 0.573650
v -0.063512 1.157829 0.558978
v -0.063121 1.157425 0.543854
v -0.062723 1.157017 0.528473
v -0.062324 1.156607 0.513027
v -0.061928 1.156203 0.497708
v -0.061540 1.155808 0.482709
v -0.060887 1.155143 0.457453
v -0.060222 1.154460 0.431743
v -0.059554 1.153769 0.405902
v -0.058890 1.153078 0.380251
v -0.058240 1.152397 0.355111
v -0.057612 1.151734 0.330805
v -0.057013 1.151098 0.307655
v -0.056453 1.150497 0.285982
v -0.055939 1.149942 0.266108
v -0.055480 1.149440 0.248354
v -0.055084 1.149000 0.233044
v -0.054759 1.148631 0.220497
v -0.054242 1.148118 0.200479
v -0.053543 1.147552 0.173474
v -0.052697 1.146952 0.140772
v -0.051737 1.146334 0.103661
v -0.050697 1.145718 0.063431
v -0.049609 1.145120 0.021369
v -0.048507 1.144557 -0.021236
v -0.047424 1.144049 -0.063095
v -0.046393 1.143611 -0.102920
v -0.045449 1.143263 -0.139421
v -0.044624 1.143021 -0.171311
v -0.043951 1.142904 -0.197301
v -0.043818 1.142892 -0.202464
v -0.043678 1.142876 -0.207880
v -0.043533 1.142859 -0.213474
v -0.043385 1.142839 -0.219170
v -0.043237 1.142817 -0.224892
v -0.043091 1.142793 -0.230566
v -0.042947 1.142769 -0.236116
v -0.042808 1.142743 -0.241466
v -0.042677 1.142717 -0.246541
v -0.042555 1.142691 -0.251266
v -0.042444 1.142665 -0.255565
v -0.042345 1.142639 -0.259363
v -0.042246 1.142616 -0.263224
v -0.042130 1.142598 -0.267707
v -0.042000 1.142584 -0.272728
v -0.041858 1.142575 -0.278204
v -0.041707 1.142570 -0.284050
v -0.041548 1.142570 -0.290183
v -0.041384 1.142575 -0.296519
v -0.041217 1.142584 -0.302974
v -0.041049 1.142598 -0.309465
v -0.040882 1.142616 -0.315907
v -0.040719 1.142639 -0.322217
v -0.040561 1.142666 -0.328311
v -0.040386 1.142698 -0.335083
v -0.040171 1.142737 -0.343365
v -0.039922 1.142781 -0.352986
v -0.039643 1.142830 -0.363770
v -0.039339 1.142882 -0.375544
v -0.039013 1.142938 -0.388135
v -0.038670 1.142997 -0.401370
v -0.038315 1.143057 -0.415074
v -0.037953 1.143117 -0.429074
v -0.037588 1.143178 -0.443197
v -0.037223 1.143238 -0.457269
v -0.036865 1.143297 -0.471116
v -0.035791 1.143732 -0.512610
v -0.034359 1.144703 -0.567902
v -0.032641 1.146128 -0.634244
v -0.030708 1.147931 -0.708889
v -0.028631 1.150030 -0.789089
v -0.026481 1.152349 -0.872095
v -0.024330 1.154806 -0.955160
v -0.022248 1.157324 -1.035535
v -0.020306 1.159824 -1.110474
v -0.018577 1.162226 -1.177227
v -0.017131 1.164451 -1.233048
v -0.016039 1.166420 -1.275187
v -0.014968 1.168629 -1.316486
v -0.014053 1.170599 -1.351803
v -0.013278 1.172388 -1.381685
v -0.012630 1.174055 -1.406677
v -0.012095 1.175657 -1.427326
v -0.011657 1.177253 -1.444178
v -0.011304 1.178900 -1.457780
v -0.011021 1.180658 -1.468677
v -0.010793 1.182583 -1.477417
v -0.010607 1.184736 -1.484545
v -0.010449 1.187173 -1.490608
v -0.010303 1.189952 -1.496151
v -0.010232 1.191477 -1.498864
v -0.010164 1.193077 -1.501428
v -0.010096 1.194926 -1.504014
v -0.010022 1.197200 -1.506793
v -0.009939 1.200073 -1.509935
v -0.009841 1.203718 -1.513612
v -0.009724 1.208311 -1.517992
v -0.009584 1.214026 -1.523248
v -0.009416 1.221037 -1.529550
v -0.009215 1.229518 -1.537068
v -0.008977 1.239644 -1.545972
v -0.008697 1.251590 -1.556434
v -0.008566 1.257164 -1.561353
v -0.008425 1.263045 -1.566619
v -0.008277 1.269147 -1.572155
v -0.008125 1.275388 -1.577881
v -0.007969 1.281684 -1.583718
v -0.007812 1.287952 -1.589588
v -0.007657 1.294107 -1.595413
v -0.007505 1.300068 -1.601115
v -0.007358 1.305750 -1.606613
v -0.007219 1.311069 -1.611830
v -0.007090 1.315942 -1.616687
v -0.006973 1.320286 -1.621106
v -0.006861 1.324389 -1.625305
v -0.006749 1.328561 -1.629522
v -0.006637 1.332749 -1.633708
v -0.006528 1.336902 -1.637813
v -0.006422 1.340969 -1.641788
v -0.006321 1.344898 -1.645583
v -0.006226 1.348638 -1.649149
v -0.006138 1.352136 -1.652437
v -0.006059 1.355343 -1.655396
v -0.005990 1.358205 -1.657978
v -0.005933 1.360672 -1.660132
v -0.005888 1.362691 -1.661810
v -0.005714 1.371318 -1.668287
v -0.005574 1.379372 -1.673436
v -0.005470 1.386885 -1.677253
v -0.005401 1.393885 -1.679735
v -0.005366 1.400402 -1.680876
v -0.005367 1.406465 -1.680672
v -0.005403 1.412104 -1.679118
v -0.005474 1.417349 -1.676211
v -0.005581 1.422230 -1.671945
v -0.005723 1.426775 -1.666317
v -0.005901 1.431014 -1.659322
v -0.006115 1.434978 -1.650954
v -0.006349 1.438630 -1.641820
v -0.006715 1.444064 -1.627514
v -0.007199 1.451077 -1.608605
v -0.007786 1.459464 -1.585663
v -0.008463 1.469022 -1.559256
v -0.009213 1.479547 -1.529954
v -0.010023 1.490835 -1.498325
v -0.010879 1.502683 -1.464940
v -0.011764 1.514887 -1.430366
v -0.012666 1.527243 -1.395173
v -0.013569 1.539547 -1.359930
v -0.014458 1.551596 -1.325207
v -0.014531 1.552578 -1.322375
v -0.014621 1.553802 -1.318854
v -0.014727 1.555243 -1.314721
v -0.014847 1.556873 -1.310051
v -0.014978 1.558665 -1.304921
v -0.015119 1.560594 -1.299407
v -0.015269 1.562632 -1.293585
v -0.015424 1.564753 -1.287531
v -0.015583 1.566930 -1.281322
v -0.015744 1.569137 -1.275034
v -0.015905 1.571346 -1.268742
v -0.016064 1.573532 -1.262523
v -0.016312 1.576923 -1.252862
v -0.016546 1.580114 -1.243739
v -0.016772 1.583188 -1.234906
v -0.016997 1.586230 -1.226113
v -0.017228 1.589327 -1.217110
v -0.017470 1.592563 -1.207648
v -0.017731 1.596023 -1.197476
v -0.018016 1.599793 -1.186346
v -0.018333 1.603957 -1.174007
v -0.018686 1.608601 -1.160209
v -0.019084 1.613809 -1.144704
v -0.019531 1.619668 -1.127242
v -0.019613 1.620735 -1.124062
v -0.019709 1.621994 -1.120314
v -0.019817 1.623419 -1.116072
v -0.019937 1.624988 -1.111406
v -0.020066 1.626675 -1.106390
v -0.020201 1.628456 -1.101097
v -0.020342 1.630306 -1.095598
v -0.020486 1.632202 -1.089967
v -0.020632 1.634118 -1.084276
v -0.020778 1.636031 -1.078597
v -0.020921 1.637915 -1.073003
v -0.021061 1.639748 -1.067567
v -0.022264 1.655340 -1.020629
v -0.023574 1.671902 -0.969529
v -0.024965 1.689134 -0.915267
v -0.026413 1.706736 -0.858842
v -0.027890 1.724408 -0.801254
v -0.029371 1.741851 -0.743504
v -0.030832 1.758765 -0.686591
v -0.032245 1.774851 -0.631516
v -0.033586 1.789809 -0.579279
v -0.034828 1.803339 -0.530880
v -0.035947 1.815141 -0.487318
v -0.036916 1.824916 -0.449593
v -0.038152 1.836765 -0.401501
v -0.039303 1.847301 -0.356701
v -0.040378 1.856564 -0.314922
v -0.041382 1.864596 -0.275889
v -0.042323 1.871441 -0.239331
v -0.043208 1.877140 -0.204973
v -0.044044 1.881735 -0.172544
v -0.044837 1.885267 -0.141770
v -0.045596 1.887780 -0.112378
v -0.046327 1.889315 -0.084096
v -0.047037 1.889915 -0.056650
v -0.047733 1.889620 -0.029767
v -0.048446 1.888460 -0.002216
v -0.049136 1.886493 0.024372
v -0.049804 1.883695 0.050087
v -0.050452 1.880044 0.075025
v -0.051083 1.875515 0.099277
v -0.051699 1.870085 0.122936
v -0.052303 1.863731 0.146097
v -0.052897 1.856429 0.168851
v -0.053484 1.848157 0.191292
v -0.054066 1.838890 0.213512
v -0.054646 1.828606 0.235605
v -0.055225 1.817280 0.257664
v -0.055491 1.811687 0.267778
v -0.055745 1.805995 0.277451
v -0.055990 1.800151 0.286751
v -0.056228 1.794103 0.295743
v -0.056459 1.787798 0.304493
v -0.056685 1.781183 0.313067
v -0.056910 1.774205 0.321533
v -0.057133 1.766812 0.329955
v -0.057358 1.758951 0.338400
v -0.057585 1.750569 0.346934
v -0.057816 1.741613 0.355624
v -0.058054 1.732031 0.364534
v -0.058289 1.722255 0.373346
v -0.058512 1.712746 0.381691
v -0.058725 1.703406 0.389644
v -0.058929 1.694135 0.397277
v -0.059127 1.684837 0.404665
v -0.059321 1.675413 0.411882
v -0.059513 1.665766 0.419001
v -0.059704 1.655797 0.426095
v -0.059896 1.645408 0.433239
v -0.060092 1.634502 0.440506
v -0.060294 1.622980 0.447969
v -0.060503 1.610745 0.455702
v -0.060727 1.597373 0.463981
v -0.060938 1.584554 0.471746
v -0.061136 1.572184 0.479050
v -0.061324 1.560159 0.485950
v -0.061502 1.548375 0.492499
v -0.061672 1.536729 0.498752
v -0.061837 1.525117 0.504764
v -0.061996 1.513435 0.510590
v -0.062152 1.501580 0.516285
v -0.062307 1.489448 0.521902
v -0.062461 1.476935 0.527497
v -0.062616 1.463937 0.533125
v -0.062672 1.459166 0.535171
v -0.062728 1.454544 0.537175
v -0.062781 1.450117 0.539115
v -0.062832 1.445930 0.540971
v -0.062881 1.442029 0.542722
v -0.062925 1.438458 0.544348
v -0.062966 1.435265 0.545826
v -0.063002 1.432494 0.547137
v -0.063033 1.430190 0.548259
v -0.063058 1.428399 0.549173
v -0.063076 1.427166 0.549855
v -0.063088 1.426538 0.550287
v -0.063104 1.426149 0.550915
v -0.063133 1.425819 0.552020
v -0.063175 1.425546 0.553636
v -0.063231 1.425329 0.555796
v -0.063302 1.425169 0.558536
v -0.063389 1.425065 0.561890
v -0.063493 1.425014 0.565892
v -0.063614 1.425018 0.570577
v -0.063754 1.425075 0.575978
v -0.063913 1.425184 0.582130
v -0.064092 1.425345 0.589068
v -0.064293 1.425557 0.596826
v -0.065162 1.426403 0.630443
v -0.066056 1.427029 0.664980
v -0.066961 1.427440 0.699960
v -0.067865 1.427641 0.734908
v -0.068756 1.427635 0.769348
v -0.069622 1.427427 0.802805
v -0.070451 1.427023 0.834802
v -0.071229 1.426425 0.864865
v -0.071945 1.425639 0.892517
v -0.072587 1.424669 0.917282
v -0.073142 1.423520 0.938685
v -0.073597 1.422195 0.956250
v -0.074533 1.418154 0.992293
v -0.075393 1.412812 1.025388
v -0.076183 1.406081 1.055696
v -0.076905 1.397869 1.083376
v -0.077565 1.388085 1.108590
v -0.078166 1.376641 1.131497
v -0.078713 1.363444 1.152258
v -0.079210 1.348405 1.171033
v -0.079662 1.331433 1.187982
v -0.080071 1.312438 1.203265
v -0.080443 1.291330 1.217043
v -0.080782 1.268017 1.229475
v -0.080878 1.260610 1.232960
v -0.080981 1.252272 1.236714
v -0.081091 1.243182 1.240667
v -0.081203 1.233519 1.244748
v -0.081318 1.223463 1.248885
v -0.081432 1.213193 1.253008
v -0.081544 1.202889 1.257045
v -0.081652 1.192729 1.260925
v -0.081754 1.182893 1.264578
v -0.081848 1.173561 1.267931
v -0.081931 1.164912 1.270914
v -0.082003 1.157124 1.273456
v -0.082095 1.146301 1.276689
v -0.082185 1.134633 1.279860
v -0.082274 1.122378 1.282921
v -0.082358 1.109792 1.285824
v -0.082437 1.097135 1.288520
v -0.082510 1.084662 1.290962
v -0.082574 1.072633 1.293102
v -0.082629 1.061305 1.294891
v -0.082672 1.050934 1.296280
v -0.082704 1.041780 1.297223
v -0.082721 1.034099 1.297670
v -0.082723 1.028149 1.297573
v -0.082720 1.026175 1.297401
v -0.082716 1.024400 1.297199
v -0.082711 1.022808 1.296963
v -0.082705 1.021382 1.296686
v -0.082698 1.020106 1.296362
v -0.082689 1.018964 1.295985
v -0.082678 1.017940 1.295547
v -0.082666 1.017017 1.295045
v -0.082651 1.016180 1.294471
v -0.082635 1.015411 1.293819
v -0.082617 1.014696 1.293083
v -0.082596 1.014017 1.292258
v -0.082560 1.012976 1.290827
v -0.082526 1.012142 1.289511
v -0.082495 1.011520 1.288283
v -0.082465 1.011111 1.287116
v -0.082436 1.010920 1.285984
v -0.082407 1.010950 1.284858
v -0.082377 1.011204 1.283713
v -0.082346 1.011687 1.282521
v -0.082312 1.012400 1.281255
v -0.082276 1.013347 1.279887
v -0.082237 1.014533 1.278393
v -0.040408 1.407445 -0.326626
v -0.041357 1.407606 -0.289938
v -0.042286 1.407795 -0.254067
v -0.043187 1.408010 -0.219235
v -0.044055 1.408250 -0.185670
v -0.044885 1.408510 -0.153594
v -0.045671 1.408791 -0.123232
v -0.046406 1.409088 -0.094811
v -0.047085 1.409401 -0.068554
v -0.047703 1.409726 -0.044686
v -0.048253 1.410062 -0.023432
v -0.048729 1.410407 -0.005017
v -0.049126 1.410758 0.010335
v -0.049213 1.410842 0.013697
v -0.049331 1.410953 0.018283
v -0.049479 1.411088 0.023978
v -0.049652 1.411244 0.030665
v -0.049847 1.411419 0.038228
v -0.050063 1.411610 0.046551
v -0.050294 1.411815 0.055518
v -0.050540 1.412031 0.065012
v -0.050796 1.412255 0.074918
v -0.051060 1.412485 0.085119
v -0.051328 1.412717 0.095499
v -0.051599 1.412950 0.105941
v -0.051868 1.413182 0.116366
v -0.052135 1.413416 0.126693
v -0.052397 1.413647 0.136809
v -0.052650 1.413873 0.146600
v -0.052892 1.414091 0.155953
v -0.053120 1.414300 0.164753
v -0.053330 1.414495 0.172887
v -0.053520 1.414674 0.180240
v -0.053687 1.414834 0.186700
v -0.053828 1.414974 0.192153
v -0.053940 1.415090 0.196483
v -0.054020 1.415179 0.199579
v -0.054279 1.415480 0.209577
v -0.054582 1.415825 0.221299
v -0.054924 1.416208 0.234551
v -0.055302 1.416623 0.249140
v -0.055709 1.417066 0.264873
v -0.056140 1.417530 0.281557
v -0.056591 1.418011 0.298999
v -0.057057 1.418504 0.317005
v -0.057532 1.419002 0.335384
v -0.058012 1.419501 0.353941
v -0.058491 1.419995 0.372483
v -0.058965 1.420479 0.390818
v -0.059230 1.420756 0.401034
v -0.059488 1.421041 0.411012
v -0.059737 1.421333 0.420650
v -0.059975 1.421626 0.429844
v -0.060198 1.421917 0.438493
v -0.060405 1.422202 0.446494
v -0.060592 1.422478 0.453744
v -0.060758 1.422740 0.460142
v -0.060898 1.422985 0.465584
v -0.061012 1.423210 0.469967
v -0.061095 1.423410 0.473191
v -0.061146 1.423581 0.475152
v -0.061150 1.423604 0.475337
v -0.061164 1.423665 0.475850
v -0.061184 1.423759 0.476624
v -0.061209 1.423876 0.477594
v -0.061237 1.424008 0.478695
v -0.061267 1.424149 0.479861
v -0.061297 1.424289 0.481027
v -0.061326 1.424422 0.482128
v -0.061351 1.424539 0.483099
v -0.061370 1.424632 0.483873
v -0.061384 1.424694 0.484385
v -0.061388 1.424716 0.484570
v -0.061046 1.442813 0.471845
v -0.060923 1.449016 0.467269
v -0.060776 1.455903 0.461810
v -0.060610 1.463319 0.455614
v -0.060429 1.471107 0.448829
v -0.060236 1.479114 0.441601
v -0.060035 1.487184 0.434078
v -0.059831 1.495161 0.426405
v -0.059627 1.502891 0.418730
v -0.059426 1.510219 0.411201
v -0.059234 1.516988 0.403964
v -0.059054 1.523045 0.397166
v -0.058889 1.528234 0.390954
v -0.058643 1.535481 0.381668
v -0.058391 1.542545 0.372133
v -0.058133 1.549414 0.362371
v -0.057871 1.556074 0.352404
v -0.057603 1.562513 0.342255
v -0.057332 1.568717 0.331944
v -0.057057 1.574674 0.321495
v -0.056779 1.580371 0.310928
v -0.056499 1.585795 0.300267
v -0.056218 1.590934 0.289531
v -0.055935 1.595774 0.278745
v -0.055652 1.600303 0.267928
v -0.055279 1.605704 0.253703
v -0.054892 1.610674 0.238865
v -0.054489 1.615208 0.223447
v -0.054073 1.619299 0.207483
v -0.053644 1.622943 0.191006
v -0.053203 1.626133 0.174048
v -0.052750 1.628864 0.156643
v -0.052288 1.631131 0.138823
v -0.051815 1.632927 0.120622
v -0.051334 1.634247 0.102072
v -0.050845 1.635085 0.083207
v -0.050349 1.635435 0.064059
v -0.049496 1.635070 0.031050
v -0.048629 1.633587 -0.002479
v -0.047743 1.630939 -0.036786
v -0.046831 1.627080 -0.072128
v -0.045887 1.621962 -0.108764
v -0.044903 1.615539 -0.146951
v -0.043874 1.607763 -0.186948
v -0.042792 1.598589 -0.229011
v -0.041652 1.587969 -0.273399
v -0.040445 1.575856 -0.320370
v -0.039166 1.562203 -0.370182
v -0.037808 1.546965 -0.423092
v -0.036848 1.535924 -0.460500
v -0.035784 1.523625 -0.501966
v -0.034652 1.510483 -0.546107
v -0.033486 1.496913 -0.591543
v -0.032322 1.483331 -0.636894
v -0.031196 1.470152 -0.680778
v -0.030144 1.457791 -0.721813
v -0.029199 1.446664 -0.758620
v -0.028399 1.437186 -0.789818
v -0.027778 1.429773 -0.814024
v -0.027372 1.424839 -0.829859
v -0.027216 1.422801 -0.835940
v -0.027383 1.421681 -0.829512
v -0.027924 1.420295 -0.808640
v -0.028778 1.418712 -0.775692
v -0.029883 1.417005 -0.733038
v -0.031178 1.415246 -0.683046
v -0.032602 1.413505 -0.628086
v -0.034093 1.411853 -0.570525
v -0.035590 1.410364 -0.512733
v -0.037031 1.409106 -0.457078
v -0.038355 1.408153 -0.405929
v -0.039501 1.407576 -0.361656
v -0.067382 1.678719 0.723470
v -0.064839 1.779753 0.628097
v -0.067388 1.875354 0.729344
v -0.069938 1.970954 0.830590
v -0.072482 1.869426 0.925973
v -0.075025 1.767898 1.021355
v -0.072476 1.672791 0.920099
v -0.069926 1.577684 0.818843
v -0.047362 0.074535 -0.096166
v 0.462788 0.096872 0.425788
v 0.463170 0.098910 0.411078
v 0.463559 0.101525 0.396118
v 0.463955 0.104712 0.380925
v 0.464357 0.108468 0.365512
v 0.464764 0.112788 0.349893
v 0.465177 0.117668 0.334085
v 0.465595 0.123104 0.318100
v 0.466017 0.129090 0.301954
v 0.466443 0.135625 0.285661
v 0.466874 0.142701 0.269235
v 0.467307 0.150317 0.252693
v 0.467761 0.158767 0.235425
v 0.468207 0.167627 0.218426
v 0.468655 0.177116 0.201377
v 0.469114 0.187450 0.183958
v 0.469591 0.198847 0.165846
v 0.470095 0.211525 0.146724
v 0.470635 0.225700 0.126268
v 0.471219 0.241590 0.104160
v 0.471856 0.259413 0.080078
v 0.472553 0.279386 0.053703
v 0.473320 0.301726 0.024714
v 0.474164 0.326651 -0.007210
v 0.474521 0.337365 -0.020698
v 0.474903 0.349064 -0.035116
v 0.475308 0.361701 -0.050410
v 0.475736 0.375229 -0.066526
v 0.476183 0.389600 -0.083410
v 0.476650 0.404769 -0.101007
v 0.477134 0.420687 -0.119264
v 0.477635 0.437308 -0.138126
v 0.478150 0.454586 -0.157539
v 0.478678 0.472472 -0.177449
v 0.479219 0.490920 -0.197801
v 0.479770 0.509883 -0.218542
v 0.479789 0.510541 -0.219258
v 0.479841 0.512359 -0.221238
v 0.479921 0.515105 -0.224229
v 0.480020 0.518547 -0.227979
v 0.480133 0.522454 -0.232233
v 0.480253 0.526592 -0.236741
v 0.480373 0.530731 -0.241248
v 0.480486 0.534638 -0.245503
v 0.480585 0.538080 -0.249252
v 0.480665 0.540826 -0.252243
v 0.480717 0.542644 -0.254223
v 0.480736 0.543302 -0.254939
v 0.483900 0.535572 -0.377391
v 0.484383 0.534391 -0.396111
v 0.484957 0.532993 -0.418308
v 0.485609 0.531404 -0.443545
v 0.486328 0.529652 -0.471388
v 0.487103 0.527764 -0.501401
v 0.487923 0.525769 -0.533149
v 0.488777 0.523692 -0.566196
v 0.489653 0.521562 -0.600106
v 0.490540 0.519405 -0.634445
v 0.491427 0.517250 -0.668777
v 0.492302 0.515123 -0.702667
v 0.493155 0.513053 -0.735678
v 0.493991 0.511021 -0.768037
v 0.494817 0.509007 -0.800027
v 0.495625 0.507033 -0.831298
v 0.496405 0.505122 -0.861503
v 0.497149 0.503295 -0.890290
v 0.497847 0.501576 -0.917313
v 0.498491 0.499986 -0.942221
v 0.499070 0.498547 -0.964666
v 0.499578 0.497282 -0.984299
v 0.500003 0.496213 -1.000770
v 0.500338 0.495362 -1.013732
v 0.500573 0.494751 -1.022834
v 0.500913 0.493856 -1.035988
v 0.501269 0.492926 -1.049772
v 0.501641 0.491962 -1.064184
v 0.502029 0.490964 -1.079226
v 0.502434 0.489932 -1.094896
v 0.502855 0.488866 -1.111195
v 0.503293 0.487766 -1.128122
v 0.503746 0.486632 -1.145678
v 0.504216 0.485464 -1.163861
v 0.504702 0.484261 -1.182671
v 0.505204 0.483025 -1.202109
v 0.505722 0.481755 -1.222174
v 0.505886 0.481353 -1.228534
v 0.506069 0.480904 -1.235594
v 0.506266 0.480418 -1.243237
v 0.506476 0.479901 -1.251347
v 0.506694 0.479361 -1.259804
v 0.506919 0.478805 -1.268492
v 0.507146 0.478241 -1.277293
v 0.507373 0.477677 -1.286089
v 0.507597 0.477119 -1.294764
v 0.507815 0.476576 -1.303199
v 0.508024 0.476055 -1.311277
v 0.508220 0.475564 -1.318881
v 0.508638 0.474582 -1.335070
v 0.509026 0.473813 -1.350061
v 0.509383 0.473258 -1.363900
v 0.509713 0.472917 -1.376634
v 0.510015 0.472791 -1.388312
v 0.510291 0.472882 -1.398978
v 0.510542 0.473190 -1.408681
v 0.510770 0.473716 -1.417468
v 0.510976 0.474461 -1.425386
v 0.511160 0.475427 -1.432481
v 0.511324 0.476613 -1.438802
v 0.511470 0.478021 -1.444394
v 0.511743 0.481520 -1.454855
v 0.512021 0.485990 -1.465466
v 0.512303 0.491409 -1.476201
v 0.512588 0.497755 -1.487031
v 0.512876 0.505008 -1.497928
v 0.513165 0.513144 -1.508865
v 0.513455 0.522142 -1.519814
v 0.513745 0.531981 -1.530747
v 0.514035 0.542638 -1.541636
v 0.514323 0.554093 -1.552455
v 0.514610 0.566323 -1.563174
v 0.514893 0.579306 -1.573766
v 0.515143 0.591223 -1.583058
v 0.515366 0.602162 -1.591377
v 0.515565 0.612182 -1.598760
v 0.515739 0.621345 -1.605243
v 0.515891 0.629709 -1.610862
v 0.516021 0.637333 -1.615654
v 0.516129 0.644279 -1.619654
v 0.516218 0.650604 -1.622898
v 0.516287 0.656371 -1.625422
v 0.516339 0.661637 -1.627262
v 0.516373 0.666462 -1.628455
v 0.516392 0.670907 -1.629036
v 0.516392 0.671099 -1.629049
v 0.516394 0.671628 -1.629085
v 0.516396 0.672427 -1.629138
v 0.516398 0.673429 -1.629206
v 0.516401 0.674566 -1.629282
v 0.516404 0.675771 -1.629363
v 0.516407 0.676975 -1.629444
v 0.516410 0.678112 -1.629520
v 0.516412 0.679114 -1.629588
v 0.516414 0.679914 -1.629641
v 0.516415 0.680443 -1.629677
v 0.516416 0.680634 -1.629690
v 0.515861 0.701306 -1.607664
v 0.515756 0.705147 -1.603478
v 0.515641 0.709154 -1.598922
v 0.515515 0.713371 -1.593937
v 0.515377 0.717842 -1.588466
v 0.515225 0.722611 -1.582452
v 0.515057 0.727722 -1.575837
v 0.514873 0.733219 -1.568563
v 0.514671 0.739146 -1.560572
v 0.514449 0.745547 -1.551807
v 0.514205 0.752466 -1.542211
v 0.513940 0.759947 -1.531725
v 0.513650 0.768033 -1.520293
v 0.513191 0.780808 -1.502187
v 0.512774 0.792427 -1.485759
v 0.512396 0.803014 -1.470841
v 0.512052 0.812692 -1.457262
v 0.511737 0.821583 -1.444853
v 0.511448 0.829812 -1.433442
v 0.511180 0.837501 -1.422862
v 0.510928 0.844772 -1.412941
v 0.510690 0.851749 -1.403509
v 0.510459 0.858554 -1.394397
v 0.510232 0.865312 -1.385435
v 0.510005 0.872144 -1.376453
v 0.509826 0.877559 -1.369382
v 0.509622 0.883754 -1.361323
v 0.509399 0.890523 -1.352541
v 0.509166 0.897660 -1.343303
v 0.508927 0.904959 -1.333874
v 0.508690 0.912215 -1.324517
v 0.508462 0.919222 -1.315500
v 0.508249 0.925773 -1.307086
v 0.508058 0.931662 -1.299542
v 0.507896 0.936685 -1.293133
v 0.507769 0.940635 -1.288123
v 0.507685 0.943306 -1.284778
v 0.507533 0.948090 -1.278789
v 0.507342 0.954021 -1.271234
v 0.507120 0.960859 -1.262429
v 0.506873 0.968365 -1.252690
v 0.506611 0.976298 -1.242332
v 0.506341 0.984419 -1.231670
v 0.506071 0.992488 -1.221021
v 0.505810 1.000266 -1.210700
v 0.505565 1.007512 -1.201022
v 0.505344 1.013987 -1.192304
v 0.505156 1.019451 -1.184860
v 0.505007 1.023664 -1.179006
v 0.504372 1.040734 -1.153985
v 0.503755 1.055931 -1.129699
v 0.503151 1.069317 -1.105955
v 0.502554 1.080954 -1.082560
v 0.501960 1.090905 -1.059321
v 0.501364 1.099233 -1.036045
v 0.500760 1.105999 -1.012537
v 0.500145 1.111266 -0.988606
v 0.499512 1.115096 -0.964056
v 0.498858 1.117552 -0.938696
v 0.498176 1.118696 -0.912332
v 0.497463 1.118591 -0.884771
v 0.497211 1.118300 -0.875050
v 0.496977 1.117924 -0.866007
v 0.496757 1.117450 -0.857523
v 0.496549 1.116861 -0.849481
v 0.496348 1.116144 -0.841764
v 0.496153 1.115282 -0.834252
v 0.495960 1.114262 -0.826830
v 0.495767 1.113069 -0.819378
v 0.495569 1.111687 -0.811779
v 0.495364 1.110103 -0.803915
v 0.495150 1.108300 -0.795668
v 0.494922 1.106265 -0.786922
v 0.494505 1.102015 -0.770935
v 0.494078 1.096814 -0.754583
v 0.493641 1.090678 -0.737895
v 0.493196 1.083625 -0.720904
v 0.492744 1.075669 -0.703639
v 0.492284 1.066828 -0.686133
v 0.491818 1.057119 -0.668416
v 0.491347 1.046557 -0.650520
v 0.490872 1.035158 -0.632476
v 0.490393 1.022941 -0.614315
v 0.489911 1.009920 -0.596068
v 0.489427 0.996112 -0.577767
v 0.489203 0.989474 -0.569309
v 0.488948 0.981769 -0.559680
v 0.488668 0.973191 -0.549111
v 0.488370 0.963935 -0.537832
v 0.488058 0.954194 -0.526075
v 0.487740 0.944163 -0.514071
v 0.487422 0.934034 -0.502050
v 0.487109 0.924001 -0.490244
v 0.486807 0.914259 -0.478884
v 0.486524 0.905002 -0.468200
v 0.486265 0.896422 -0.458423
v 0.486035 0.888715 -0.449785
v 0.485944 0.885617 -0.446350
v 0.485842 0.882150 -0.442508
v 0.485731 0.878374 -0.438323
v 0.485613 0.874348 -0.433862
v 0.485488 0.870130 -0.429189
v 0.485361 0.865779 -0.424370
v 0.485230 0.861355 -0.419470
v 0.485100 0.856917 -0.414555
v 0.484971 0.852522 -0.409689
v 0.484845 0.848231 -0.404939
v 0.484723 0.844103 -0.400369
v 0.484608 0.840195 -0.396044
v 0.484498 0.836440 -0.391888
v 0.484390 0.832754 -0.387808
v 0.484285 0.829176 -0.383847
v 0.484184 0.825745 -0.380048
v 0.484088 0.822500 -0.376455
v 0.484000 0.819479 -0.373109
v 0.483918 0.816723 -0.370055
v 0.483846 0.814268 -0.367334
v 0.483784 0.812154 -0.364991
v 0.483733 0.810420 -0.363068
v 0.483694 0.809105 -0.361609
v 0.483669 0.808248 -0.360655
v 0.483666 0.808160 -0.360557
v 0.483659 0.807916 -0.360285
v 0.483648 0.807549 -0.359875
v 0.483635 0.807087 -0.359361
v 0.483619 0.806564 -0.358778
v 0.483603 0.806009 -0.358160
v 0.483586 0.805455 -0.357542
v 0.483571 0.804932 -0.356959
v 0.483557 0.804470 -0.356444
v 0.483546 0.804103 -0.356034
v 0.483539 0.803859 -0.355763
v 0.483536 0.803771 -0.355665
v 0.480864 0.809490 -0.252244
v 0.479220 0.812945 -0.188622
v 0.477649 0.816115 -0.127829
v 0.476148 0.819005 -0.069718
v 0.474711 0.821622 -0.014142
v 0.473337 0.823971 0.039048
v 0.472019 0.826058 0.090001
v 0.470756 0.827889 0.138862
v 0.469543 0.829470 0.185782
v 0.468376 0.830807 0.230907
v 0.467252 0.831904 0.274386
v 0.466166 0.832769 0.316367
v 0.465115 0.833407 0.356997
v 0.464854 0.833542 0.367102
v 0.464584 0.833684 0.377547
v 0.464308 0.833832 0.388192
v 0.464031 0.833983 0.398901
v 0.463756 0.834136 0.409535
v 0.463487 0.834288 0.419956
v 0.463226 0.834438 0.430028
v 0.462978 0.834583 0.439612
v 0.462746 0.834722 0.448571
v 0.462534 0.834852 0.456767
v 0.462346 0.834971 0.464061
v 0.462184 0.835078 0.470318
v 0.461666 0.835284 0.490343
v 0.461048 0.835289 0.514194
v 0.460352 0.835111 0.541101
v 0.459596 0.834765 0.570288
v 0.458802 0.834269 0.600983
v 0.457988 0.833640 0.632416
v 0.457175 0.832895 0.663810
v 0.456383 0.832050 0.694396
v 0.455631 0.831123 0.723401
v 0.454941 0.830130 0.750050
v 0.454331 0.829088 0.773571
v 0.453823 0.828015 0.793193
v 0.452928 0.825767 0.827690
v 0.452101 0.823473 0.859576
v 0.451337 0.821110 0.889029
v 0.450632 0.818657 0.916226
v 0.449980 0.816091 0.941345
v 0.449377 0.813391 0.964564
v 0.448819 0.810534 0.986059
v 0.448300 0.807498 1.006008
v 0.447817 0.804262 1.024589
v 0.447364 0.800803 1.041979
v 0.446938 0.797098 1.058355
v 0.446532 0.793127 1.073896
v 0.446118 0.788588 1.089768
v 0.445730 0.783828 1.104630
v 0.445366 0.778802 1.118563
v 0.445023 0.773467 1.131643
v 0.444701 0.767778 1.143950
v 0.444396 0.761693 1.155561
v 0.444106 0.755167 1.166557
v 0.443830 0.748157 1.177014
v 0.443566 0.740618 1.187011
v 0.443311 0.732508 1.196627
v 0.443064 0.723782 1.205941
v 0.442822 0.714397 1.215030
v 0.442655 0.707330 1.221255
v 0.442499 0.699954 1.227083
v 0.442350 0.692093 1.232596
v 0.442208 0.683570 1.237874
v 0.442068 0.674210 1.242998
v 0.441929 0.663836 1.248051
v 0.441790 0.652272 1.253113
v 0.441647 0.639341 1.258265
v 0.441498 0.624867 1.263589
v 0.441342 0.608674 1.269166
v 0.441176 0.590586 1.275078
v 0.440997 0.570427 1.281405
v 0.440992 0.569879 1.281574
v 0.440979 0.568365 1.282042
v 0.440959 0.566078 1.282748
v 0.440934 0.563212 1.283633
v 0.440906 0.559958 1.284637
v 0.440875 0.556512 1.285701
v 0.440845 0.553065 1.286765
v 0.440817 0.549812 1.287770
v 0.440792 0.546945 1.288655
v 0.440772 0.544658 1.289361
v 0.440759 0.543145 1.289828
v 0.440754 0.542597 1.289998
v 0.439284 0.539780 1.346705
v 0.438941 0.539114 1.359951
v 0.438646 0.538516 1.371340
v 0.438391 0.537957 1.381169
v 0.438169 0.537409 1.389735
v 0.437972 0.536842 1.397336
v 0.437792 0.536228 1.404270
v 0.437621 0.535539 1.410834
v 0.437453 0.534745 1.417326
v 0.437278 0.533817 1.424043
v 0.437090 0.532728 1.431283
v 0.436881 0.531448 1.439343
v 0.436642 0.529948 1.448522
v 0.436005 0.525409 1.472991
v 0.435383 0.519948 1.496869
v 0.434777 0.513581 1.520124
v 0.434187 0.506321 1.542723
v 0.433613 0.498182 1.564636
v 0.433058 0.489179 1.585832
v 0.432522 0.479326 1.606279
v 0.432005 0.468637 1.625946
v 0.431508 0.457126 1.644802
v 0.431033 0.444807 1.662815
v 0.430580 0.431695 1.679955
v 0.430149 0.417803 1.696189
v 0.430054 0.414385 1.699779
v 0.429950 0.410355 1.703689
v 0.429838 0.405794 1.707857
v 0.429722 0.400782 1.712218
v 0.429602 0.395401 1.716708
v 0.429480 0.389730 1.721264
v 0.429357 0.383851 1.725822
v 0.429236 0.377845 1.730319
v 0.429119 0.371791 1.734690
v 0.429006 0.365771 1.738873
v 0.428900 0.359866 1.742803
v 0.428802 0.354155 1.746417
v 0.428587 0.340421 1.754341
v 0.428364 0.324718 1.762507
v 0.428138 0.307492 1.770745
v 0.427914 0.289191 1.778888
v 0.427696 0.270262 1.786768
v 0.427489 0.251150 1.794215
v 0.427298 0.232304 1.801062
v 0.427127 0.214170 1.807141
v 0.426981 0.197194 1.812283
v 0.426865 0.181824 1.816319
v 0.426784 0.168507 1.819082
v 0.426742 0.157689 1.820404
v 0.426734 0.153733 1.820594
v 0.426729 0.150238 1.820672
v 0.426728 0.147164 1.820625
v 0.426731 0.144472 1.820442
v 0.426738 0.142125 1.820110
v 0.426749 0.140083 1.819619
v 0.426765 0.138307 1.818956
v 0.426785 0.136759 1.818110
v 0.426811 0.135399 1.817069
v 0.426843 0.134189 1.815820
v 0.426880 0.133090 1.814354
v 0.426923 0.132063 1.812657
v 0.427005 0.130537 1.809437
v 0.427087 0.129575 1.806233
v 0.427171 0.129210 1.802980
v 0.427259 0.129475 1.799611
v 0.427351 0.130404 1.796061
v 0.427451 0.132030 1.792263
v 0.427559 0.134387 1.788152
v 0.427678 0.137507 1.783659
v 0.427808 0.141424 1.778722
v 0.427953 0.146171 1.773272
v 0.428113 0.151782 1.767243
v 0.428290 0.158290 1.760570
v 0.428457 0.164430 1.754312
v 0.428617 0.170166 1.748308
v 0.428770 0.175530 1.742517
v 0.428920 0.180558 1.736897
v 0.429065 0.185282 1.731406
v 0.429208 0.189736 1.726002
v 0.429350 0.193954 1.720644
v 0.429492 0.197969 1.715290
v 0.429634 0.201815 1.709898
v 0.429779 0.205526 1.704427
v 0.429926 0.209135 1.698834
v 0.430077 0.212676 1.693079
v 0.430420 0.220108 1.680054
v 0.430782 0.227198 1.666282
v 0.431162 0.233936 1.651795
v 0.431559 0.240311 1.636623
v 0.431973 0.246313 1.620800
v 0.432403 0.251931 1.604357
v 0.432847 0.257156 1.587325
v 0.433306 0.261977 1.569736
v 0.433778 0.266383 1.551624
v 0.434263 0.270365 1.533018
v 0.434759 0.273912 1.513951
v 0.435266 0.277014 1.494455
v 0.435551 0.278417 1.483452
v 0.435878 0.279668 1.470880
v 0.436236 0.280759 1.457046
v 0.436620 0.281680 1.442259
v 0.437020 0.282421 1.426828
v 0.437428 0.282976 1.411060
v 0.437837 0.283334 1.395264
v 0.438239 0.283486 1.379750
v 0.438625 0.283424 1.364824
v 0.438988 0.283138 1.350795
v 0.439319 0.282621 1.337971
v 0.439611 0.281862 1.326663
v 0.440085 0.280196 1.308326
v 0.440539 0.278311 1.290730
v 0.440988 0.276095 1.273314
v 0.441446 0.273435 1.255515
v 0.441929 0.270218 1.236772
v 0.442450 0.266331 1.216522
v 0.443024 0.261661 1.194204
v 0.443666 0.256096 1.169256
v 0.444389 0.249521 1.141116
v 0.445209 0.241824 1.109221
v 0.446139 0.232893 1.073010
v 0.447195 0.222613 1.031921
v 0.447610 0.218501 1.015772
v 0.448056 0.213980 0.998417
v 0.448533 0.209046 0.979838
v 0.449042 0.203694 0.960020
v 0.449583 0.197920 0.938946
v 0.450157 0.191719 0.916600
v 0.450763 0.185087 0.892965
v 0.451404 0.178019 0.868026
v 0.452078 0.170510 0.841765
v 0.452786 0.162556 0.814166
v 0.453529 0.154153 0.785214
v 0.454307 0.145296 0.754892
v 0.455275 0.134441 0.717164
v 0.456157 0.125008 0.682815
v 0.456963 0.116936 0.651460
v 0.457702 0.110163 0.622711
v 0.458384 0.104629 0.596184
v 0.459020 0.100271 0.571490
v 0.459619 0.097029 0.548246
v 0.460192 0.094842 0.526063
v 0.460747 0.093649 0.504557
v 0.461296 0.093387 0.483341
v 0.461848 0.093996 0.462029
v 0.462413 0.095415 0.440235
v -0.047362 0.074534 -0.096166
v 0.462413 0.095415 0.440235
v 0.462413 0.095415 0.440235
v 0.462413 0.095416 0.440235
v 0.462413 0.095416 0.440235
v 0.462413 0.095416 0.440235
v 0.462413 0.095416 0.440235
v 0.462413 0.095416 0.440235
v 0.462413 0.095416 0.440235
v 0.462413 0.095416 0.440235
v 0.462413 0.095416 0.440235
v 0.462429 0.352116 0.446985
v 0.462126 0.353706 0.458738
v 0.461817 0.355538 0.470724
v 0.461500 0.357629 0.483025
v 0.461174 0.359998 0.495722
v 0.460835 0.362664 0.508895
v 0.460482 0.365643 0.522626
v 0.460112 0.368954 0.536996
v 0.459724 0.372616 0.552085
v 0.459316 0.376646 0.567975
v 0.458885 0.381063 0.584746
v 0.458430 0.385884 0.602480
v 0.457948 0.391128 0.621258
v 0.457813 0.392615 0.626520
v 0.457674 0.394144 0.631928
v 0.457533 0.395693 0.637412
v 0.457392 0.397245 0.642902
v 0.457253 0.398779 0.648329
v 0.457117 0.400275 0.653624
v 0.456986 0.401713 0.658715
v 0.456863 0.403075 0.663533
v 0.456748 0.404340 0.668009
v 0.456644 0.405488 0.672073
v 0.456552 0.406500 0.675655
v 0.456474 0.407356 0.678685
v 0.456403 0.408138 0.681453
v 0.456330 0.408932 0.684270
v 0.456258 0.409730 0.687102
v 0.456186 0.410522 0.689914
v 0.456115 0.411297 0.692670
v 0.456046 0.412046 0.695337
v 0.455981 0.412760 0.697878
v 0.455920 0.413427 0.700259
v 0.455864 0.414039 0.702445
v 0.455814 0.414586 0.704401
v 0.455770 0.415057 0.706091
v 0.455735 0.415443 0.707482
v 0.455687 0.415952 0.709319
v 0.455611 0.416781 0.712308
v 0.455507 0.417904 0.716357
v 0.455378 0.419295 0.721371
v 0.455227 0.420927 0.727256
v 0.455056 0.422774 0.733917
v 0.454867 0.424812 0.741261
v 0.454664 0.427012 0.749194
v 0.454447 0.429350 0.757621
v 0.454221 0.431798 0.766448
v 0.453986 0.434332 0.775582
v 0.453746 0.436925 0.784927
v 0.452958 0.445383 0.815632
v 0.452176 0.453651 0.846079
v 0.451405 0.461691 0.876114
v 0.450648 0.469463 0.905583
v 0.449910 0.476929 0.934332
v 0.449193 0.484049 0.962209
v 0.448504 0.490785 0.989059
v 0.447844 0.497098 1.014729
v 0.447218 0.502950 1.039065
v 0.446631 0.508300 1.061913
v 0.446086 0.513110 1.083121
v 0.445587 0.517342 1.102534
v 0.445475 0.518273 1.106874
v 0.445367 0.519186 1.111062
v 0.445265 0.520070 1.115055
v 0.445168 0.520916 1.118815
v 0.445078 0.521715 1.122301
v 0.444997 0.522458 1.125472
v 0.444924 0.523134 1.128289
v 0.444862 0.523734 1.130712
v 0.444811 0.524249 1.132699
v 0.444772 0.524669 1.134212
v 0.444747 0.524984 1.135208
v 0.444735 0.525186 1.135649
v 0.444751 0.526244 1.135066
v 0.444840 0.527656 1.131692
v 0.444993 0.529363 1.125833
v 0.445202 0.531307 1.117794
v 0.445460 0.533431 1.107882
v 0.445759 0.535678 1.096401
v 0.446090 0.537989 1.083659
v 0.446447 0.540309 1.069961
v 0.446820 0.542577 1.055612
v 0.447201 0.544739 1.040918
v 0.447584 0.546734 1.026186
v 0.447960 0.548508 1.011720
v 0.449016 0.552819 0.971050
v 0.450149 0.556734 0.927372
v 0.451350 0.560236 0.881078
v 0.452607 0.563312 0.832561
v 0.453912 0.565946 0.782214
v 0.455254 0.568125 0.730429
v 0.456623 0.569833 0.677599
v 0.458008 0.571057 0.624117
v 0.459399 0.571781 0.570374
v 0.460786 0.571990 0.516766
v 0.462160 0.571671 0.463682
v 0.463509 0.570809 0.411518
v 0.463640 0.570699 0.406476
v 0.463777 0.570585 0.401159
v 0.463920 0.570470 0.395641
v 0.464066 0.570355 0.389999
v 0.464213 0.570240 0.384308
v 0.464360 0.570128 0.378643
v 0.464503 0.570020 0.373079
v 0.464643 0.569918 0.367693
v 0.464776 0.569822 0.362559
v 0.464900 0.569735 0.357754
v 0.465014 0.569658 0.353352
v 0.465115 0.569592 0.349429
v 0.465918 0.568960 0.318373
v 0.466891 0.567992 0.280755
v 0.467989 0.566749 0.238288
v 0.469168 0.565297 0.192686
v 0.470384 0.563698 0.145665
v 0.471592 0.562016 0.098938
v 0.472748 0.560314 0.054220
v 0.473808 0.558656 0.013226
v 0.474727 0.557105 -0.022330
v 0.475461 0.555724 -0.050733
v 0.475966 0.554578 -0.070270
v 0.476197 0.553729 -0.079224
v 0.476200 0.553705 -0.079336
v 0.476208 0.553637 -0.079644
v 0.476220 0.553535 -0.080111
v 0.476235 0.553407 -0.080695
v 0.476252 0.553261 -0.081359
v 0.476270 0.553107 -0.082061
v 0.476288 0.552952 -0.082764
v 0.476305 0.552807 -0.083428
v 0.476320 0.552679 -0.084012
v 0.476332 0.552576 -0.084478
v 0.476340 0.552509 -0.084787
v 0.476343 0.552484 -0.084899
v 0.476146 0.547197 -0.077442
v 0.476113 0.546302 -0.076186
v 0.476068 0.545092 -0.074496
v 0.476013 0.543597 -0.072414
v 0.475949 0.541847 -0.069983
v 0.475876 0.539873 -0.067244
v 0.475797 0.537705 -0.064239
v 0.475712 0.535373 -0.061009
v 0.475622 0.532907 -0.057598
v 0.475528 0.530337 -0.054046
v 0.475431 0.527694 -0.050395
v 0.475333 0.525008 -0.046689
v 0.475235 0.522310 -0.042967
v 0.474307 0.497478 -0.007833
v 0.473407 0.474701 0.026300
v 0.472532 0.453937 0.059527
v 0.471679 0.435142 0.091941
v 0.470846 0.418273 0.123637
v 0.470031 0.403287 0.154709
v 0.469231 0.390142 0.185250
v 0.468443 0.378794 0.215355
v 0.467666 0.369200 0.245118
v 0.466896 0.361318 0.274633
v 0.466132 0.355104 0.303993
v 0.465370 0.350516 0.333294
v 0.465174 0.349680 0.340860
v 0.464959 0.349025 0.349137
v 0.464729 0.348550 0.358016
v 0.464486 0.348253 0.367389
v 0.464234 0.348133 0.377146
v 0.463974 0.348189 0.387177
v 0.463710 0.348418 0.397372
v 0.463445 0.348819 0.407622
v 0.463182 0.349391 0.417818
v 0.462923 0.350132 0.427850
v 0.462671 0.351041 0.437609
v 0.499950 0.765679 -0.990989
v 0.499731 0.766151 -0.982519
v 0.499494 0.766662 -0.973362
v 0.499244 0.767204 -0.963659
v 0.498983 0.767769 -0.953551
v 0.498715 0.768349 -0.943178
v 0.498443 0.768937 -0.932682
v 0.498173 0.769524 -0.922203
v 0.497906 0.770102 -0.911883
v 0.497647 0.770665 -0.901863
v 0.497400 0.771203 -0.892283
v 0.497167 0.771708 -0.883284
v 0.496953 0.772174 -0.875008
v 0.496737 0.772646 -0.866628
v 0.496496 0.773168 -0.857328
v 0.496236 0.773734 -0.847263
v 0.495961 0.774333 -0.836586
v 0.495673 0.774957 -0.825454
v 0.495377 0.775598 -0.814019
v 0.495078 0.776247 -0.802438
v 0.494779 0.776895 -0.790864
v 0.494484 0.777533 -0.779453
v 0.494198 0.778153 -0.768359
v 0.493923 0.778746 -0.757736
v 0.493665 0.779304 -0.747740
v 0.493402 0.779876 -0.737581
v 0.493116 0.780511 -0.726484
v 0.492809 0.781197 -0.714625
v 0.492488 0.781924 -0.702181
v 0.492156 0.782683 -0.689327
v 0.491818 0.783462 -0.676240
v 0.491478 0.784250 -0.663097
v 0.491142 0.785038 -0.650073
v 0.490813 0.785814 -0.637345
v 0.490496 0.786568 -0.625089
v 0.490196 0.787290 -0.613482
v 0.489918 0.787969 -0.602699
v 0.489654 0.788611 -0.592483
v 0.489397 0.789222 -0.582525
v 0.489149 0.789799 -0.572928
v 0.488913 0.790335 -0.563793
v 0.488691 0.790825 -0.555219
v 0.488487 0.791263 -0.547310
v 0.488302 0.791644 -0.540165
v 0.488140 0.791962 -0.533886
v 0.488003 0.792213 -0.528574
v 0.487893 0.792389 -0.524331
v 0.487813 0.792487 -0.521257
v 0.487767 0.792500 -0.519454
v 0.487738 0.792486 -0.518327
v 0.487709 0.792504 -0.517225
v 0.487682 0.792553 -0.516158
v 0.487655 0.792631 -0.515137
v 0.487630 0.792736 -0.514174
v 0.487607 0.792866 -0.513281
v 0.487586 0.793018 -0.512469
v 0.487568 0.793192 -0.511750
v 0.487552 0.793386 -0.511135
v 0.487539 0.793596 -0.510634
v 0.487530 0.793822 -0.510261
v 0.487524 0.794062 -0.510026
v 0.487529 0.794953 -0.510199
v 0.487563 0.796393 -0.511460
v 0.487623 0.798337 -0.513737
v 0.487708 0.800739 -0.516957
v 0.487816 0.803552 -0.521048
v 0.487945 0.806730 -0.525937
v 0.488093 0.810229 -0.531552
v 0.488258 0.814000 -0.537820
v 0.488438 0.817999 -0.544669
v 0.488632 0.822179 -0.552027
v 0.488837 0.826495 -0.559820
v 0.489051 0.830900 -0.567978
v 0.489816 0.845470 -0.597108
v 0.490568 0.857872 -0.625803
v 0.491307 0.868110 -0.654093
v 0.492036 0.876185 -0.682014
v 0.492754 0.882102 -0.709598
v 0.493463 0.885863 -0.736878
v 0.494163 0.887473 -0.763887
v 0.494856 0.886934 -0.790659
v 0.495541 0.884249 -0.817226
v 0.496221 0.879422 -0.843622
v 0.496895 0.872456 -0.869880
v 0.497565 0.863355 -0.896032
v 0.497692 0.861351 -0.900990
v 0.497833 0.858994 -0.906502
v 0.497985 0.856339 -0.912455
v 0.498145 0.853444 -0.918733
v 0.498311 0.850363 -0.925223
v 0.498479 0.847155 -0.931809
v 0.498646 0.843876 -0.938377
v 0.498811 0.840581 -0.944813
v 0.498968 0.837327 -0.951003
v 0.499117 0.834171 -0.956831
v 0.499253 0.831170 -0.962184
v 0.499374 0.828379 -0.966947
v 0.499531 0.824582 -0.973111
v 0.499706 0.820192 -0.979991
v 0.499894 0.815336 -0.987406
v 0.500091 0.810140 -0.995176
v 0.500293 0.804730 -1.003119
v 0.500494 0.799234 -1.011054
v 0.500691 0.793776 -1.018802
v 0.500878 0.788483 -1.026180
v 0.501051 0.783483 -1.033008
v 0.501205 0.778900 -1.039106
v 0.501336 0.774862 -1.044292
v 0.501440 0.771494 -1.048385
v 0.501490 0.769764 -1.050387
v 0.501533 0.768273 -1.052074
v 0.501568 0.767003 -1.053457
v 0.501595 0.765936 -1.054548
v 0.501615 0.765055 -1.055358
v 0.501629 0.764343 -1.055899
v 0.501636 0.763782 -1.056181
v 0.501636 0.763353 -1.056216
v 0.501631 0.763041 -1.056016
v 0.501620 0.762826 -1.055592
v 0.501603 0.762692 -1.054955
v 0.501581 0.762620 -1.054116
v 0.501552 0.762622 -1.052987
v 0.501497 0.762681 -1.050850
v 0.501418 0.762796 -1.047784
v 0.501316 0.762961 -1.043864
v 0.501195 0.763174 -1.039167
v 0.501055 0.763431 -1.033771
v 0.500900 0.763727 -1.027751
v 0.500730 0.764060 -1.021185
v 0.500548 0.764425 -1.014149
v 0.500356 0.764819 -1.006720
v 0.500156 0.765238 -0.998974
v 0.441098 1.015571 1.290284
v 0.441121 1.016433 1.289404
v 0.441148 1.017567 1.288386
v 0.441179 1.018944 1.287250
v 0.441212 1.020538 1.286013
v 0.441247 1.022322 1.284696
v 0.441284 1.024268 1.283316
v 0.441323 1.026350 1.281893
v 0.441362 1.028540 1.280445
v 0.441401 1.030811 1.278992
v 0.441440 1.033137 1.277552
v 0.441478 1.035490 1.276144
v 0.441515 1.037843 1.274786
v 0.441831 1.056929 1.263130
v 0.442163 1.073911 1.250803
v 0.442517 1.088927 1.237525
v 0.442903 1.102111 1.223018
v 0.443326 1.113603 1.207001
v 0.443794 1.123537 1.189197
v 0.444314 1.132051 1.169327
v 0.444895 1.139281 1.147110
v 0.445542 1.145363 1.122269
v 0.446264 1.150436 1.094524
v 0.447067 1.154634 1.063596
v 0.447960 1.158095 1.029207
v 0.448252 1.158881 1.017955
v 0.448644 1.159661 1.002825
v 0.449115 1.160415 0.984626
v 0.449645 1.161126 0.964170
v 0.450213 1.161774 0.942268
v 0.450796 1.162340 0.919731
v 0.451375 1.162807 0.897370
v 0.451929 1.163154 0.875996
v 0.452435 1.163365 0.856419
v 0.452875 1.163420 0.839452
v 0.453225 1.163300 0.825905
v 0.453466 1.162987 0.816590
v 0.453512 1.162901 0.814795
v 0.453580 1.162807 0.812171
v 0.453668 1.162706 0.808793
v 0.453773 1.162600 0.804733
v 0.453893 1.162490 0.800064
v 0.454028 1.162379 0.794859
v 0.454174 1.162266 0.789192
v 0.454331 1.162155 0.783134
v 0.454496 1.162046 0.776761
v 0.454667 1.161941 0.770143
v 0.454843 1.161842 0.763355
v 0.455021 1.161749 0.756470
v 0.455209 1.161648 0.749205
v 0.455413 1.161526 0.741311
v 0.455630 1.161385 0.732913
v 0.455857 1.161228 0.724133
v 0.456091 1.161056 0.715094
v 0.456328 1.160872 0.705921
v 0.456566 1.160680 0.696736
v 0.456801 1.160481 0.687663
v 0.457029 1.160279 0.678825
v 0.457249 1.160074 0.670346
v 0.457455 1.159871 0.662349
v 0.457646 1.159672 0.654957
v 0.457851 1.159452 0.647040
v 0.458097 1.159191 0.637516
v 0.458380 1.158894 0.626575
v 0.458695 1.158564 0.614413
v 0.459036 1.158209 0.601221
v 0.459399 1.157833 0.587193
v 0.459778 1.157440 0.572520
v 0.460169 1.157037 0.557397
v 0.460567 1.156628 0.542016
v 0.460966 1.156219 0.526569
v 0.461363 1.155814 0.511250
v 0.461750 1.155420 0.496252
v 0.462404 1.154754 0.470996
v 0.463068 1.154071 0.445286
v 0.463737 1.153380 0.419444
v 0.464400 1.152689 0.393793
v 0.465050 1.152008 0.368654
v 0.465679 1.151345 0.344348
v 0.466277 1.150709 0.321197
v 0.466838 1.150109 0.299524
v 0.467352 1.149553 0.279650
v 0.467811 1.149051 0.261897
v 0.468207 1.148611 0.246586
v 0.468531 1.148242 0.234040
v 0.469049 1.147729 0.214021
v 0.469747 1.147163 0.187016
v 0.470593 1.146563 0.154314
v 0.471553 1.145946 0.117204
v 0.472594 1.145329 0.076973
v 0.473682 1.144731 0.034911
v 0.474784 1.144169 -0.007694
v 0.475867 1.143660 -0.049553
v 0.476897 1.143223 -0.089377
v 0.477841 1.142875 -0.125879
v 0.478667 1.142633 -0.157769
v 0.479339 1.142516 -0.183759
v 0.479473 1.142503 -0.188922
v 0.479613 1.142488 -0.194338
v 0.479758 1.142470 -0.199932
v 0.479905 1.142450 -0.205627
v 0.480053 1.142428 -0.211350
v 0.480200 1.142405 -0.217024
v 0.480344 1.142380 -0.222573
v 0.480482 1.142355 -0.227924
v 0.480613 1.142329 -0.232999
v 0.480736 1.142303 -0.237724
v 0.480847 1.142276 -0.242023
v 0.480945 1.142251 -0.245821
v 0.481045 1.142228 -0.249682
v 0.481161 1.142209 -0.254165
v 0.481291 1.142195 -0.259186
v 0.481433 1.142186 -0.264661
v 0.481584 1.142182 -0.270507
v 0.481743 1.142182 -0.276640
v 0.481907 1.142187 -0.282976
v 0.482074 1.142196 -0.289432
v 0.482242 1.142210 -0.295922
v 0.482408 1.142228 -0.302365
v 0.482572 1.142250 -0.308675
v 0.482729 1.142277 -0.314769
v 0.482905 1.142310 -0.321541
v 0.483119 1.142348 -0.329823
v 0.483368 1.142392 -0.339443
v 0.483647 1.142441 -0.350227
v 0.483952 1.142494 -0.362002
v 0.484278 1.142550 -0.374593
v 0.484620 1.142608 -0.387827
v 0.484975 1.142668 -0.401531
v 0.485337 1.142729 -0.415531
v 0.485703 1.142790 -0.429654
v 0.486067 1.142850 -0.443726
v 0.486426 1.142908 -0.457574
v 0.487500 1.143344 -0.499067
v 0.488931 1.144314 -0.554359
v 0.490649 1.145740 -0.620702
v 0.492582 1.147542 -0.695347
v 0.494659 1.149642 -0.775546
v 0.496809 1.151960 -0.858552
v 0.498961 1.154418 -0.941617
v 0.501043 1.156936 -1.021993
v 0.502984 1.159435 -1.096931
v 0.504713 1.161837 -1.163685
v 0.506160 1.164062 -1.219505
v 0.507252 1.166032 -1.261644
v 0.508322 1.168241 -1.302943
v 0.509237 1.170211 -1.338261
v 0.510012 1.172000 -1.368142
v 0.510660 1.173666 -1.393134
v 0.511196 1.175269 -1.413783
v 0.511633 1.176864 -1.430635
v 0.511986 1.178512 -1.444237
v 0.512269 1.180269 -1.455135
v 0.512497 1.182195 -1.463875
v 0.512683 1.184347 -1.471003
v 0.512842 1.186784 -1.477065
v 0.512987 1.189564 -1.482609
v 0.513059 1.191088 -1.485321
v 0.513126 1.192688 -1.487885
v 0.513195 1.194538 -1.490471
v 0.513268 1.196812 -1.493250
v 0.513352 1.199684 -1.496393
v 0.513449 1.203330 -1.500069
v 0.513566 1.207923 -1.504450
v 0.513707 1.213637 -1.509706
v 0.513875 1.220648 -1.516008
v 0.514076 1.229130 -1.523525
v 0.514314 1.239256 -1.532430
v 0.514593 1.251201 -1.542892
v 0.514725 1.256776 -1.547811
v 0.514865 1.262656 -1.553077
v 0.515013 1.268759 -1.558612
v 0.515166 1.274999 -1.564338
v 0.515322 1.281295 -1.570175
v 0.515478 1.287563 -1.576046
v 0.515634 1.293719 -1.581871
v 0.515786 1.299679 -1.587572
v 0.515932 1.305361 -1.593071
v 0.516071 1.310680 -1.598288
v 0.516200 1.315554 -1.603145
v 0.516318 1.319898 -1.607564
v 0.516430 1.324001 -1.611763
v 0.516542 1.328172 -1.615980
v 0.516653 1.332360 -1.620166
v 0.516763 1.336513 -1.624271
v 0.516869 1.340580 -1.628246
v 0.516970 1.344509 -1.632041
v 0.517065 1.348249 -1.635607
v 0.517152 1.351748 -1.638894
v 0.517231 1.354954 -1.641853
v 0.517300 1.357816 -1.644435
v 0.517358 1.360283 -1.646590
v 0.517403 1.362303 -1.648268
v 0.517577 1.370929 -1.654744
v 0.517716 1.378984 -1.659894
v 0.517820 1.386496 -1.663711
v 0.517890 1.393496 -1.666192
v 0.517924 1.400013 -1.667333
v 0.517923 1.406076 -1.667129
v 0.517887 1.411716 -1.665576
v 0.517816 1.416961 -1.662668
v 0.517709 1.421841 -1.658403
v 0.517567 1.426386 -1.652775
v 0.517389 1.430626 -1.645779
v 0.517176 1.434589 -1.637412
v 0.516942 1.438241 -1.628278
v 0.516576 1.443676 -1.613972
v 0.516092 1.450688 -1.595063
v 0.515504 1.459076 -1.572120
v 0.514828 1.468633 -1.545714
v 0.514077 1.479158 -1.516411
v 0.513267 1.490447 -1.484783
v 0.512412 1.502295 -1.451397
v 0.511526 1.514498 -1.416824
v 0.510625 1.526854 -1.381631
v 0.509722 1.539158 -1.346388
v 0.508832 1.551207 -1.311664
v 0.508759 1.552189 -1.308832
v 0.508669 1.553414 -1.305312
v 0.508563 1.554854 -1.301178
v 0.508444 1.556484 -1.296508
v 0.508312 1.558277 -1.291378
v 0.508171 1.560205 -1.285864
v 0.508022 1.562244 -1.280042
v 0.507867 1.564365 -1.273989
v 0.507708 1.566542 -1.267780
v 0.507547 1.568748 -1.261491
v 0.507385 1.570958 -1.255200
v 0.507226 1.573143 -1.248981
v 0.506979 1.576535 -1.239319
v 0.506745 1.579725 -1.230197
v 0.506519 1.582799 -1.221364
v 0.506293 1.585842 -1.212571
v 0.506063 1.588939 -1.203568
v 0.505820 1.592175 -1.194105
v 0.505559 1.595635 -1.183934
v 0.505274 1.599404 -1.172803
v 0.504958 1.603568 -1.160464
v 0.504604 1.608212 -1.146667
v 0.504207 1.613421 -1.131162
v 0.503759 1.619280 -1.113699
v 0.503678 1.620347 -1.110520
v 0.503582 1.621605 -1.106772
v 0.503473 1.623031 -1.102529
v 0.503353 1.624599 -1.097864
v 0.503225 1.626286 -1.092848
v 0.503089 1.628067 -1.087555
v 0.502948 1.629918 -1.082056
v 0.502804 1.631813 -1.076425
v 0.502658 1.633730 -1.070734
v 0.502513 1.635642 -1.065055
v 0.502369 1.637527 -1.059461
v 0.502230 1.639359 -1.054024
v 0.501027 1.654952 -1.007087
v 0.499717 1.671514 -0.955987
v 0.498325 1.688745 -0.901724
v 0.496878 1.706347 -0.845299
v 0.495401 1.724020 -0.787712
v 0.493919 1.741463 -0.729962
v 0.492459 1.758377 -0.673049
v 0.491046 1.774463 -0.617974
v 0.489705 1.789420 -0.565737
v 0.488462 1.802950 -0.517337
v 0.487344 1.814752 -0.473775
v 0.486375 1.824527 -0.436051
v 0.485139 1.836377 -0.387958
v 0.483987 1.846912 -0.343159
v 0.482913 1.856175 -0.301379
v 0.481909 1.864208 -0.262347
v 0.480968 1.871053 -0.225788
v 0.480083 1.876751 -0.191431
v 0.479247 1.881346 -0.159001
v 0.478453 1.884879 -0.128228
v 0.477694 1.887392 -0.098836
v 0.476964 1.888927 -0.070554
v 0.476254 1.889526 -0.043108
v 0.475558 1.889232 -0.016225
v 0.474844 1.888072 0.011327
v 0.474154 1.886104 0.037914
v 0.473487 1.883307 0.063630
v 0.472839 1.879655 0.088567
v 0.472208 1.875126 0.112819
v 0.471591 1.869696 0.136479
v 0.470987 1.863342 0.159639
v 0.470393 1.856041 0.182393
v 0.469806 1.847769 0.204834
v 0.469224 1.838502 0.227055
v 0.468645 1.828217 0.249148
v 0.468066 1.816892 0.271207
v 0.467800 1.811298 0.281320
v 0.467545 1.805606 0.290994
v 0.467300 1.799762 0.300293
v 0.467063 1.793714 0.309285
v 0.466832 1.787409 0.318035
v 0.466605 1.780794 0.326610
v 0.466381 1.773817 0.335075
v 0.466157 1.766424 0.343498
v 0.465933 1.758562 0.351943
v 0.465706 1.750180 0.360477
v 0.465474 1.741224 0.369166
v 0.465237 1.731642 0.378077
v 0.465001 1.721867 0.386888
v 0.464778 1.712358 0.395233
v 0.464566 1.703017 0.403186
v 0.464361 1.693747 0.410820
v 0.464163 1.684449 0.418208
v 0.463969 1.675025 0.425425
v 0.463778 1.665377 0.432544
v 0.463587 1.655408 0.439638
v 0.463394 1.645020 0.446782
v 0.463198 1.634113 0.454048
v 0.462996 1.622592 0.461511
v 0.462787 1.610356 0.469245
v 0.462563 1.596985 0.477524
v 0.462353 1.584165 0.485288
v 0.462154 1.571795 0.492593
v 0.461967 1.559770 0.499492
v 0.461789 1.547986 0.506041
v 0.461618 1.536340 0.512295
v 0.461454 1.524728 0.518307
v 0.461294 1.513047 0.524133
v 0.461138 1.501191 0.529827
v 0.460984 1.489059 0.535444
v 0.460830 1.476546 0.541040
v 0.460675 1.463548 0.546667
v 0.460618 1.458777 0.548713
v 0.460563 1.454155 0.550717
v 0.460509 1.449728 0.552657
v 0.460458 1.445541 0.554513
v 0.460410 1.441640 0.556265
v 0.460365 1.438070 0.557890
v 0.460325 1.434877 0.559369
v 0.460289 1.432105 0.560679
v 0.460258 1.429801 0.561802
v 0.460233 1.428010 0.562715
v 0.460214 1.426778 0.563398
v 0.460203 1.426149 0.563830
v 0.460186 1.425761 0.564458
v 0.460157 1.425430 0.565562
v 0.460115 1.425157 0.567178
v 0.460059 1.424941 0.569339
v 0.459988 1.424781 0.572079
v 0.459901 1.424676 0.575433
v 0.459798 1.424626 0.579435
v 0.459676 1.424630 0.584119
v 0.459537 1.424687 0.589520
v 0.459378 1.424796 0.595673
v 0.459198 1.424957 0.602611
v 0.458997 1.425169 0.610368
v 0.458128 1.426015 0.643986
v 0.457235 1.426641 0.678522
v 0.456330 1.427052 0.713502
v 0.455426 1.427252 0.748450
v 0.454534 1.427246 0.782891
v 0.453668 1.427039 0.816348
v 0.452840 1.426634 0.848345
v 0.452061 1.426037 0.878407
v 0.451345 1.425251 0.906059
v 0.450704 1.424281 0.930825
v 0.450149 1.423131 0.952228
v 0.449693 1.421806 0.969792
v 0.448758 1.417765 1.005835
v 0.447897 1.412424 1.038930
v 0.447108 1.405692 1.069238
v 0.446385 1.397480 1.096919
v 0.445726 1.387697 1.122133
v 0.445124 1.376252 1.145040
v 0.444577 1.363055 1.165801
v 0.444080 1.348017 1.184575
v 0.443629 1.331045 1.201524
v 0.443219 1.312050 1.216808
v 0.442847 1.290941 1.230586
v 0.442508 1.267628 1.243018
v 0.442412 1.260222 1.246502
v 0.442309 1.251884 1.250256
v 0.442200 1.242794 1.254210
v 0.442087 1.233131 1.258290
v 0.441973 1.223075 1.262428
v 0.441858 1.212805 1.266550
v 0.441746 1.202500 1.270587
v 0.441638 1.192340 1.274468
v 0.441536 1.182505 1.278120
v 0.441443 1.173173 1.281473
v 0.441359 1.164523 1.284456
v 0.441287 1.156736 1.286998
v 0.441196 1.145913 1.290231
v 0.441105 1.134245 1.293402
v 0.441017 1.121989 1.296463
v 0.440932 1.109404 1.299366
v 0.440853 1.096746 1.302063
v 0.440781 1.084274 1.304505
v 0.440716 1.072245 1.306644
v 0.440662 1.060916 1.308433
v 0.440618 1.050546 1.309823
v 0.440587 1.041391 1.310765
v 0.440569 1.033710 1.311212
v 0.440568 1.027760 1.311116
v 0.440571 1.025787 1.310943
v 0.440574 1.024012 1.310742
v 0.440579 1.022420 1.310506
v 0.440585 1.020994 1.310229
v 0.440593 1.019718 1.309904
v 0.440602 1.018576 1.309527
v 0.440612 1.017552 1.309090
v 0.440625 1.016629 1.308587
v 0.440639 1.015791 1.308013
v 0.440655 1.015023 1.307361
v 0.440674 1.014307 1.306626
v 0.440695 1.013628 1.305801
v 0.440731 1.012588 1.304369
v 0.440764 1.011754 1.303053
v 0.440796 1.011131 1.301826
v 0.440826 1.010723 1.300658
v 0.440855 1.010532 1.299526
v 0.440884 1.010562 1.298400
v 0.440914 1.010816 1.297255
v 0.440945 1.011298 1.296063
v 0.440978 1.012011 1.294797
v 0.441014 1.012959 1.293430
v 0.441054 1.014144 1.291935
v 0.482882 1.407057 -0.313083
v 0.481933 1.407218 -0.276396
v 0.481005 1.407407 -0.240524
v 0.480104 1.407622 -0.205693
v 0.479235 1.407861 -0.172127
v 0.478405 1.408122 -0.140051
v 0.477620 1.408402 -0.109690
v 0.476884 1.408700 -0.081268
v 0.476205 1.409012 -0.055011
v 0.475588 1.409338 -0.031144
v 0.475038 1.409674 -0.009889
v 0.474562 1.410019 0.008526
v 0.474165 1.410369 0.023877
v 0.474078 1.410453 0.027239
v 0.473959 1.410564 0.031825
v 0.473812 1.410699 0.037520
v 0.473639 1.410855 0.044207
v 0.473443 1.411031 0.051771
v 0.473228 1.411222 0.060094
v 0.472996 1.411427 0.069061
v 0.472750 1.411643 0.078555
v 0.472494 1.411867 0.088461
v 0.472230 1.412096 0.098661
v 0.471962 1.412328 0.109041
v 0.471692 1.412561 0.119484
v 0.471422 1.412794 0.129908
v 0.471155 1.413027 0.140235
v 0.470894 1.413258 0.150351
v 0.470640 1.413484 0.160143
v 0.470398 1.413703 0.169495
v 0.470171 1.413911 0.178295
v 0.469961 1.414106 0.186429
v 0.469770 1.414285 0.193783
v 0.469603 1.414446 0.200243
v 0.469462 1.414586 0.205695
v 0.469350 1.414701 0.210026
v 0.469270 1.414790 0.213121
v 0.469012 1.415091 0.223120
v 0.468709 1.415436 0.234841
v 0.468366 1.415819 0.248093
v 0.467989 1.416234 0.262682
v 0.467582 1.416677 0.278415
v 0.467150 1.417142 0.295099
v 0.466699 1.417623 0.312541
v 0.466234 1.418115 0.330548
v 0.465759 1.418614 0.348926
v 0.465279 1.419113 0.367483
v 0.464799 1.419607 0.386026
v 0.464325 1.420091 0.404361
v 0.464061 1.420367 0.414577
v 0.463803 1.420653 0.424555
v 0.463554 1.420944 0.434192
v 0.463316 1.421237 0.443387
v 0.463092 1.421528 0.452035
v 0.462885 1.421813 0.460036
v 0.462698 1.422089 0.467287
v 0.462533 1.422351 0.473684
v 0.462392 1.422597 0.479126
v 0.462279 1.422821 0.483510
v 0.462195 1.423021 0.486733
v 0.462145 1.423193 0.488694
v 0.462140 1.423215 0.488880
v 0.462127 1.423277 0.489392
v 0.462107 1.423370 0.490166
v 0.462082 1.423487 0.491136
v 0.462054 1.423620 0.492237
v 0.462023 1.423760 0.493403
v 0.461993 1.423901 0.494570
v 0.461965 1.424033 0.495671
v 0.461940 1.424150 0.496641
v 0.461920 1.424243 0.497415
v 0.461907 1.424305 0.497927
v 0.461902 1.424328 0.498112
v 0.462245 1.442425 0.485388
v 0.462368 1.448628 0.480812
v 0.462514 1.455515 0.475353
v 0.462680 1.462930 0.469157
v 0.462861 1.470719 0.462371
v 0.463054 1.478726 0.455143
v 0.463255 1.486795 0.447620
v 0.463460 1.494773 0.439947
v 0.463664 1.502503 0.432273
v 0.463864 1.509830 0.424744
v 0.464056 1.516600 0.417507
v 0.464237 1.522657 0.410709
v 0.464402 1.527845 0.404497
v 0.464647 1.535092 0.395211
v 0.464899 1.542157 0.385675
v 0.465157 1.549026 0.375913
v 0.465420 1.555686 0.365947
v 0.465687 1.562124 0.355797
v 0.465959 1.568328 0.345487
v 0.466234 1.574285 0.335037
v 0.466511 1.579983 0.324471
v 0.466791 1.585407 0.313809
v 0.467073 1.590545 0.303074
v 0.467356 1.595386 0.292287
v 0.467639 1.599915 0.281471
v 0.468011 1.605315 0.267245
v 0.468399 1.610285 0.252407
v 0.468801 1.614819 0.236989
v 0.469217 1.618911 0.221025
v 0.469646 1.622554 0.204548
v 0.470088 1.625745 0.187591
v 0.470540 1.628476 0.170185
v 0.471003 1.630743 0.152366
v 0.471475 1.632538 0.134164
v 0.471956 1.633858 0.115615
v 0.472445 1.634696 0.096750
v 0.472941 1.635047 0.077602
v 0.473795 1.634682 0.044592
v 0.474662 1.633199 0.011063
v 0.475547 1.630551 -0.023243
v 0.476459 1.626692 -0.058586
v 0.477404 1.621574 -0.095222
v 0.478387 1.615150 -0.133409
v 0.479416 1.607375 -0.173405
v 0.480498 1.598200 -0.215469
v 0.481639 1.587580 -0.259857
v 0.482846 1.575467 -0.306828
v 0.484124 1.561815 -0.356640
v 0.485482 1.546576 -0.409550
v 0.486442 1.535535 -0.446958
v 0.487506 1.523236 -0.488423
v 0.488639 1.510094 -0.532565
v 0.489805 1.496524 -0.578001
v 0.490968 1.482942 -0.623352
v 0.492094 1.469763 -0.667235
v 0.493147 1.457403 -0.708271
v 0.494091 1.446276 -0.745078
v 0.494892 1.436798 -0.776275
v 0.495512 1.429385 -0.800481
v 0.495919 1.424451 -0.816316
v 0.496074 1.422412 -0.822398
v 0.495907 1.421293 -0.815969
v 0.495366 1.419906 -0.795097
v 0.494512 1.418324 -0.762150
v 0.493407 1.416617 -0.719496
v 0.492112 1.414857 -0.669504
v 0.490688 1.413116 -0.614543
v 0.489198 1.411465 -0.556983
v 0.487701 1.409975 -0.499190
v 0.486260 1.408718 -0.443536
v 0.484935 1.407765 -0.392387
v 0.483789 1.407187 -0.348113
v 0.455908 1.678330 0.737012
v 0.458451 1.779364 0.641639
v 0.455902 1.874965 0.742886
v 0.453353 1.970566 0.844133
v 0.450809 1.869038 0.939515
v 0.448265 1.767509 1.034898
v 0.450815 1.672403 0.933642
v 0.453365 1.577296 0.832385
vn -0.9997 0.0007 -0.0259
vn 0.9997 -0.0007 0.0259
vn 0.9997 -0.0007 0.0254
vn -0.0259 -0.0287 0.9993
vn 0.9984 -0.0016 0.0571
vn 0.0005 0.9999 0.0110
vn -0.0072 0.9522 0.3054
vn 0.0059 0.9795 -0.2014
vn -0.0138 0.8298 0.5578
vn 0.0080 0.9599 -0.2802
vn -0.0184 0.6811 0.7319
vn -0.0182 -0.7290 0.6843
vn -0.0206 0.5799 0.8144
vn -0.0027 -0.9970 0.0769
vn 0.0033 -0.9879 -0.1549
vn 0.0090 0.9477 -0.3191
vn 0.0099 -0.9124 -0.4092
vn 0.0089 0.9479 -0.3185
vn -0.0221 0.4978 0.8670
vn -0.0076 -0.9645 0.2641
vn 0.0090 0.9472 -0.3206
vn 0.0143 -0.8179 -0.5751
vn 0.0093 0.9435 -0.3313
vn 0.0092 0.9442 -0.3293
vn 0.0181 -0.6933 -0.7204
vn -0.0234 0.3974 0.9173
vn 0.0093 0.9424 -0.3342
vn 0.0002 0.9998 0.0199
vn -0.0231 0.4277 0.9036
vn -0.0082 -0.9575 0.2882
vn 0.0014 0.9996 -0.0273
vn -0.0018 0.9950 0.0995
vn 0.0038 0.9928 -0.1201
vn 0.0038 0.9928 -0.1195
vn -0.0066 0.9587 0.2843
vn 0.0018 0.9992 -0.0409
vn 0.0014 0.9997 -0.0263
vn 0.0015 0.9996 -0.0284
vn 0.0014 0.9997 -0.0243
vn 0.0013 0.9998 -0.0222
vn 0.0013 0.9997 -0.0233
vn 0.0010 0.9999 -0.0119
vn 0.0004 0.9999 0.0131
vn -0.0005 0.9988 0.0480
vn 0.0117 0.9038 -0.4278
vn 0.0241 -0.3342 -0.9422
vn -0.0225 0.4707 0.8820
vn 0.0183 -0.6849 -0.7284
vn 0.0176 -0.7132 -0.7007
vn -0.0239 0.3569 0.9338
vn 0.0186 -0.6762 -0.7365
vn 0.0002 -0.9994 -0.0347
vn -0.0016 -0.9994 0.0336
vn -0.0012 -0.9998 0.0184
vn -0.0012 -0.9998 0.0179
vn -0.0014 -0.9996 0.0269
vn -0.0014 -0.9996 0.0266
vn 0.0073 -0.9509 -0.3093
vn 0.0185 -0.6771 -0.7357
vn -0.0250 0.2248 0.9741
vn -0.0015 -0.9996 0.0294
vn 0.0109 -0.8940 -0.4480
vn -0.0011 -0.9999 0.0121
vn -0.0008 -1.0000 0.0035
vn -0.0009 -1.0000 0.0068
vn -0.0007 -1.0000 -0.0014
vn 0.0010 -0.9978 -0.0665
vn -0.0006 -1.0000 -0.0045
vn -0.0006 -1.0000 -0.0042
vn 0.0001 -0.9995 -0.0313
vn -0.0007 0.9984 0.0558
vn -0.0048 0.9769 0.2134
vn 0.0079 0.9610 -0.2764
vn 0.0220 -0.4999 -0.8658
vn -0.0259 -0.0162 0.9995
vn 0.0200 -0.6131 -0.7898
vn -0.0231 -0.4785 0.8778
vn -0.0092 -0.9439 0.3302
vn -0.0118 0.8770 0.4803
vn 0.0159 0.8062 -0.5914
vn -0.0157 0.7766 0.6298
vn 0.0165 0.7899 -0.6130
vn -0.0165 0.7517 0.6593
vn 0.0165 0.7897 -0.6132
vn -0.0013 -0.9998 0.0201
vn -0.0168 0.7423 0.6698
vn -0.0002 0.9993 0.0372
vn 0.0007 1.0000 -0.0002
vn 0.0011 0.9999 -0.0146
vn -0.0023 0.9933 0.1155
vn 0.0014 0.9997 -0.0252
vn -0.0115 -0.9081 0.4186
vn 0.0162 0.7985 -0.6017
vn -0.0168 0.7422 0.6700
vn -0.0072 0.9524 0.3049
vn 0.0116 -0.8800 -0.4749
vn 0.0021 0.9986 -0.0520
vn -0.0137 -0.8629 0.5052
vn -0.0168 0.7431 0.6690
vn -0.0167 0.7445 0.6675
vn 0.0149 -0.8017 -0.5975
vn 0.0068 0.9720 -0.2349
vn 0.0009 1.0000 -0.0072
vn -0.0161 0.7645 0.6444
vn 0.0023 0.9983 -0.0585
vn 0.0023 0.9982 -0.0603
vn -0.0157 -0.8127 0.5825
vn 0.0156 0.8156 -0.5784
vn 0.0022 0.9984 -0.0557
vn 0.0022 0.9984 -0.0560
vn 0.0022 0.9984 -0.0559
vn -0.0186 -0.7152 0.6987
vn 0.0020 0.9987 -0.0506
vn -0.0015 0.9964 0.0847
vn -0.0229 0.4380 0.8987
vn 0.0162 0.7979 -0.6026
vn 0.0258 -0.0670 -0.9974
vn 0.0258 -0.0671 -0.9974
vn -0.0245 0.2951 0.9552
vn 0.0227 -0.4564 -0.8895
vn 0.0006 -0.9986 -0.0522
vn -0.0245 0.2951 0.9551
vn -0.0013 -0.9998 0.0218
vn -0.0012 -0.9998 0.0186
vn -0.0012 0.9972 0.0743
vn 0.0033 -0.9877 -0.1561
vn -0.0040 0.9832 0.1823
vn -0.0016 -0.9994 0.0339
vn 0.0223 -0.4826 -0.8756
vn 0.0065 0.9747 -0.2233
vn -0.0063 -0.9768 0.2141
vn -0.0063 -0.9768 0.2143
vn -0.0145 0.8118 0.5838
vn -0.0024 -0.9980 0.0629
vn 0.0196 -0.6323 -0.7745
vn 0.0068 0.9723 -0.2336
vn -0.0146 0.8097 0.5867
vn 0.0169 -0.7367 -0.6760
vn -0.0128 0.8536 0.5208
vn -0.0024 -0.9980 0.0626
vn -0.0024 -0.9980 0.0631
vn 0.0076 0.9641 -0.2654
vn -0.0025 -0.9978 0.0669
vn -0.0024 -0.9979 0.0644
vn 0.0124 -0.8628 -0.5053
vn 0.0166 -0.7471 -0.6645
vn -0.0194 0.6408 0.7675
vn -0.0024 -0.9980 0.0636
vn 0.0076 0.9636 -0.2671
vn 0.0077 0.9630 -0.2694
vn 0.0008 -0.9982 -0.0598
vn 0.0077 0.9624 -0.2716
vn 0.0077 0.9623 -0.2717
vn -0.0220 0.4999 0.8658
vn -0.0084 0.9358 0.3525
vn 0.0071 0.9693 -0.2457
vn 0.0042 0.9910 -0.1340
vn 0.0037 0.9935 -0.1138
vn -0.0001 0.9995 0.0316
vn 0.0155 -0.7831 -0.6217
vn 0.0005 -0.9988 -0.0480
vn -0.0031 -0.9959 0.0904
vn 0.0054 -0.9717 -0.2362
vn -0.0066 -0.9738 0.2273
vn 0.0122 -0.8686 -0.4954
vn -0.0245 0.2900 0.9567
vn 0.0163 -0.7582 -0.6518
vn -0.0075 -0.9645 0.2641
vn 0.0131 -0.8464 -0.5323
vn -0.0257 -0.1400 0.9898
vn 0.0155 -0.7835 -0.6212
vn -0.0117 -0.9037 0.4279
vn -0.0079 -0.9610 0.2763
vn 0.0083 -0.9377 -0.3475
vn -0.0022 -0.9985 0.0554
vn 0.0259 0.0287 -0.9993
vn -0.0003 0.9991 0.0421
vn 0.0055 0.9829 -0.1839
vn -0.0082 0.9383 0.3457
vn -0.0145 0.8114 0.5843
vn 0.0078 0.9614 -0.2751
vn -0.0187 0.6697 0.7424
vn -0.0209 0.5668 0.8236
vn 0.0025 -0.9920 -0.1261
vn -0.0035 -0.9941 0.1085
vn 0.0089 0.9490 -0.3150
vn 0.0093 -0.9224 -0.3860
vn -0.0223 0.4859 0.8737
vn 0.0090 0.9475 -0.3195
vn 0.0138 -0.8315 -0.5553
vn -0.0079 -0.9610 0.2766
vn 0.0093 0.9436 -0.3310
vn 0.0092 0.9441 -0.3297
vn 0.0178 -0.7047 -0.7093
vn -0.0235 0.3943 0.9187
vn 0.0093 0.9430 -0.3326
vn 0.0207 -0.5753 -0.8177
vn -0.0000 0.9996 0.0284
vn -0.0229 0.4381 0.8986
vn 0.0014 0.9997 -0.0251
vn -0.0008 0.9983 0.0583
vn -0.0082 -0.9572 0.2892
vn 0.0019 0.9990 -0.0450
vn 0.0014 0.9996 -0.0270
vn -0.0087 0.9323 0.3615
vn 0.0015 0.9996 -0.0281
vn 0.0014 0.9997 -0.0248
vn 0.0013 0.9998 -0.0223
vn 0.0013 0.9997 -0.0231
vn 0.0011 0.9999 -0.0136
vn 0.0009 1.0000 -0.0044
vn 0.0006 1.0000 0.0037
vn -0.0003 0.9992 0.0400
vn 0.0103 0.9286 -0.3710
vn 0.0254 -0.1725 -0.9847
vn 0.0185 -0.6784 -0.7345
vn -0.0231 0.4258 0.9045
vn 0.0175 -0.7154 -0.6985
vn 0.0185 -0.6800 -0.7330
vn -0.0240 0.3482 0.9371
vn -0.0000 -0.9996 -0.0296
vn -0.0020 -0.9989 0.0478
vn -0.0012 -0.9999 0.0171
vn -0.0012 -0.9998 0.0190
vn -0.0015 -0.9996 0.0277
vn 0.0054 -0.9713 -0.2377
vn 0.0187 -0.6686 -0.7434
vn -0.0014 -0.9996 0.0265
vn -0.0014 -0.9996 0.0270
vn -0.0014 -0.9997 0.0256
vn 0.0120 -0.8718 -0.4897
vn -0.0251 0.2085 0.9777
vn -0.0010 -0.9999 0.0110
vn -0.0008 -1.0000 0.0038
vn -0.0009 -1.0000 0.0060
vn 0.0013 -0.9970 -0.0773
vn -0.0007 -1.0000 -0.0021
vn -0.0005 -0.9999 -0.0105
vn 0.0001 -0.9994 -0.0333
vn 0.0217 -0.5213 -0.8531
vn -0.0011 0.9973 0.0730
vn -0.0051 0.9740 0.2265
vn 0.0063 0.9766 -0.2148
vn -0.0258 -0.0871 0.9959
vn 0.0204 -0.5942 -0.8040
vn -0.0218 -0.5656 0.8244
vn -0.0050 -0.9861 0.1662
vn -0.0125 0.8613 0.5080
vn 0.0157 0.8117 -0.5839
vn -0.0158 0.7731 0.6341
vn 0.0164 0.7922 -0.6101
vn 0.0165 0.7891 -0.6140
vn -0.0167 0.7463 0.6654
vn -0.0033 -0.9949 0.1005
vn -0.0004 0.9990 0.0442
vn 0.0006 1.0000 0.0066
vn -0.0168 0.7423 0.6699
vn 0.0011 0.9999 -0.0148
vn 0.0013 0.9998 -0.0206
vn -0.0027 0.9913 0.1317
vn 0.0162 0.7960 -0.6051
vn 0.0109 -0.8944 -0.4471
vn -0.0118 -0.9035 0.4285
vn -0.0168 0.7422 0.6699
vn 0.0020 0.9988 -0.0496
vn -0.0081 0.9407 0.3391
vn -0.0142 -0.8515 0.5242
vn -0.0167 0.7437 0.6683
vn -0.0167 0.7444 0.6675
vn 0.0140 -0.8241 -0.5663
vn 0.0085 0.9541 -0.2993
vn 0.0004 0.9999 0.0126
vn 0.0022 0.9984 -0.0570
vn 0.0156 0.8144 -0.5801
vn 0.0023 0.9981 -0.0608
vn -0.0171 0.7299 0.6834
vn -0.0159 -0.8069 0.5905
vn 0.0022 0.9984 -0.0562
vn 0.0022 0.9985 -0.0556
vn 0.0022 0.9985 -0.0550
vn -0.0195 -0.6771 0.7356
vn 0.0021 0.9987 -0.0518
vn 0.0008 1.0000 -0.0010
vn -0.0234 0.4011 0.9157
vn 0.0160 0.8033 -0.5954
vn 0.0182 0.7293 -0.6840
vn 0.0234 -0.4011 -0.9157
vn 0.0003 -0.9991 -0.0420
vn -0.0013 -0.9998 0.0213
vn -0.0012 -0.9998 0.0181
vn -0.0015 0.9961 0.0881
vn 0.0030 -0.9894 -0.1454
vn -0.0017 -0.9994 0.0359
vn -0.0050 0.9748 0.2228
vn 0.0093 -0.9226 -0.3857
vn 0.0066 0.9737 -0.2278
vn -0.0063 -0.9768 0.2142
vn 0.0199 -0.6150 -0.7883
vn -0.0145 0.8114 0.5844
vn -0.0143 0.8167 0.5769
vn -0.0140 0.8255 0.5642
vn -0.0024 -0.9980 0.0633
vn 0.0075 0.9651 -0.2619
vn 0.0167 -0.7440 -0.6680
vn -0.0025 -0.9977 0.0679
vn 0.0137 -0.8326 -0.5537
vn -0.0024 -0.9979 0.0641
vn -0.0197 0.6265 0.7792
vn -0.0024 -0.9980 0.0637
vn -0.0023 -0.9982 0.0605
vn 0.0077 0.9631 -0.2689
vn 0.0017 -0.9956 -0.0937
vn 0.0077 0.9625 -0.2713
vn 0.0073 0.9670 -0.2545
vn -0.0226 0.4615 0.8869
vn -0.0072 0.9518 0.3066
vn 0.0046 0.9885 -0.1509
vn 0.0004 0.9999 0.0123
vn 0.0157 -0.7766 -0.6298
vn 0.0002 -0.9994 -0.0351
vn -0.0035 -0.9943 0.1064
vn 0.0047 -0.9779 -0.2092
vn -0.0068 -0.9721 0.2344
vn 0.0112 -0.8892 -0.4575
vn -0.0248 0.2541 0.9669
vn 0.0159 -0.7717 -0.6357
vn -0.0076 -0.9636 0.2672
vn 0.0137 -0.8336 -0.5522
vn 0.0164 -0.7542 -0.6565
vn -0.0253 -0.2339 0.9719
vn -0.0082 -0.9578 0.2875
vn -0.0076 -0.9643 0.2646
vn 0.0089 -0.9282 -0.3720
vn 0.0028 -0.9905 -0.1371
vn 0.0019 -0.9950 -0.1003
vn -0.0011 -0.9999 0.0123
vn -0.0012 0.9973 0.0738
vn 0.0050 0.9865 -0.1635
vn -0.0093 0.9230 0.3847
vn 0.0183 -0.6866 -0.7268
vn -0.0152 0.7919 0.6105
vn 0.0077 0.9631 -0.2690
vn -0.0190 0.6597 0.7512
vn -0.0211 0.5546 0.8318
vn 0.0087 0.9513 -0.3081
vn 0.0018 -0.9952 -0.0981
vn -0.0043 -0.9904 0.1382
vn 0.0085 -0.9349 -0.3547
vn 0.0090 0.9478 -0.3187
vn 0.0090 0.9478 -0.3188
vn 0.0132 -0.8445 -0.5354
vn -0.0224 0.4732 0.8807
vn 0.0092 0.9440 -0.3299
vn -0.0080 -0.9591 0.2829
vn 0.0092 0.9440 -0.3300
vn 0.0175 -0.7168 -0.6971
vn -0.0234 0.3979 0.9171
vn 0.0204 -0.5938 -0.8044
vn -0.0003 0.9992 0.0391
vn 0.0012 0.9998 -0.0181
vn -0.0227 0.4543 0.8906
vn -0.0001 0.9995 0.0312
vn 0.0021 0.9987 -0.0511
vn 0.0015 0.9996 -0.0286
vn 0.0015 0.9996 -0.0278
vn -0.0082 -0.9568 0.2905
vn 0.0014 0.9997 -0.0255
vn -0.0109 0.8946 0.4467
vn 0.0013 0.9997 -0.0226
vn 0.0013 0.9997 -0.0230
vn 0.0012 0.9999 -0.0158
vn 0.0009 1.0000 -0.0052
vn 0.0099 0.9349 -0.3549
vn -0.0002 0.9994 0.0352
vn 0.0259 0.0336 -0.9991
vn 0.0187 -0.6699 -0.7422
vn -0.0233 0.4107 0.9115
vn 0.0177 -0.7111 -0.7029
vn 0.0184 -0.6837 -0.7295
vn -0.0241 0.3383 0.9407
vn -0.0001 -0.9997 -0.0251
vn -0.0017 -0.9994 0.0358
vn 0.0189 -0.6634 -0.7480
vn -0.0012 -0.9999 0.0158
vn 0.0039 -0.9837 -0.1797
vn -0.0013 -0.9998 0.0199
vn -0.0015 -0.9996 0.0274
vn -0.0014 -0.9996 0.0264
vn -0.0014 -0.9996 0.0272
vn -0.0013 -0.9998 0.0209
vn 0.0131 -0.8484 -0.5291
vn -0.0010 -1.0000 0.0095
vn -0.0008 -1.0000 0.0041
vn 0.0017 -0.9956 -0.0942
vn -0.0252 0.1922 0.9810
vn -0.0007 -1.0000 -0.0028
vn -0.0003 -0.9998 -0.0176
vn 0.0002 -0.9994 -0.0360
vn 0.0205 -0.5876 -0.8089
vn -0.0017 0.9957 0.0925
vn 0.0047 0.9881 -0.1540
vn -0.0059 0.9665 0.2568
vn -0.0258 -0.1127 0.9933
vn 0.0207 -0.5785 -0.8154
vn -0.0202 -0.6468 0.7624
vn -0.0001 -0.9996 -0.0266
vn -0.0132 0.8455 0.5338
vn 0.0152 0.8262 -0.5632
vn -0.0159 0.7702 0.6377
vn 0.0163 0.7940 -0.6077
vn 0.0165 0.7883 -0.6150
vn -0.0168 0.7427 0.6694
vn -0.0054 -0.9837 0.1797
vn -0.0007 0.9985 0.0546
vn 0.0004 0.9999 0.0119
vn 0.0011 0.9999 -0.0151
vn 0.0011 0.9999 -0.0157
vn 0.0096 -0.9180 -0.3965
vn -0.0032 0.9886 0.1504
vn 0.0163 0.7941 -0.6076
vn -0.0120 -0.8991 0.4376
vn 0.0020 0.9989 -0.0470
vn -0.0091 0.9260 0.3775
vn -0.0145 -0.8431 0.5376
vn -0.0167 0.7445 0.6674
vn 0.0135 -0.8385 -0.5448
vn 0.0157 0.8130 -0.5821
vn 0.0107 0.9216 -0.3879
vn 0.0012 0.9999 -0.0167
vn 0.0022 0.9985 -0.0553
vn 0.0023 0.9981 -0.0614
vn -0.0181 0.6958 0.7180
vn -0.0161 -0.7995 0.6005
vn 0.0021 0.9986 -0.0529
vn -0.0211 -0.6046 0.7963
vn 0.0015 0.9996 -0.0279
vn 0.0159 0.8077 -0.5894
vn -0.0238 0.3703 0.9286
vn 0.0180 0.7369 -0.6757
vn 0.0242 -0.3300 -0.9437
vn 0.0001 -0.9995 -0.0323
vn -0.0013 -0.9998 0.0208
vn -0.0245 0.2962 0.9548
vn -0.0012 -0.9998 0.0175
vn -0.0020 0.9945 0.1044
vn 0.0027 -0.9910 -0.1342
vn -0.0017 -0.9993 0.0380
vn -0.0061 0.9645 0.2639
vn 0.0065 -0.9601 -0.2795
vn 0.0201 -0.6055 -0.7956
vn 0.0068 0.9724 -0.2332
vn 0.0064 0.9752 -0.2210
vn -0.0145 0.8111 0.5848
vn -0.0024 -0.9980 0.0628
vn -0.0137 0.8319 0.5548
vn -0.0151 0.7943 0.6073
vn 0.0074 0.9660 -0.2584
vn 0.0168 -0.7410 -0.6713
vn -0.0024 -0.9980 0.0634
vn 0.0148 -0.8024 -0.5965
vn -0.0025 -0.9977 0.0672
vn -0.0024 -0.9980 0.0638
vn -0.0200 0.6129 0.7899
vn -0.0021 -0.9987 0.0512
vn 0.0077 0.9633 -0.2684
vn 0.0028 -0.9909 -0.1347
vn 0.0077 0.9625 -0.2710
vn 0.0075 0.9650 -0.2622
vn -0.0060 0.9662 0.2579
vn -0.0230 0.4316 0.9018
vn 0.0051 0.9859 -0.1675
vn 0.0159 -0.7710 -0.6366
vn 0.0009 1.0000 -0.0055
vn -0.0002 -0.9997 -0.0226
vn 0.0040 -0.9831 -0.1828
vn -0.0040 -0.9920 0.1261
vn 0.0102 -0.9068 -0.4215
vn -0.0069 -0.9709 0.2393
vn 0.0154 -0.7859 -0.6182
vn -0.0252 0.2033 0.9788
vn 0.0141 -0.8220 -0.5693
vn -0.0077 -0.9628 0.2700
vn 0.0171 -0.7321 -0.6809
vn -0.0245 -0.3498 0.9365
vn -0.0036 -0.9938 0.1114
vn 0.0096 -0.9184 -0.3955
vn -0.0072 -0.9684 0.2491
vn 0.0037 -0.9851 -0.1721
vn -0.0000 -0.9996 -0.0286
vn 0.0183 0.7272 -0.6862
vn -0.0021 0.9941 0.1081
vn 0.0044 0.9901 -0.1402
vn -0.0102 0.9066 0.4218
vn 0.0075 0.9652 -0.2613
vn -0.0159 0.7718 0.6357
vn -0.0192 0.6484 0.7611
vn 0.0085 0.9531 -0.3025
vn -0.0213 0.5438 0.8389
vn 0.0011 -0.9975 -0.0709
vn -0.0050 -0.9862 0.1657
vn 0.0075 -0.9483 -0.3174
vn 0.0089 0.9480 -0.3182
vn 0.0127 -0.8569 -0.5153
vn -0.0226 0.4599 0.8877
vn 0.0092 0.9445 -0.3285
vn 0.0171 -0.7304 -0.6828
vn 0.0092 0.9439 -0.3302
vn -0.0081 -0.9587 0.2842
vn 0.0092 0.9441 -0.3294
vn -0.0234 0.4016 0.9155
vn 0.0198 -0.6213 -0.7833
vn -0.0006 0.9986 0.0536
vn 0.0010 0.9999 -0.0117
vn -0.0223 0.4849 0.8743
vn 0.0023 0.9981 -0.0618
vn 0.0015 0.9995 -0.0302
vn 0.0015 0.9996 -0.0275
vn 0.0014 0.9996 -0.0267
vn 0.0013 0.9997 -0.0228
vn -0.0083 -0.9562 0.2926
vn 0.0012 0.9998 -0.0187
vn -0.0132 0.8440 0.5362
vn 0.0097 0.9376 -0.3475
vn 0.0009 1.0000 -0.0062
vn -0.0001 0.9995 0.0317
vn 0.0251 0.2656 -0.9637
vn 0.0190 -0.6580 -0.7528
vn -0.0234 0.3989 0.9167
vn 0.0178 -0.7071 -0.7069
vn 0.0183 -0.6875 -0.7260
vn -0.0242 0.3261 0.9450
vn 0.0189 -0.6605 -0.7506
vn -0.0002 -0.9998 -0.0209
vn -0.0015 -0.9996 0.0298
vn 0.0027 -0.9909 -0.1344
vn -0.0011 -0.9999 0.0146
vn -0.0014 -0.9997 0.0264
vn -0.0012 -0.9998 0.0183
vn 0.0144 -0.8135 -0.5814
vn -0.0009 -1.0000 0.0076
vn 0.0024 -0.9927 -0.1202
vn -0.0009 -1.0000 0.0044
vn -0.0008 -1.0000 0.0027
vn -0.0006 -1.0000 -0.0036
vn -0.0006 -1.0000 -0.0044
vn 0.0003 -0.9992 -0.0398
vn -0.0002 -0.9998 -0.0215
vn 0.0189 -0.6626 -0.7488
vn -0.0253 0.1752 0.9842
vn -0.0022 0.9935 0.1139
vn 0.0032 0.9953 -0.0963
vn -0.0071 0.9530 0.3029
vn 0.0209 -0.5645 -0.8252
vn -0.0257 -0.1467 0.9889
vn -0.0186 -0.7169 0.6970
vn 0.0049 -0.9762 -0.2166
vn 0.0143 0.8478 -0.5301
vn -0.0138 0.8298 0.5579
vn 0.0163 0.7956 -0.6056
vn -0.0160 0.7674 0.6409
vn 0.0165 0.7872 -0.6165
vn -0.0168 0.7426 0.6695
vn -0.0073 -0.9666 0.2562
vn 0.0003 0.9999 0.0162
vn -0.0009 0.9979 0.0650
vn 0.0081 -0.9404 -0.3401
vn 0.0011 0.9999 -0.0154
vn 0.0164 0.7929 -0.6091
vn 0.0011 0.9999 -0.0133
vn -0.0037 0.9852 0.1715
vn 0.0019 0.9990 -0.0441
vn -0.0122 -0.8947 0.4464
vn -0.0168 0.7424 0.6698
vn -0.0102 0.9078 0.4193
vn 0.0130 -0.8488 -0.5285
vn -0.0148 -0.8367 0.5475
vn 0.0157 0.8112 -0.5846
vn 0.0140 0.8554 -0.5178
vn 0.0019 0.9989 -0.0459
vn 0.0021 0.9986 -0.0532
vn 0.0023 0.9981 -0.0620
vn 0.0022 0.9983 -0.0577
vn -0.0189 0.6611 0.7500
vn -0.0165 -0.7891 0.6141
vn 0.0022 0.9984 -0.0561
vn 0.0021 0.9985 -0.0540
vn -0.0234 -0.4492 0.8931
vn 0.0017 0.9993 -0.0373
vn 0.0157 0.8112 -0.5845
vn -0.0240 0.3453 0.9382
vn 0.0176 0.7510 -0.6600
vn 0.0249 -0.2400 -0.9704
vn -0.0002 -0.9997 -0.0229
vn -0.0013 -0.9998 0.0205
vn -0.0012 -0.9999 0.0167
vn -0.0005 0.9988 0.0496
vn 0.0024 -0.9926 -0.1216
vn -0.0024 0.9926 0.1214
vn 0.0204 -0.5933 -0.8047
vn 0.0054 -0.9720 -0.2349
vn -0.0018 -0.9992 0.0404
vn -0.0072 0.9521 0.3057
vn 0.0069 0.9707 -0.2403
vn 0.0062 0.9771 -0.2128
vn -0.0145 0.8108 0.5852
vn 0.0169 -0.7381 -0.6744
vn 0.0073 0.9670 -0.2548
vn -0.0163 0.7599 0.6498
vn 0.0158 -0.7727 -0.6346
vn -0.0131 0.8481 0.5297
vn -0.0025 -0.9978 0.0667
vn -0.0024 -0.9980 0.0639
vn 0.0076 0.9636 -0.2674
vn 0.0040 -0.9828 -0.1844
vn -0.0018 -0.9992 0.0401
vn -0.0203 0.5995 0.8002
vn 0.0077 0.9626 -0.2708
vn 0.0077 0.9632 -0.2688
vn 0.0055 0.9830 -0.1833
vn 0.0161 -0.7660 -0.6426
vn -0.0046 0.9783 0.2069
vn 0.0013 0.9997 -0.0224
vn -0.0233 0.4067 0.9133
vn -0.0005 -1.0000 -0.0098
vn 0.0033 -0.9876 -0.1570
vn -0.0046 -0.9890 0.1477
vn 0.0093 -0.9220 -0.3872
vn -0.0070 -0.9701 0.2425
vn 0.0149 -0.8001 -0.5996
vn 0.0145 -0.8121 -0.5833
vn -0.0256 0.1213 0.9923
vn -0.0078 -0.9621 0.2725
vn 0.0175 -0.7160 -0.6979
vn -0.0231 -0.4795 0.8772
vn 0.0013 -0.9969 -0.0785
vn 0.0101 -0.9084 -0.4179
vn -0.0067 -0.9734 0.2291
vn 0.0046 -0.9787 -0.2052
vn 0.0009 -0.9979 -0.0650
vn -0.0030 0.9895 0.1448
vn 0.0037 0.9935 -0.1140
vn -0.0112 0.8897 0.4565
vn 0.0072 0.9681 -0.2507
vn -0.0165 0.7517 0.6594
vn -0.0195 0.6358 0.7716
vn 0.0084 0.9547 -0.2976
vn 0.0004 -0.9990 -0.0444
vn -0.0215 0.5344 0.8450
vn 0.0066 -0.9594 -0.2819
vn -0.0057 -0.9816 0.1907
vn 0.0089 0.9481 -0.3179
vn 0.0122 -0.8688 -0.4950
vn 0.0092 0.9450 -0.3268
vn -0.0228 0.4464 0.8945
vn 0.0167 -0.7467 -0.6649
vn 0.0093 0.9438 -0.3304
vn 0.0092 0.9448 -0.3276
vn -0.0081 -0.9584 0.2851
vn 0.0194 -0.6413 -0.7670
vn -0.0233 0.4054 0.9138
vn -0.0012 0.9972 0.0752
vn 0.0009 1.0000 -0.0057
vn -0.0209 0.5663 0.8239
vn 0.0008 1.0000 -0.0008
vn 0.0030 0.9962 -0.0871
vn 0.0016 0.9995 -0.0318
vn 0.0096 0.9392 -0.3431
vn 0.0013 0.9997 -0.0227
vn -0.0084 -0.9548 0.2973
vn 0.0009 1.0000 -0.0071
vn -0.0156 0.7806 0.6249
vn -0.0000 0.9996 0.0287
vn 0.0230 0.4849 -0.8743
vn 0.0194 -0.6392 -0.7688
vn 0.0179 -0.7031 -0.7109
vn -0.0235 0.3892 0.9209
vn 0.0182 -0.6913 -0.7223
vn 0.0190 -0.6590 -0.7519
vn -0.0244 0.3104 0.9503
vn -0.0003 -0.9999 -0.0163
vn 0.0019 -0.9950 -0.1001
vn -0.0014 -0.9997 0.0260
vn -0.0011 -0.9999 0.0134
vn -0.0013 -0.9998 0.0219
vn -0.0014 -0.9997 0.0263
vn -0.0015 -0.9996 0.0276
vn 0.0158 -0.7740 -0.6329
vn -0.0012 -0.9999 0.0166
vn 0.0034 -0.9873 -0.1591
vn -0.0009 -1.0000 0.0045
vn 0.0168 -0.7402 -0.6722
vn -0.0009 -1.0000 0.0047
vn -0.0008 -1.0000 0.0016
vn 0.0005 -0.9989 -0.0467
vn -0.0001 -0.9997 -0.0241
vn -0.0254 0.1560 0.9874
vn 0.0019 0.9991 -0.0433
vn -0.0028 0.9907 0.1361
vn -0.0082 0.9386 0.3449
vn 0.0212 -0.5516 -0.8338
vn -0.0255 -0.1908 0.9813
vn -0.0170 -0.7725 0.6348
vn 0.0090 -0.9271 -0.3746
vn 0.0133 0.8712 -0.4908
vn -0.0144 0.8141 0.5806
vn 0.0162 0.7971 -0.6036
vn -0.0161 0.7648 0.6440
vn 0.0166 0.7854 -0.6188
vn -0.0168 0.7425 0.6696
vn 0.0065 -0.9607 -0.2777
vn 0.0002 0.9998 0.0200
vn 0.0164 0.7921 -0.6102
vn -0.0011 0.9974 0.0717
vn -0.0092 -0.9445 0.3285
vn -0.0043 0.9808 0.1950
vn -0.0124 -0.8902 0.4554
vn -0.0168 0.7424 0.6697
vn -0.0113 0.8858 0.4639
vn 0.0158 0.8091 -0.5875
vn -0.0150 -0.8313 0.5556
vn 0.0190 0.6997 -0.7142
vn 0.0027 0.9971 -0.0760
vn 0.0021 0.9987 -0.0506
vn 0.0024 0.9980 -0.0628
vn 0.0023 0.9983 -0.0583
vn 0.0022 0.9984 -0.0558
vn -0.0170 -0.7723 0.6350
vn -0.0198 0.6201 0.7843
vn -0.0258 -0.0821 0.9963
vn 0.0018 0.9991 -0.0422
vn 0.0156 0.8141 -0.5805
vn 0.0173 0.7636 -0.6455
vn -0.0242 0.3258 0.9451
vn 0.0256 -0.1297 -0.9912
vn -0.0004 -0.9999 -0.0135
vn 0.0020 -0.9944 -0.1054
vn -0.0013 -0.9998 0.0203
vn -0.0006 0.9987 0.0502
vn -0.0028 0.9906 0.1367
vn 0.0207 -0.5778 -0.8159
vn 0.0047 -0.9778 -0.2094
vn -0.0019 -0.9991 0.0435
vn 0.0072 0.9681 -0.2506
vn -0.0083 0.9375 0.3480
vn -0.0144 0.8158 0.5781
vn 0.0061 0.9778 -0.2096
vn -0.0146 0.8105 0.5855
vn -0.0024 -0.9980 0.0627
vn 0.0072 0.9679 -0.2512
vn -0.0024 -0.9980 0.0625
vn 0.0168 -0.7434 -0.6686
vn -0.0173 0.7243 0.6892
vn -0.0025 -0.9978 0.0661
vn -0.0123 0.8652 0.5013
vn -0.0024 -0.9979 0.0640
vn 0.0056 -0.9697 -0.2440
vn 0.0076 0.9637 -0.2669
vn -0.0014 -0.9996 0.0267
vn 0.0077 0.9627 -0.2706
vn -0.0205 0.5856 0.8104
vn 0.0077 0.9623 -0.2718
vn 0.0162 -0.7616 -0.6478
vn 0.0059 0.9802 -0.1981
vn -0.0033 0.9880 0.1546
vn 0.0018 0.9992 -0.0391
vn -0.0236 0.3844 0.9229
vn 0.0025 -0.9920 -0.1265
vn -0.0051 -0.9856 0.1690
vn 0.0085 -0.9350 -0.3544
vn 0.0148 -0.8039 -0.5946
vn -0.0071 -0.9691 0.2466
vn 0.0144 -0.8142 -0.5804
vn 0.0176 -0.7139 -0.7000
vn -0.0258 0.0481 0.9985
vn -0.0078 -0.9615 0.2747
vn -0.0210 -0.6082 0.7935
vn 0.0058 -0.9674 -0.2530
vn 0.0107 -0.8983 -0.4393
vn -0.0060 -0.9789 0.2041
vn 0.0054 -0.9716 -0.2366
vn -0.0183 0.6848 0.7285
vn 0.0029 0.9964 -0.0851
vn -0.0040 0.9830 0.1835
vn 0.0069 0.9710 -0.2391
vn -0.0119 0.8752 0.4837
vn -0.0171 0.7321 0.6810
vn -0.0198 0.6223 0.7826
vn 0.0083 0.9560 -0.2932
vn -0.0003 -0.9998 -0.0183
vn 0.0057 -0.9687 -0.2481
vn -0.0216 0.5265 0.8499
vn 0.0090 0.9477 -0.3189
vn -0.0062 -0.9770 0.2129
vn 0.0116 -0.8803 -0.4743
vn 0.0091 0.9457 -0.3250
vn 0.0160 -0.7676 -0.6407
vn 0.0093 0.9437 -0.3307
vn -0.0230 0.4331 0.9010
vn 0.0092 0.9449 -0.3273
vn -0.0081 -0.9582 0.2860
vn 0.0190 -0.6570 -0.7537
vn -0.0233 0.4096 0.9120
vn 0.0007 1.0000 0.0002
vn -0.0021 0.9938 0.1114
vn -0.0130 0.8506 0.5256
vn 0.0010 0.9999 -0.0105
vn 0.0038 0.9928 -0.1194
vn 0.0016 0.9994 -0.0336
vn 0.0014 0.9996 -0.0271
vn 0.0095 0.9403 -0.3401
vn 0.0015 0.9995 -0.0301
vn 0.0014 0.9997 -0.0249
vn 0.0010 1.0000 -0.0081
vn -0.0089 -0.9482 0.3176
vn 0.0001 0.9997 0.0258
vn -0.0178 0.7068 0.7072
vn 0.0200 0.6582 -0.7526
vn 0.0202 -0.6005 -0.7993
vn 0.0180 -0.6991 -0.7148
vn -0.0236 0.3806 0.9244
vn 0.0181 -0.6955 -0.7183
vn 0.0189 -0.6618 -0.7495
vn -0.0246 0.2863 0.9578
vn -0.0005 -0.9999 -0.0108
vn 0.0011 -0.9976 -0.0697
vn -0.0013 -0.9997 0.0234
vn -0.0011 -0.9999 0.0138
vn -0.0013 -0.9997 0.0229
vn -0.0015 -0.9996 0.0279
vn 0.0169 -0.7382 -0.6744
vn -0.0011 -0.9999 0.0153
vn 0.0145 -0.8126 -0.5826
vn 0.0048 -0.9766 -0.2151
vn -0.0008 -1.0000 0.0024
vn -0.0009 -1.0000 0.0051
vn -0.0008 -1.0000 0.0007
vn -0.0006 -1.0000 -0.0048
vn 0.0006 -0.9986 -0.0534
vn -0.0001 -0.9997 -0.0262
vn -0.0255 0.1329 0.9908
vn 0.0006 1.0000 0.0038
vn -0.0034 0.9874 0.1580
vn -0.0092 0.9236 0.3832
vn 0.0214 -0.5390 -0.8420
vn -0.0253 -0.2465 0.9688
vn 0.0176 -0.7144 -0.6995
vn 0.0164 -0.7567 -0.6536
vn -0.0158 -0.8088 0.5879
vn 0.0122 0.8954 -0.4451
vn 0.0120 -0.8713 -0.4905
vn -0.0150 0.7984 0.6020
vn 0.0162 0.7987 -0.6015
vn -0.0162 0.7621 0.6472
vn 0.0167 0.7815 -0.6236
vn -0.0168 0.7425 0.6697
vn 0.0047 -0.9778 -0.2096
vn 0.0164 0.7914 -0.6110
vn 0.0001 0.9997 0.0237
vn 0.0012 0.9999 -0.0163
vn -0.0013 0.9968 0.0799
vn 0.0011 0.9999 -0.0139
vn -0.0104 -0.9272 0.3744
vn -0.0168 0.7421 0.6701
vn 0.0017 0.9993 -0.0374
vn -0.0050 0.9754 0.2205
vn -0.0127 -0.8852 0.4650
vn 0.0159 0.8067 -0.5908
vn 0.0124 -0.8637 -0.5039
vn -0.0126 0.8600 0.5101
vn -0.0167 0.7438 0.6682
vn -0.0152 -0.8266 0.5626
vn 0.0253 -0.1907 -0.9813
vn 0.0035 0.9941 -0.1081
vn 0.0024 0.9980 -0.0626
vn 0.0023 0.9983 -0.0588
vn -0.0175 -0.7567 0.6535
vn -0.0208 0.5743 0.8184
vn 0.0019 0.9990 -0.0452
vn -0.0214 0.5394 0.8418
vn 0.0155 0.8165 -0.5772
vn 0.0169 0.7744 -0.6325
vn -0.0244 0.3108 0.9502
vn -0.0006 -1.0000 -0.0039
vn 0.0211 -0.5578 -0.8297
vn 0.0016 -0.9960 -0.0892
vn -0.0013 -0.9998 0.0197
vn -0.0006 0.9986 0.0524
vn -0.0014 -0.9997 0.0257
vn -0.0031 0.9889 0.1487
vn 0.0042 -0.9814 -0.1920
vn 0.0076 0.9636 -0.2673
vn -0.0020 -0.9988 0.0485
vn 0.0062 0.9771 -0.2127
vn -0.0144 0.8146 0.5799
vn -0.0094 0.9205 0.3907
vn -0.0146 0.8103 0.5858
vn 0.0071 0.9689 -0.2473
vn 0.0176 -0.7148 -0.6991
vn -0.0024 -0.9979 0.0642
vn -0.0180 0.6965 0.7173
vn -0.0024 -0.9978 0.0657
vn 0.0075 -0.9484 -0.3170
vn -0.0115 0.8828 0.4696
vn 0.0076 0.9637 -0.2670
vn -0.0010 -0.9999 0.0107
vn 0.0077 0.9627 -0.2703
vn -0.0208 0.5707 0.8209
vn 0.0163 -0.7576 -0.6526
vn 0.0062 0.9773 -0.2119
vn -0.0021 0.9939 0.1098
vn 0.0018 -0.9951 -0.0990
vn -0.0238 0.3632 0.9314
vn -0.0056 -0.9821 0.1884
vn 0.0077 -0.9463 -0.3231
vn 0.0150 -0.7973 -0.6034
vn 0.0139 -0.8277 -0.5610
vn -0.0072 -0.9677 0.2519
vn 0.0173 -0.7232 -0.6904
vn -0.0258 0.0222 0.9994
vn -0.0079 -0.9609 0.2767
vn -0.0185 -0.7180 0.6958
vn 0.0095 -0.9193 -0.3934
vn 0.0113 -0.8868 -0.4620
vn 0.0062 -0.9638 -0.2664
vn -0.0052 -0.9848 0.1736
vn 0.0021 0.9985 -0.0541
vn -0.0051 0.9747 0.2236
vn 0.0066 0.9735 -0.2288
vn -0.0125 0.8619 0.5069
vn -0.0176 0.7136 0.7004
vn 0.0082 0.9573 -0.2889
vn -0.0201 0.6081 0.7936
vn 0.0049 -0.9764 -0.2158
vn -0.0217 0.5182 0.8550
vn 0.0090 0.9477 -0.3190
vn 0.0111 -0.8913 -0.4532
vn -0.0067 -0.9726 0.2325
vn 0.0089 0.9480 -0.3181
vn 0.0091 0.9462 -0.3234
vn 0.0153 -0.7884 -0.6149
vn 0.0093 0.9436 -0.3309
vn -0.0232 0.4203 0.9071
vn 0.0092 0.9445 -0.3283
vn 0.0187 -0.6702 -0.7419
vn -0.0081 -0.9580 0.2867
vn -0.0232 0.4145 0.9097
vn 0.0006 1.0000 0.0062
vn -0.0034 0.9872 0.1592
vn -0.0067 0.9581 0.2864
vn 0.0012 0.9998 -0.0177
vn 0.0038 0.9928 -0.1196
vn 0.0094 0.9412 -0.3378
vn 0.0017 0.9994 -0.0356
vn 0.0014 0.9996 -0.0268
vn 0.0015 0.9996 -0.0294
vn 0.0014 0.9997 -0.0236
vn 0.0013 0.9997 -0.0225
vn 0.0014 0.9997 -0.0241
vn 0.0010 1.0000 -0.0092
vn 0.0002 0.9997 0.0226
vn 0.0168 0.7781 -0.6279
vn -0.0197 0.6270 0.7788
vn 0.0214 -0.5388 -0.8422
vn 0.0181 -0.6949 -0.7189
vn 0.0179 -0.7003 -0.7136
vn -0.0237 0.3727 0.9277
vn 0.0188 -0.6673 -0.7446
vn 0.0006 -0.9987 -0.0514
vn -0.0007 -1.0000 -0.0032
vn -0.0013 -0.9998 0.0214
vn -0.0011 -0.9999 0.0154
vn -0.0248 0.2624 0.9647
vn -0.0014 -0.9997 0.0240
vn -0.0014 -0.9996 0.0268
vn 0.0177 -0.7102 -0.7038
vn 0.0120 -0.8733 -0.4870
vn -0.0015 -0.9996 0.0282
vn -0.0011 -0.9999 0.0142
vn 0.0068 -0.9573 -0.2889
vn -0.0008 -1.0000 0.0028
vn -0.0009 -1.0000 0.0055
vn -0.0007 -1.0000 -0.0000
vn -0.0006 -1.0000 -0.0047
vn 0.0007 -0.9984 -0.0557
vn -0.0006 -1.0000 -0.0043
vn -0.0000 -0.9996 -0.0279
vn -0.0000 0.9996 0.0299
vn -0.0039 0.9839 0.1788
vn -0.0257 0.1025 0.9944
vn 0.0216 -0.5266 -0.8498
vn -0.0102 0.9083 0.4183
vn 0.0109 0.9193 -0.3934
vn -0.0248 -0.3140 0.9491
vn 0.0188 -0.6683 -0.7437
vn 0.0141 -0.8220 -0.5694
vn -0.0145 -0.8449 0.5347
vn -0.0154 0.7867 0.6171
vn 0.0161 0.8006 -0.5990
vn 0.0167 0.7814 -0.6238
vn -0.0163 0.7592 0.6506
vn 0.0164 0.7909 -0.6118
vn 0.0028 -0.9906 -0.1365
vn -0.0000 0.9996 0.0276
vn 0.0012 0.9999 -0.0170
vn -0.0016 0.9960 0.0898
vn 0.0011 0.9999 -0.0141
vn -0.0109 -0.9195 0.3929
vn -0.0057 0.9689 0.2474
vn 0.0160 0.8040 -0.5944
vn -0.0130 -0.8794 0.4758
vn 0.0121 -0.8695 -0.4937
vn 0.0022 0.9985 -0.0552
vn -0.0138 0.8307 0.5565
vn 0.0190 -0.6589 -0.7520
vn 0.0045 0.9896 -0.1436
vn 0.0018 0.9991 -0.0416
vn -0.0153 -0.8221 0.5691
vn 0.0023 0.9981 -0.0612
vn 0.0023 0.9982 -0.0593
vn -0.0177 -0.7493 0.6619
vn 0.0155 0.8172 -0.5761
vn 0.0020 0.9989 -0.0474
vn -0.0110 0.8924 0.4512
vn -0.0216 0.5266 0.8498
vn 0.0167 0.7837 -0.6210
vn -0.0245 0.2996 0.9538
vn 0.0215 -0.5322 -0.8463
vn 0.0012 -0.9972 -0.0754
vn -0.0012 -0.9998 0.0194
vn -0.0007 0.9984 0.0567
vn -0.0015 -0.9996 0.0292
vn -0.0033 0.9876 0.1568
vn 0.0039 -0.9840 -0.1784
vn 0.0085 0.9534 -0.3015
vn -0.0023 -0.9983 0.0585
vn 0.0063 0.9764 -0.2160
vn -0.0145 0.8132 0.5818
vn -0.0106 0.9009 0.4339
vn -0.0146 0.8101 0.5861
vn 0.0070 0.9700 -0.2432
vn 0.0183 -0.6868 -0.7267
vn -0.0024 -0.9979 0.0647
vn -0.0186 0.6747 0.7379
vn -0.0024 -0.9979 0.0652
vn 0.0094 -0.9216 -0.3880
vn -0.0005 -1.0000 -0.0085
vn 0.0077 0.9628 -0.2701
vn -0.0106 0.9008 0.4342
vn 0.0164 -0.7538 -0.6568
vn -0.0211 0.5541 0.8321
vn 0.0065 0.9745 -0.2244
vn 0.0026 0.9973 -0.0736
vn -0.0013 0.9969 0.0788
vn 0.0013 -0.9969 -0.0786
vn -0.0018 -0.9992 0.0403
vn 0.0069 -0.9561 -0.2931
vn -0.0241 0.3416 0.9395
vn 0.0152 -0.7922 -0.6101
vn -0.0060 -0.9788 0.2047
vn 0.0134 -0.8403 -0.5419
vn -0.0074 -0.9665 0.2565
vn 0.0170 -0.7337 -0.6792
vn -0.0259 -0.0152 0.9995
vn -0.0161 -0.8003 0.5993
vn -0.0079 -0.9604 0.2785
vn 0.0122 -0.8677 -0.4970
vn 0.0119 -0.8739 -0.4860
vn 0.0069 -0.9555 -0.2948
vn -0.0043 -0.9904 0.1380
vn 0.0013 0.9998 -0.0218
vn -0.0061 0.9644 0.2644
vn 0.0063 0.9763 -0.2163
vn -0.0131 0.8468 0.5318
vn -0.0180 0.6965 0.7174
vn 0.0081 0.9586 -0.2847
vn -0.0204 0.5939 0.8043
vn -0.0019 -0.9990 0.0441
vn 0.0041 -0.9828 -0.1848
vn 0.0105 -0.9020 -0.4315
vn -0.0219 0.5086 0.8607
vn 0.0089 0.9479 -0.3183
vn -0.0072 -0.9683 0.2495
vn 0.0090 0.9468 -0.3218
vn 0.0148 -0.8036 -0.5950
vn 0.0093 0.9436 -0.3311
vn 0.0092 0.9443 -0.3289
vn -0.0233 0.4083 0.9125
vn 0.0184 -0.6821 -0.7311
vn -0.0081 -0.9578 0.2874
vn 0.0004 0.9999 0.0127
vn 0.0094 0.9418 -0.3359
vn 0.0013 0.9997 -0.0232
vn -0.0049 0.9762 0.2167
vn -0.0036 0.9860 0.1665
vn 0.0038 0.9928 -0.1197
vn 0.0017 0.9993 -0.0380
vn 0.0014 0.9996 -0.0266
vn 0.0015 0.9996 -0.0288
vn 0.0014 0.9997 -0.0239
vn 0.0013 0.9997 -0.0223
vn 0.0010 0.9999 -0.0104
vn -0.0010 0.9978 0.0663
vn 0.0003 0.9998 0.0186
vn 0.0140 0.8553 -0.5180
vn -0.0213 0.5467 0.8370
vn 0.0227 -0.4532 -0.8911
vn 0.0182 -0.6902 -0.7234
vn 0.0178 -0.7061 -0.7079
vn -0.0238 0.3649 0.9307
vn 0.0187 -0.6720 -0.7403
vn 0.0003 -0.9991 -0.0414
vn -0.0010 -1.0000 0.0088
vn -0.0013 -0.9998 0.0198
vn -0.0012 -0.9999 0.0168
vn -0.0014 -0.9997 0.0253
vn -0.0249 0.2424 0.9698
vn 0.0095 -0.9192 -0.3936
vn 0.0182 -0.6903 -0.7233
vn -0.0015 -0.9996 0.0287
vn -0.0011 -0.9999 0.0132
vn 0.0090 -0.9279 -0.3727
vn -0.0008 -1.0000 0.0032
vn -0.0009 -1.0000 0.0061
vn -0.0007 -1.0000 -0.0008
vn -0.0006 -1.0000 -0.0046
vn 0.0008 -0.9982 -0.0597
vn -0.0003 0.9991 0.0415
vn -0.0044 0.9803 0.1974
vn -0.0258 0.0581 0.9980
vn 0.0218 -0.5136 -0.8577
vn 0.0094 0.9416 -0.3366
vn -0.0241 -0.3923 0.9195
vn 0.0195 -0.6366 -0.7710
vn -0.0110 0.8927 0.4505
vn 0.0155 -0.7837 -0.6210
vn -0.0124 -0.8919 0.4520
vn 0.0160 0.8029 -0.5959
vn -0.0156 0.7809 0.6245
vn 0.0166 0.7867 -0.6172
vn -0.0164 0.7559 0.6545
vn 0.0164 0.7903 -0.6125
vn 0.0008 -0.9982 -0.0595
vn -0.0001 0.9995 0.0320
vn 0.0010 0.9999 -0.0103
vn 0.0011 0.9999 -0.0143
vn -0.0019 0.9948 0.1016
vn 0.0015 0.9996 -0.0296
vn -0.0112 -0.9133 0.4070
vn -0.0168 0.7421 0.6700
vn -0.0064 0.9615 0.2748
vn 0.0161 0.8013 -0.5981
vn 0.0119 -0.8749 -0.4841
vn 0.0021 0.9985 -0.0542
vn -0.0133 -0.8723 0.4888
vn -0.0168 0.7428 0.6693
vn 0.0162 -0.7606 -0.6490
vn -0.0150 0.7986 0.6017
vn 0.0055 0.9828 -0.1847
vn 0.0016 0.9995 -0.0317
vn 0.0023 0.9982 -0.0599
vn -0.0155 -0.8176 0.5756
vn 0.0023 0.9982 -0.0598
vn 0.0155 0.8165 -0.5771
vn -0.0180 -0.7367 0.6760
vn 0.0020 0.9988 -0.0492
vn -0.0046 0.9785 0.2060
vn -0.0223 0.4804 0.8768
vn -0.0245 0.2950 0.9552
vn 0.0220 -0.4992 -0.8662
vn 0.0009 -0.9980 -0.0632
vn -0.0012 -0.9999 0.0165
vn -0.0009 0.9980 0.0639
vn -0.0016 -0.9995 0.0318
vn -0.0034 0.9869 0.1611
vn 0.0036 -0.9860 -0.1668
vn 0.0114 0.9096 -0.4152
vn 0.0064 0.9756 -0.2195
vn -0.0032 -0.9955 0.0943
vn -0.0145 0.8123 0.5831
vn 0.0169 -0.7366 -0.6761
vn -0.0146 0.8099 0.5864
vn 0.0069 0.9711 -0.2386
vn -0.0117 0.8787 0.4773
vn 0.0190 -0.6593 -0.7517
vn -0.0024 -0.9979 0.0654
vn -0.0024 -0.9979 0.0648
vn -0.0190 0.6565 0.7541
vn 0.0110 -0.8928 -0.4504
vn 0.0076 0.9637 -0.2671
vn -0.0024 -0.9979 0.0643
vn 0.0077 0.9629 -0.2697
vn 0.0165 -0.7504 -0.6608
vn 0.0001 -0.9995 -0.0317
vn 0.0077 0.9624 -0.2717
vn -0.0215 0.5350 0.8446
vn -0.0095 0.9186 0.3951
vn 0.0068 0.9718 -0.2357
vn 0.0031 0.9957 -0.0926
vn -0.0006 0.9986 0.0534
vn 0.0153 -0.7883 -0.6151
vn 0.0009 -0.9981 -0.0621
vn 0.0061 -0.9645 -0.2642
vn -0.0064 -0.9760 0.2176
vn -0.0243 0.3179 0.9478
vn 0.0129 -0.8518 -0.5237
vn -0.0075 -0.9654 0.2605
vn 0.0167 -0.7454 -0.6664
vn -0.0259 -0.0680 0.9974
vn 0.0126 -0.8601 -0.5099
vn 0.0141 -0.8214 -0.5702
vn -0.0140 -0.8557 0.5173
vn -0.0080 -0.9599 0.2802
vn 0.0076 -0.9468 -0.3218
vn -0.0033 -0.9952 0.0980
vt 0.996411 0.000000
vt 0.997846 0.000000
vt 0.997128 0.000000
vt 0.995693 0.000000
vt 0.998564 0.000000
vt 0.786791 0.000000
vt 0.788227 0.000000
vt 0.787509 0.000000
vt 0.788945 0.000000
vt 0.786073 0.000000
vt 0.789663 0.000000
vt 0.785355 0.000000
vt 0.790380 0.000000
vt 0.784637 0.000000
vt 0.791098 0.000000
vt 0.783920 0.000000
vt 0.791816 0.000000
vt 0.783202 0.000000
vt 0.792534 0.000000
vt 0.782484 0.000000
vt 0.793252 0.000000
vt 0.781766 0.000000
vt 0.793970 0.000000
vt 0.781048 0.000000
vt 0.794688 0.000000
vt 0.780330 0.000000
vt 0.795406 0.000000
vt 0.779612 0.000000
vt 0.796123 0.000000
vt 0.778894 0.000000
vt 0.796841 0.000000
vt 0.797559 0.000000
vt 0.798277 0.000000
vt 0.778177 0.000000
vt 0.798995 0.000000
vt 0.799713 0.000000
vt 0.777459 0.000000
vt 0.994975 0.000000
vt 0.999282 0.000000
vt 0.800431 0.000000
vt 0.801149 0.000000
vt 0.776741 0.000000
vt 0.801866 0.000000
vt 0.802584 0.000000
vt 0.776023 0.000000
vt 0.803302 0.000000
vt 0.804020 0.000000
vt 0.775305 0.000000
vt 0.804738 0.000000
vt 0.805456 0.000000
vt 0.774587 0.000000
vt 0.806174 0.000000
vt 0.806892 0.000000
vt 0.773869 0.000000
vt 0.807609 0.000000
vt 0.808327 0.000000
vt 0.773151 0.000000
vt 1.000000 0.000000
vt 0.809045 0.000000
vt 0.809763 0.000000
vt 0.772434 0.000000
vt 0.810481 0.000000
vt 0.811199 0.000000
vt 0.771716 0.000000
vt 0.811917 0.000000
vt 0.812635 0.000000
vt 0.770998 0.000000
vt 0.968413 0.000000
vt 0.969131 0.000000
vt 0.967696 0.000000
vt 0.969849 0.000000
vt 0.966978 0.000000
vt 0.966260 0.000000
vt 0.970567 0.000000
vt 0.813352 0.000000
vt 0.965542 0.000000
vt 0.971285 0.000000
vt 0.964824 0.000000
vt 0.964106 0.000000
vt 0.972003 0.000000
vt 0.963388 0.000000
vt 0.770280 0.000000
vt 0.962671 0.000000
vt 0.972721 0.000000
vt 0.814070 0.000000
vt 0.961953 0.000000
vt 0.973439 0.000000
vt 0.961235 0.000000
vt 0.960517 0.000000
vt 0.974156 0.000000
vt 0.814788 0.000000
vt 0.769562 0.000000
vt 0.959799 0.000000
vt 0.768844 0.000000
vt 0.768126 0.000000
vt 0.959081 0.000000
vt 0.767408 0.000000
vt 0.974874 0.000000
vt 0.766691 0.000000
vt 0.958363 0.000000
vt 0.765973 0.000000
vt 0.815506 0.000000
vt 0.765255 0.000000
vt 0.764537 0.000000
vt 0.957645 0.000000
vt 0.763819 0.000000
vt 0.975592 0.000000
vt 0.763101 0.000000
vt 0.762383 0.000000
vt 0.956927 0.000000
vt 0.761665 0.000000
vt 0.760948 0.000000
vt 0.816224 0.000000
vt 0.956210 0.000000
vt 0.760230 0.000000
vt 0.976310 0.000000
vt 0.955492 0.000000
vt 0.759512 0.000000
vt 0.816942 0.000000
vt 0.954774 0.000000
vt 0.758794 0.000000
vt 0.977028 0.000000
vt 0.954056 0.000000
vt 0.758076 0.000000
vt 0.817660 0.000000
vt 0.757358 0.000000
vt 0.953338 0.000000
vt 0.756640 0.000000
vt 0.755922 0.000000
vt 0.952620 0.000000
vt 0.977746 0.000000
vt 0.755205 0.000000
vt 0.818378 0.000000
vt 0.754487 0.000000
vt 0.951902 0.000000
vt 0.753769 0.000000
vt 0.753051 0.000000
vt 0.819095 0.000000
vt 0.951185 0.000000
vt 0.752333 0.000000
vt 0.751615 0.000000
vt 0.978464 0.000000
vt 0.950467 0.000000
vt 0.750897 0.000000
vt 0.750179 0.000000
vt 0.949749 0.000000
vt 0.819813 0.000000
vt 0.749462 0.000000
vt 0.748744 0.000000
vt 0.748026 0.000000
vt 0.979182 0.000000
vt 0.949031 0.000000
vt 0.747308 0.000000
vt 0.746590 0.000000
vt 0.745872 0.000000
vt 0.820531 0.000000
vt 0.745154 0.000000
vt 0.948313 0.000000
vt 0.744436 0.000000
vt 0.743719 0.000000
vt 0.979900 0.000000
vt 0.947595 0.000000
vt 0.821249 0.000000
vt 0.743001 0.000000
vt 0.946877 0.000000
vt 0.980617 0.000000
vt 0.821967 0.000000
vt 0.946159 0.000000
vt 0.742283 0.000000
vt 0.945441 0.000000
vt 0.981335 0.000000
vt 0.822685 0.000000
vt 0.944724 0.000000
vt 0.823403 0.000000
vt 0.741565 0.000000
vt 0.824121 0.000000
vt 0.944006 0.000000
vt 0.824838 0.000000
vt 0.982053 0.000000
vt 0.943288 0.000000
vt 0.825556 0.000000
vt 0.740847 0.000000
vt 0.826274 0.000000
vt 0.942570 0.000000
vt 0.826992 0.000000
vt 0.844939 0.000000
vt 0.846375 0.000000
vt 0.845657 0.000000
vt 0.844221 0.000000
vt 0.847093 0.000000
vt 0.843503 0.000000
vt 0.827710 0.000000
vt 0.982771 0.000000
vt 0.842785 0.000000
vt 0.847811 0.000000
vt 0.842067 0.000000
vt 0.848528 0.000000
vt 0.841350 0.000000
vt 0.828428 0.000000
vt 0.740129 0.000000
vt 0.840632 0.000000
vt 0.849246 0.000000
vt 0.839914 0.000000
vt 0.829146 0.000000
vt 0.839196 0.000000
vt 0.829864 0.000000
vt 0.830581 0.000000
vt 0.838478 0.000000
vt 0.831299 0.000000
vt 0.837760 0.000000
vt 0.849964 0.000000
vt 0.832017 0.000000
vt 0.837042 0.000000
vt 0.832735 0.000000
vt 0.836324 0.000000
vt 0.833453 0.000000
vt 0.835607 0.000000
vt 0.834171 0.000000
vt 0.834889 0.000000
vt 0.941852 0.000000
vt 0.941134 0.000000
vt 0.940416 0.000000
vt 0.939699 0.000000
vt 0.938981 0.000000
vt 0.938263 0.000000
vt 0.937545 0.000000
vt 0.936827 0.000000
vt 0.936109 0.000000
vt 0.935391 0.000000
vt 0.934673 0.000000
vt 0.933955 0.000000
vt 0.933238 0.000000
vt 0.983489 0.000000
vt 0.932520 0.000000
vt 0.931802 0.000000
vt 0.850682 0.000000
vt 0.931084 0.000000
vt 0.930366 0.000000
vt 0.739411 0.000000
vt 0.929648 0.000000
vt 0.928930 0.000000
vt 0.928212 0.000000
vt 0.927495 0.000000
vt 0.926777 0.000000
vt 0.926059 0.000000
vt 0.925341 0.000000
vt 0.924623 0.000000
vt 0.923905 0.000000
vt 0.923187 0.000000
vt 0.851400 0.000000
vt 0.922469 0.000000
vt 0.921752 0.000000
vt 0.921034 0.000000
vt 0.920316 0.000000
vt 0.984207 0.000000
vt 0.919598 0.000000
vt 0.738693 0.000000
vt 0.918880 0.000000
vt 0.918162 0.000000
vt 0.917444 0.000000
vt 0.916726 0.000000
vt 0.916009 0.000000
vt 0.915291 0.000000
vt 0.914573 0.000000
vt 0.913855 0.000000
vt 0.852118 0.000000
vt 0.913137 0.000000
vt 0.912419 0.000000
vt 0.911701 0.000000
vt 0.910984 0.000000
vt 0.910266 0.000000
vt 0.909548 0.000000
vt 0.908830 0.000000
vt 0.908112 0.000000
vt 0.907394 0.000000
vt 0.906676 0.000000
vt 0.905958 0.000000
vt 0.984925 0.000000
vt 0.905240 0.000000
vt 0.737976 0.000000
vt 0.904523 0.000000
vt 0.903805 0.000000
vt 0.903087 0.000000
vt 0.902369 0.000000
vt 0.901651 0.000000
vt 0.900933 0.000000
vt 0.900215 0.000000
vt 0.899498 0.000000
vt 0.898780 0.000000
vt 0.898062 0.000000
vt 0.897344 0.000000
vt 0.852836 0.000000
vt 0.896626 0.000000
vt 0.895908 0.000000
vt 0.985642 0.000000
vt 0.895190 0.000000
vt 0.894472 0.000000
vt 0.737258 0.000000
vt 0.893754 0.000000
vt 0.893037 0.000000
vt 0.892319 0.000000
vt 0.986360 0.000000
vt 0.891601 0.000000
vt 0.890883 0.000000
vt 0.987078 0.000000
vt 0.994257 0.000000
vt 0.987796 0.000000
vt 0.736540 0.000000
vt 0.993539 0.000000
vt 0.988514 0.000000
vt 0.992821 0.000000
vt 0.853553 0.000000
vt 0.989232 0.000000
vt 0.992103 0.000000
vt 0.989950 0.000000
vt 0.991386 0.000000
vt 0.990668 0.000000
vt 0.735822 0.000000
vt 0.735104 0.000000
vt 0.734386 0.000000
vt 0.854271 0.000000
vt 0.733668 0.000000
vt 0.732950 0.000000
vt 0.732233 0.000000
vt 0.854989 0.000000
vt 0.731515 0.000000
vt 0.730797 0.000000
vt 0.730079 0.000000
vt 0.855707 0.000000
vt 0.729361 0.000000
vt 0.728643 0.000000
vt 0.727925 0.000000
vt 0.856425 0.000000
vt 0.727207 0.000000
vt 0.726490 0.000000
vt 0.725772 0.000000
vt 0.725054 0.000000
vt 0.724336 0.000000
vt 0.723618 0.000000
vt 0.857143 0.000000
vt 0.722900 0.000000
vt 0.722182 0.000000
vt 0.857861 0.000000
vt 0.721464 0.000000
vt 0.720747 0.000000
vt 0.858579 0.000000
vt 0.720029 0.000000
vt 0.719311 0.000000
vt 0.859297 0.000000
vt 0.718593 0.000000
vt 0.717875 0.000000
vt 0.717157 0.000000
vt 0.860014 0.000000
vt 0.716439 0.000000
vt 0.715721 0.000000
vt 0.860732 0.000000
vt 0.715004 0.000000
vt 0.861450 0.000000
vt 0.714286 0.000000
vt 0.713568 0.000000
vt 0.862168 0.000000
vt 0.712850 0.000000
vt 0.712132 0.000000
vt 0.862886 0.000000
vt 0.711414 0.000000
vt 0.863604 0.000000
vt 0.710696 0.000000
vt 0.709978 0.000000
vt 0.864322 0.000000
vt 0.709261 0.000000
vt 0.865039 0.000000
vt 0.708543 0.000000
vt 0.610194 0.000000
vt 0.609476 0.000000
vt 0.608758 0.000000
vt 0.608040 0.000000
vt 0.865757 0.000000
vt 0.610912 0.000000
vt 0.611630 0.000000
vt 0.612347 0.000000
vt 0.607322 0.000000
vt 0.613065 0.000000
vt 0.606604 0.000000
vt 0.613783 0.000000
vt 0.605887 0.000000
vt 0.614501 0.000000
vt 0.615219 0.000000
vt 0.615937 0.000000
vt 0.616655 0.000000
vt 0.617373 0.000000
vt 0.618090 0.000000
vt 0.618808 0.000000
vt 0.619526 0.000000
vt 0.707825 0.000000
vt 0.620244 0.000000
vt 0.605169 0.000000
vt 0.620962 0.000000
vt 0.621680 0.000000
vt 0.622398 0.000000
vt 0.623116 0.000000
vt 0.623833 0.000000
vt 0.624551 0.000000
vt 0.625269 0.000000
vt 0.866475 0.000000
vt 0.625987 0.000000
vt 0.626705 0.000000
vt 0.627423 0.000000
vt 0.604451 0.000000
vt 0.628141 0.000000
vt 0.628859 0.000000
vt 0.629576 0.000000
vt 0.630294 0.000000
vt 0.631012 0.000000
vt 0.631730 0.000000
vt 0.632448 0.000000
vt 0.633166 0.000000
vt 0.633884 0.000000
vt 0.603733 0.000000
vt 0.634602 0.000000
vt 0.707107 0.000000
vt 0.635319 0.000000
vt 0.636037 0.000000
vt 0.636755 0.000000
vt 0.637473 0.000000
vt 0.638191 0.000000
vt 0.638909 0.000000
vt 0.603015 0.000000
vt 0.639627 0.000000
vt 0.867193 0.000000
vt 0.640345 0.000000
vt 0.641062 0.000000
vt 0.706389 0.000000
vt 0.641780 0.000000
vt 0.642498 0.000000
vt 0.643216 0.000000
vt 0.602297 0.000000
vt 0.643934 0.000000
vt 0.705671 0.000000
vt 0.644652 0.000000
vt 0.645370 0.000000
vt 0.646088 0.000000
vt 0.704953 0.000000
vt 0.646805 0.000000
vt 0.867911 0.000000
vt 0.647523 0.000000
vt 0.601579 0.000000
vt 0.648241 0.000000
vt 0.704235 0.000000
vt 0.648959 0.000000
vt 0.649677 0.000000
vt 0.650395 0.000000
vt 0.703518 0.000000
vt 0.651113 0.000000
vt 0.651831 0.000000
vt 0.702800 0.000000
vt 0.652548 0.000000
vt 0.702082 0.000000
vt 0.653266 0.000000
vt 0.701364 0.000000
vt 0.600861 0.000000
vt 0.653984 0.000000
vt 0.700646 0.000000
vt 0.868629 0.000000
vt 0.654702 0.000000
vt 0.699928 0.000000
vt 0.655420 0.000000
vt 0.656138 0.000000
vt 0.699210 0.000000
vt 0.656856 0.000000
vt 0.698492 0.000000
vt 0.657574 0.000000
vt 0.697775 0.000000
vt 0.658291 0.000000
vt 0.659009 0.000000
vt 0.600144 0.000000
vt 0.659727 0.000000
vt 0.697057 0.000000
vt 0.660445 0.000000
vt 0.661163 0.000000
vt 0.661881 0.000000
vt 0.662599 0.000000
vt 0.663317 0.000000
vt 0.664034 0.000000
vt 0.696339 0.000000
vt 0.664752 0.000000
vt 0.665470 0.000000
vt 0.666188 0.000000
vt 0.666906 0.000000
vt 0.667624 0.000000
vt 0.668342 0.000000
vt 0.669060 0.000000
vt 0.669777 0.000000
vt 0.695621 0.000000
vt 0.670495 0.000000
vt 0.671213 0.000000
vt 0.671931 0.000000
vt 0.869347 0.000000
vt 0.672649 0.000000
vt 0.673367 0.000000
vt 0.674085 0.000000
vt 0.694903 0.000000
vt 0.674803 0.000000
vt 0.675520 0.000000
vt 0.676238 0.000000
vt 0.676956 0.000000
vt 0.677674 0.000000
vt 0.694185 0.000000
vt 0.678392 0.000000
vt 0.679110 0.000000
vt 0.679828 0.000000
vt 0.693467 0.000000
vt 0.680546 0.000000
vt 0.681263 0.000000
vt 0.681981 0.000000
vt 0.692749 0.000000
vt 0.682699 0.000000
vt 0.683417 0.000000
vt 0.684135 0.000000
vt 0.692032 0.000000
vt 0.684853 0.000000
vt 0.691314 0.000000
vt 0.685571 0.000000
vt 0.690596 0.000000
vt 0.686289 0.000000
vt 0.689878 0.000000
vt 0.687006 0.000000
vt 0.689160 0.000000
vt 0.687724 0.000000
vt 0.688442 0.000000
vt 0.599426 0.000000
vt 0.870065 0.000000
vt 0.598708 0.000000
vt 0.870782 0.000000
vt 0.871500 0.000000
vt 0.147164 0.000000
vt 0.148600 0.000000
vt 0.147882 0.000000
vt 0.149318 0.000000
vt 0.597990 0.000000
vt 0.150036 0.000000
vt 0.150754 0.000000
vt 0.146447 0.000000
vt 0.151472 0.000000
vt 0.152190 0.000000
vt 0.152907 0.000000
vt 0.145729 0.000000
vt 0.153625 0.000000
vt 0.154343 0.000000
vt 0.155061 0.000000
vt 0.872218 0.000000
vt 0.145011 0.000000
vt 0.155779 0.000000
vt 0.156497 0.000000
vt 0.157215 0.000000
vt 0.144293 0.000000
vt 0.157933 0.000000
vt 0.872936 0.000000
vt 0.143575 0.000000
vt 0.158650 0.000000
vt 0.597272 0.000000
vt 0.596554 0.000000
vt 0.873654 0.000000
vt 0.595836 0.000000
vt 0.142857 0.000000
vt 0.159368 0.000000
vt 0.595118 0.000000
vt 0.874372 0.000000
vt 0.594401 0.000000
vt 0.875090 0.000000
vt 0.593683 0.000000
vt 0.160086 0.000000
vt 0.875808 0.000000
vt 0.592965 0.000000
vt 0.142139 0.000000
vt 0.876525 0.000000
vt 0.592247 0.000000
vt 0.877243 0.000000
vt 0.591529 0.000000
vt 0.877961 0.000000
vt 0.878679 0.000000
vt 0.590811 0.000000
vt 0.160804 0.000000
vt 0.879397 0.000000
vt 0.590093 0.000000
vt 0.880115 0.000000
vt 0.589375 0.000000
vt 0.880833 0.000000
vt 0.890165 0.000000
vt 0.881551 0.000000
vt 0.882268 0.000000
vt 0.889447 0.000000
vt 0.882986 0.000000
vt 0.888729 0.000000
vt 0.883704 0.000000
vt 0.141421 0.000000
vt 0.888012 0.000000
vt 0.884422 0.000000
vt 0.887294 0.000000
vt 0.885140 0.000000
vt 0.885858 0.000000
vt 0.886576 0.000000
vt 0.161522 0.000000
vt 0.162240 0.000000
vt 0.140704 0.000000
vt 0.162958 0.000000
vt 0.139986 0.000000
vt 0.163676 0.000000
vt 0.139268 0.000000
vt 0.164393 0.000000
vt 0.165111 0.000000
vt 0.138550 0.000000
vt 0.137832 0.000000
vt 0.137114 0.000000
vt 0.165829 0.000000
vt 0.166547 0.000000
vt 0.136396 0.000000
vt 0.167265 0.000000
vt 0.135678 0.000000
vt 0.134961 0.000000
vt 0.167983 0.000000
vt 0.134243 0.000000
vt 0.168701 0.000000
vt 0.133525 0.000000
vt 0.169419 0.000000
vt 0.132807 0.000000
vt 0.170136 0.000000
vt 0.132089 0.000000
vt 0.170854 0.000000
vt 0.131371 0.000000
vt 0.130653 0.000000
vt 0.171572 0.000000
vt 0.129935 0.000000
vt 0.129218 0.000000
vt 0.172290 0.000000
vt 0.128500 0.000000
vt 0.127782 0.000000
vt 0.173008 0.000000
vt 0.127064 0.000000
vt 0.173726 0.000000
vt 0.126346 0.000000
vt 0.174444 0.000000
vt 0.125628 0.000000
vt 0.175162 0.000000
vt 0.175879 0.000000
vt 0.124910 0.000000
vt 0.551328 0.000000
vt 0.176597 0.000000
vt 0.552046 0.000000
vt 0.550610 0.000000
vt 0.549892 0.000000
vt 0.552764 0.000000
vt 0.177315 0.000000
vt 0.549174 0.000000
vt 0.553482 0.000000
vt 0.124192 0.000000
vt 0.178033 0.000000
vt 0.548457 0.000000
vt 0.554200 0.000000
vt 0.178751 0.000000
vt 0.222541 0.000000
vt 0.223977 0.000000
vt 0.223259 0.000000
vt 0.221823 0.000000
vt 0.224695 0.000000
vt 0.221106 0.000000
vt 0.123475 0.000000
vt 0.225413 0.000000
vt 0.220388 0.000000
vt 0.226131 0.000000
vt 0.219670 0.000000
vt 0.226849 0.000000
vt 0.218952 0.000000
vt 0.218234 0.000000
vt 0.227566 0.000000
vt 0.217516 0.000000
vt 0.547739 0.000000
vt 0.179469 0.000000
vt 0.216798 0.000000
vt 0.216080 0.000000
vt 0.228284 0.000000
vt 0.215363 0.000000
vt 0.214645 0.000000
vt 0.554917 0.000000
vt 0.213927 0.000000
vt 0.213209 0.000000
vt 0.229002 0.000000
vt 0.212491 0.000000
vt 0.211773 0.000000
vt 0.211055 0.000000
vt 0.180187 0.000000
vt 0.210337 0.000000
vt 0.229720 0.000000
vt 0.122757 0.000000
vt 0.209620 0.000000
vt 0.208902 0.000000
vt 0.208184 0.000000
vt 0.230438 0.000000
vt 0.207466 0.000000
vt 0.231156 0.000000
vt 0.180905 0.000000
vt 0.547021 0.000000
vt 0.206748 0.000000
vt 0.231874 0.000000
vt 0.122039 0.000000
vt 0.555635 0.000000
vt 0.206030 0.000000
vt 0.181622 0.000000
vt 0.232592 0.000000
vt 0.556353 0.000000
vt 0.205312 0.000000
vt 0.233309 0.000000
vt 0.557071 0.000000
vt 0.121321 0.000000
vt 0.182340 0.000000
vt 0.204594 0.000000
vt 0.234027 0.000000
vt 0.557789 0.000000
vt 0.183058 0.000000
vt 0.203877 0.000000
vt 0.546303 0.000000
vt 0.234745 0.000000
vt 0.558507 0.000000
vt 0.120603 0.000000
vt 0.183776 0.000000
vt 0.203159 0.000000
vt 0.235463 0.000000
vt 0.559225 0.000000
vt 0.184494 0.000000
vt 0.202441 0.000000
vt 0.559943 0.000000
vt 0.236181 0.000000
vt 0.119885 0.000000
vt 0.185212 0.000000
vt 0.201723 0.000000
vt 0.560660 0.000000
vt 0.236899 0.000000
vt 0.185930 0.000000
vt 0.545585 0.000000
vt 0.561378 0.000000
vt 0.201005 0.000000
vt 0.186648 0.000000
vt 0.119167 0.000000
vt 0.237617 0.000000
vt 0.544867 0.000000
vt 0.562096 0.000000
vt 0.187365 0.000000
vt 0.200287 0.000000
vt 0.562814 0.000000
vt 0.544149 0.000000
vt 0.188083 0.000000
vt 0.238335 0.000000
vt 0.118449 0.000000
vt 0.188801 0.000000
vt 0.563532 0.000000
vt 0.543431 0.000000
vt 0.199569 0.000000
vt 0.189519 0.000000
vt 0.564250 0.000000
vt 0.239052 0.000000
vt 0.190237 0.000000
vt 0.190955 0.000000
vt 0.542714 0.000000
vt 0.191673 0.000000
vt 0.192391 0.000000
vt 0.193108 0.000000
vt 0.193826 0.000000
vt 0.194544 0.000000
vt 0.117732 0.000000
vt 0.564968 0.000000
vt 0.195262 0.000000
vt 0.195980 0.000000
vt 0.196698 0.000000
vt 0.541996 0.000000
vt 0.239770 0.000000
vt 0.197416 0.000000
vt 0.198134 0.000000
vt 0.198851 0.000000
vt 0.565686 0.000000
vt 0.541278 0.000000
vt 0.117014 0.000000
vt 0.240488 0.000000
vt 0.540560 0.000000
vt 0.566403 0.000000
vt 0.539842 0.000000
vt 0.539124 0.000000
vt 0.241206 0.000000
vt 0.538406 0.000000
vt 0.567121 0.000000
vt 0.537688 0.000000
vt 0.116296 0.000000
vt 0.536971 0.000000
vt 0.536253 0.000000
vt 0.535535 0.000000
vt 0.534817 0.000000
vt 0.534099 0.000000
vt 0.533381 0.000000
vt 0.532663 0.000000
vt 0.531945 0.000000
vt 0.531228 0.000000
vt 0.530510 0.000000
vt 0.529792 0.000000
vt 0.529074 0.000000
vt 0.528356 0.000000
vt 0.527638 0.000000
vt 0.526920 0.000000
vt 0.526202 0.000000
vt 0.525485 0.000000
vt 0.524767 0.000000
vt 0.567839 0.000000
vt 0.524049 0.000000
vt 0.523331 0.000000
vt 0.241924 0.000000
vt 0.522613 0.000000
vt 0.521895 0.000000
vt 0.521177 0.000000
vt 0.520459 0.000000
vt 0.115578 0.000000
vt 0.519742 0.000000
vt 0.568557 0.000000
vt 0.519024 0.000000
vt 0.518306 0.000000
vt 0.517588 0.000000
vt 0.242642 0.000000
vt 0.516870 0.000000
vt 0.516152 0.000000
vt 0.569275 0.000000
vt 0.515434 0.000000
vt 0.514716 0.000000
vt 0.513999 0.000000
vt 0.114860 0.000000
vt 0.513281 0.000000
vt 0.512563 0.000000
vt 0.569993 0.000000
vt 0.511845 0.000000
vt 0.243360 0.000000
vt 0.511127 0.000000
vt 0.510409 0.000000
vt 0.509691 0.000000
vt 0.508973 0.000000
vt 0.508256 0.000000
vt 0.570711 0.000000
vt 0.507538 0.000000
vt 0.506820 0.000000
vt 0.506102 0.000000
vt 0.505384 0.000000
vt 0.114142 0.000000
vt 0.504666 0.000000
vt 0.244078 0.000000
vt 0.571429 0.000000
vt 0.503948 0.000000
vt 0.503230 0.000000
vt 0.502513 0.000000
vt 0.501795 0.000000
vt 0.501077 0.000000
vt 0.572146 0.000000
vt 0.500359 0.000000
vt 0.499641 0.000000
vt 0.498923 0.000000
vt 0.244795 0.000000
vt 0.498205 0.000000
vt 0.572864 0.000000
vt 0.497487 0.000000
vt 0.496770 0.000000
vt 0.573582 0.000000
vt 0.496052 0.000000
vt 0.495334 0.000000
vt 0.574300 0.000000
vt 0.494616 0.000000
vt 0.113424 0.000000
vt 0.588658 0.000000
vt 0.575018 0.000000
vt 0.587940 0.000000
vt 0.587222 0.000000
vt 0.575736 0.000000
vt 0.586504 0.000000
vt 0.245513 0.000000
vt 0.576454 0.000000
vt 0.585786 0.000000
vt 0.585068 0.000000
vt 0.577172 0.000000
vt 0.584350 0.000000
vt 0.577889 0.000000
vt 0.583632 0.000000
vt 0.578607 0.000000
vt 0.582915 0.000000
vt 0.579325 0.000000
vt 0.582197 0.000000
vt 0.580043 0.000000
vt 0.581479 0.000000
vt 0.580761 0.000000
vt 0.246231 0.000000
vt 0.112706 0.000000
vt 0.246949 0.000000
vt 0.111989 0.000000
vt 0.247667 0.000000
vt 0.111271 0.000000
vt 0.110553 0.000000
vt 0.248385 0.000000
vt 0.109835 0.000000
vt 0.109117 0.000000
vt 0.249103 0.000000
vt 0.108399 0.000000
vt 0.107681 0.000000
vt 0.249821 0.000000
vt 0.106963 0.000000
vt 0.106246 0.000000
vt 0.105528 0.000000
vt 0.250538 0.000000
vt 0.104810 0.000000
vt 0.104092 0.000000
vt 0.251256 0.000000
vt 0.103374 0.000000
vt 0.102656 0.000000
vt 0.101938 0.000000
vt 0.101220 0.000000
vt 0.100503 0.000000
vt 0.099785 0.000000
vt 0.099067 0.000000
vt 0.098349 0.000000
vt 0.251974 0.000000
vt 0.097631 0.000000
vt 0.096913 0.000000
vt 0.096195 0.000000
vt 0.095477 0.000000
vt 0.094760 0.000000
vt 0.094042 0.000000
vt 0.093324 0.000000
vt 0.092606 0.000000
vt 0.252692 0.000000
vt 0.253410 0.000000
vt 0.254128 0.000000
vt 0.091888 0.000000
vt 0.254846 0.000000
vt 0.255564 0.000000
vt 0.091170 0.000000
vt 0.256281 0.000000
vt 0.256999 0.000000
vt 0.090452 0.000000
vt 0.438622 0.000000
vt 0.437904 0.000000
vt 0.257717 0.000000
vt 0.439340 0.000000
vt 0.437186 0.000000
vt 0.440057 0.000000
vt 0.436468 0.000000
vt 0.440775 0.000000
vt 0.435750 0.000000
vt 0.441493 0.000000
vt 0.258435 0.000000
vt 0.435032 0.000000
vt 0.442211 0.000000
vt 0.259153 0.000000
vt 0.089734 0.000000
vt 0.434314 0.000000
vt 0.442929 0.000000
vt 0.443647 0.000000
vt 0.444365 0.000000
vt 0.445083 0.000000
vt 0.259871 0.000000
vt 0.445800 0.000000
vt 0.446518 0.000000
vt 0.447236 0.000000
vt 0.447954 0.000000
vt 0.433597 0.000000
vt 0.448672 0.000000
vt 0.449390 0.000000
vt 0.260589 0.000000
vt 0.450108 0.000000
vt 0.450826 0.000000
vt 0.451543 0.000000
vt 0.261307 0.000000
vt 0.262024 0.000000
vt 0.262742 0.000000
vt 0.452261 0.000000
vt 0.263460 0.000000
vt 0.264178 0.000000
vt 0.432879 0.000000
vt 0.264896 0.000000
vt 0.265614 0.000000
vt 0.266332 0.000000
vt 0.432161 0.000000
vt 0.452979 0.000000
vt 0.267050 0.000000
vt 0.267767 0.000000
vt 0.089017 0.000000
vt 0.268485 0.000000
vt 0.431443 0.000000
vt 0.269203 0.000000
vt 0.453697 0.000000
vt 0.430725 0.000000
vt 0.269921 0.000000
vt 0.270639 0.000000
vt 0.430007 0.000000
vt 0.454415 0.000000
vt 0.429289 0.000000
vt 0.455133 0.000000
vt 0.271357 0.000000
vt 0.428571 0.000000
vt 0.088299 0.000000
vt 0.427854 0.000000
vt 0.455851 0.000000
vt 0.427136 0.000000
vt 0.272075 0.000000
vt 0.456569 0.000000
vt 0.426418 0.000000
vt 0.425700 0.000000
vt 0.457286 0.000000
vt 0.424982 0.000000
vt 0.424264 0.000000
vt 0.423546 0.000000
vt 0.422828 0.000000
vt 0.272793 0.000000
vt 0.422111 0.000000
vt 0.087581 0.000000
vt 0.458004 0.000000
vt 0.421393 0.000000
vt 0.420675 0.000000
vt 0.419957 0.000000
vt 0.458722 0.000000
vt 0.419239 0.000000
vt 0.418521 0.000000
vt 0.459440 0.000000
vt 0.417803 0.000000
vt 0.460158 0.000000
vt 0.460876 0.000000
vt 0.461594 0.000000
vt 0.462312 0.000000
vt 0.463029 0.000000
vt 0.417085 0.000000
vt 0.463747 0.000000
vt 0.464465 0.000000
vt 0.465183 0.000000
vt 0.273510 0.000000
vt 0.465901 0.000000
vt 0.466619 0.000000
vt 0.467337 0.000000
vt 0.468055 0.000000
vt 0.468772 0.000000
vt 0.416368 0.000000
vt 0.415650 0.000000
vt 0.086863 0.000000
vt 0.469490 0.000000
vt 0.414932 0.000000
vt 0.470208 0.000000
vt 0.274228 0.000000
vt 0.470926 0.000000
vt 0.471644 0.000000
vt 0.472362 0.000000
vt 0.414214 0.000000
vt 0.034458 0.000000
vt 0.473080 0.000000
vt 0.035176 0.000000
vt 0.033740 0.000000
vt 0.473798 0.000000
vt 0.033022 0.000000
vt 0.274946 0.000000
vt 0.086145 0.000000
vt 0.474515 0.000000
vt 0.032304 0.000000
vt 0.413496 0.000000
vt 0.475233 0.000000
vt 0.031587 0.000000
vt 0.475951 0.000000
vt 0.030869 0.000000
vt 0.476669 0.000000
vt 0.412778 0.000000
vt 0.275664 0.000000
vt 0.035894 0.000000
vt 0.030151 0.000000
vt 0.477387 0.000000
vt 0.036612 0.000000
vt 0.085427 0.000000
vt 0.478105 0.000000
vt 0.037330 0.000000
vt 0.029433 0.000000
vt 0.412060 0.000000
vt 0.038047 0.000000
vt 0.038765 0.000000
vt 0.028715 0.000000
vt 0.276382 0.000000
vt 0.039483 0.000000
vt 0.027997 0.000000
vt 0.411342 0.000000
vt 0.040201 0.000000
vt 0.084709 0.000000
vt 0.027279 0.000000
vt 0.040919 0.000000
vt 0.026561 0.000000
vt 0.041637 0.000000
vt 0.277100 0.000000
vt 0.025844 0.000000
vt 0.410625 0.000000
vt 0.025126 0.000000
vt 0.042355 0.000000
vt 0.083991 0.000000
vt 0.043073 0.000000
vt 0.478823 0.000000
vt 0.409907 0.000000
vt 0.043790 0.000000
vt 0.277818 0.000000
vt 0.044508 0.000000
vt 0.045226 0.000000
vt 0.083274 0.000000
vt 0.409189 0.000000
vt 0.045944 0.000000
vt 0.024408 0.000000
vt 0.046662 0.000000
vt 0.047380 0.000000
vt 0.278536 0.000000
vt 0.082556 0.000000
vt 0.408471 0.000000
vt 0.048098 0.000000
vt 0.479541 0.000000
vt 0.048816 0.000000
vt 0.049533 0.000000
vt 0.050251 0.000000
vt 0.081838 0.000000
vt 0.050969 0.000000
vt 0.407753 0.000000
vt 0.051687 0.000000
vt 0.023690 0.000000
vt 0.279253 0.000000
vt 0.052405 0.000000
vt 0.053123 0.000000
vt 0.053841 0.000000
vt 0.279971 0.000000
vt 0.054559 0.000000
vt 0.081120 0.000000
vt 0.055276 0.000000
vt 0.055994 0.000000
vt 0.407035 0.000000
vt 0.280689 0.000000
vt 0.056712 0.000000
vt 0.057430 0.000000
vt 0.406317 0.000000
vt 0.480258 0.000000
vt 0.058148 0.000000
vt 0.080402 0.000000
vt 0.281407 0.000000
vt 0.405599 0.000000
vt 0.058866 0.000000
vt 0.059584 0.000000
vt 0.404882 0.000000
vt 0.060302 0.000000
vt 0.022972 0.000000
vt 0.282125 0.000000
vt 0.079684 0.000000
vt 0.061019 0.000000
vt 0.404164 0.000000
vt 0.061737 0.000000
vt 0.062455 0.000000
vt 0.403446 0.000000
vt 0.063173 0.000000
vt 0.063891 0.000000
vt 0.282843 0.000000
vt 0.064609 0.000000
vt 0.078966 0.000000
vt 0.402728 0.000000
vt 0.065327 0.000000
vt 0.066045 0.000000
vt 0.402010 0.000000
vt 0.066762 0.000000
vt 0.067480 0.000000
vt 0.401292 0.000000
vt 0.068198 0.000000
vt 0.078248 0.000000
vt 0.068916 0.000000
vt 0.283561 0.000000
vt 0.400574 0.000000
vt 0.069634 0.000000
vt 0.480976 0.000000
vt 0.070352 0.000000
vt 0.399856 0.000000
vt 0.077531 0.000000
vt 0.399139 0.000000
vt 0.071070 0.000000
vt 0.398421 0.000000
vt 0.076813 0.000000
vt 0.397703 0.000000
vt 0.071788 0.000000
vt 0.396985 0.000000
vt 0.076095 0.000000
vt 0.396267 0.000000
vt 0.072505 0.000000
vt 0.075377 0.000000
vt 0.395549 0.000000
vt 0.073223 0.000000
vt 0.284279 0.000000
vt 0.022254 0.000000
vt 0.074659 0.000000
vt 0.073941 0.000000
vt 0.394831 0.000000
vt 0.394113 0.000000
vt 0.393396 0.000000
vt 0.392678 0.000000
vt 0.391960 0.000000
vt 0.391242 0.000000
vt 0.390524 0.000000
vt 0.284996 0.000000
vt 0.389806 0.000000
vt 0.389088 0.000000
vt 0.388370 0.000000
vt 0.387653 0.000000
vt 0.386935 0.000000
vt 0.481694 0.000000
vt 0.285714 0.000000
vt 0.386217 0.000000
vt 0.385499 0.000000
vt 0.384781 0.000000
vt 0.021536 0.000000
vt 0.384063 0.000000
vt 0.286432 0.000000
vt 0.383345 0.000000
vt 0.382627 0.000000
vt 0.381910 0.000000
vt 0.287150 0.000000
vt 0.381192 0.000000
vt 0.482412 0.000000
vt 0.287868 0.000000
vt 0.380474 0.000000
vt 0.020818 0.000000
vt 0.379756 0.000000
vt 0.483130 0.000000
vt 0.379038 0.000000
vt 0.288586 0.000000
vt 0.378320 0.000000
vt 0.020101 0.000000
vt 0.483848 0.000000
vt 0.377602 0.000000
vt 0.376884 0.000000
vt 0.376167 0.000000
vt 0.484566 0.000000
vt 0.289304 0.000000
vt 0.375449 0.000000
vt 0.019383 0.000000
vt 0.374731 0.000000
vt 0.485284 0.000000
vt 0.374013 0.000000
vt 0.373295 0.000000
vt 0.493898 0.000000
vt 0.486001 0.000000
vt 0.493180 0.000000
vt 0.492462 0.000000
vt 0.491744 0.000000
vt 0.491027 0.000000
vt 0.018665 0.000000
vt 0.486719 0.000000
vt 0.490309 0.000000
vt 0.487437 0.000000
vt 0.489591 0.000000
vt 0.488155 0.000000
vt 0.488873 0.000000
vt 0.290022 0.000000
vt 0.017947 0.000000
vt 0.290739 0.000000
vt 0.017229 0.000000
vt 0.334530 0.000000
vt 0.016511 0.000000
vt 0.335248 0.000000
vt 0.333812 0.000000
vt 0.335966 0.000000
vt 0.333094 0.000000
vt 0.336683 0.000000
vt 0.332376 0.000000
vt 0.337401 0.000000
vt 0.331658 0.000000
vt 0.338119 0.000000
vt 0.330940 0.000000
vt 0.291457 0.000000
vt 0.338837 0.000000
vt 0.330223 0.000000
vt 0.339555 0.000000
vt 0.329505 0.000000
vt 0.340273 0.000000
vt 0.328787 0.000000
vt 0.340991 0.000000
vt 0.328069 0.000000
vt 0.341709 0.000000
vt 0.327351 0.000000
vt 0.342426 0.000000
vt 0.326633 0.000000
vt 0.343144 0.000000
vt 0.325915 0.000000
vt 0.292175 0.000000
vt 0.015793 0.000000
vt 0.343862 0.000000
vt 0.325197 0.000000
vt 0.344580 0.000000
vt 0.324480 0.000000
vt 0.345298 0.000000
vt 0.323762 0.000000
vt 0.292893 0.000000
vt 0.346016 0.000000
vt 0.323044 0.000000
vt 0.015075 0.000000
vt 0.322326 0.000000
vt 0.346734 0.000000
vt 0.321608 0.000000
vt 0.293611 0.000000
vt 0.347452 0.000000
vt 0.014358 0.000000
vt 0.320890 0.000000
vt 0.320172 0.000000
vt 0.319454 0.000000
vt 0.348169 0.000000
vt 0.318737 0.000000
vt 0.294329 0.000000
vt 0.348887 0.000000
vt 0.318019 0.000000
vt 0.013640 0.000000
vt 0.317301 0.000000
vt 0.349605 0.000000
vt 0.316583 0.000000
vt 0.350323 0.000000
vt 0.315865 0.000000
vt 0.295047 0.000000
vt 0.351041 0.000000
vt 0.315147 0.000000
vt 0.012922 0.000000
vt 0.314429 0.000000
vt 0.351759 0.000000
vt 0.295765 0.000000
vt 0.313711 0.000000
vt 0.352477 0.000000
vt 0.012204 0.000000
vt 0.312994 0.000000
vt 0.353195 0.000000
vt 0.296482 0.000000
vt 0.312276 0.000000
vt 0.297200 0.000000
vt 0.011486 0.000000
vt 0.353912 0.000000
vt 0.311558 0.000000
vt 0.297918 0.000000
vt 0.298636 0.000000
vt 0.310840 0.000000
vt 0.299354 0.000000
vt 0.354630 0.000000
vt 0.300072 0.000000
vt 0.010768 0.000000
vt 0.310122 0.000000
vt 0.300790 0.000000
vt 0.301508 0.000000
vt 0.302225 0.000000
vt 0.309404 0.000000
vt 0.302943 0.000000
vt 0.303661 0.000000
vt 0.355348 0.000000
vt 0.308686 0.000000
vt 0.304379 0.000000
vt 0.305097 0.000000
vt 0.307968 0.000000
vt 0.010050 0.000000
vt 0.305815 0.000000
vt 0.307251 0.000000
vt 0.306533 0.000000
vt 0.356066 0.000000
vt 0.009332 0.000000
vt 0.356784 0.000000
vt 0.008615 0.000000
vt 0.007897 0.000000
vt 0.357502 0.000000
vt 0.007179 0.000000
vt 0.358220 0.000000
vt 0.006461 0.000000
vt 0.005743 0.000000
vt 0.358938 0.000000
vt 0.005025 0.000000
vt 0.359655 0.000000
vt 0.004307 0.000000
vt 0.003589 0.000000
vt 0.360373 0.000000
vt 0.002872 0.000000
vt 0.361091 0.000000
vt 0.002154 0.000000
vt 0.001436 0.000000
vt 0.361809 0.000000
vt 0.000718 0.000000
vt 0.362527 0.000000
vt 0.372577 0.000000
vt 0.363245 0.000000
vt 0.371859 0.000000
vt 0.371141 0.000000
vt 0.370424 0.000000
vt 0.369706 0.000000
vt 0.368988 0.000000
vt 0.368270 0.000000
vt 0.367552 0.000000
vt 0.366834 0.000000
vt 0.366116 0.000000
vt 0.364681 0.000000
vt 0.363963 0.000000
s 0
usemtl SVGMat
f 4177/1393/1215 4179/1394/1215 4178/1395/1215
f 4176/1396/1215 4179/1394/1215 4177/1393/1215
f 4176/1396/1215 4180/1397/1215 4179/1394/1215
f 3885/1398/1215 3887/1399/1215 3886/1400/1215
f 3885/1398/1215 3888/1401/1215 3887/1399/1215
f 3884/1402/1215 3888/1401/1215 3885/1398/1215
f 3884/1402/1215 3889/1403/1215 3888/1401/1215
f 3883/1404/1215 3889/1403/1215 3884/1402/1215
f 3883/1404/1215 3890/1405/1215 3889/1403/1215
f 3882/1406/1215 3890/1405/1215 3883/1404/1215
f 3882/1406/1215 3891/1407/1215 3890/1405/1215
f 3881/1408/1215 3891/1407/1215 3882/1406/1215
f 3881/1408/1215 3892/1409/1215 3891/1407/1215
f 3880/1410/1215 3892/1409/1215 3881/1408/1215
f 3880/1410/1215 3893/1411/1215 3892/1409/1215
f 3879/1412/1215 3893/1411/1215 3880/1410/1215
f 3879/1412/1215 3894/1413/1215 3893/1411/1215
f 3878/1414/1215 3894/1413/1215 3879/1412/1215
f 3878/1414/1215 3895/1415/1215 3894/1413/1215
f 3877/1416/1215 3895/1415/1215 3878/1414/1215
f 3877/1416/1215 3896/1417/1215 3895/1415/1215
f 3876/1418/1215 3896/1417/1215 3877/1416/1215
f 3876/1418/1215 3897/1419/1215 3896/1417/1215
f 3875/1420/1215 3897/1419/1215 3876/1418/1215
f 3875/1420/1215 3898/1421/1215 3897/1419/1215
f 3874/1422/1215 3898/1421/1215 3875/1420/1215
f 3874/1422/1215 3899/1423/1215 3898/1421/1215
f 3874/1422/1215 3900/1424/1215 3899/1423/1215
f 3874/1422/1215 3901/1425/1215 3900/1424/1215
f 3873/1426/1215 3901/1425/1215 3874/1422/1215
f 3873/1426/1215 3902/1427/1215 3901/1425/1215
f 3873/1426/1215 3903/1428/1215 3902/1427/1215
f 3872/1429/1215 3903/1428/1215 3873/1426/1215
f 4175/1430/1215 4180/1397/1215 4176/1396/1215
f 4175/1430/1215 4181/1431/1215 4180/1397/1215
f 3872/1429/1215 3904/1432/1215 3903/1428/1215
f 3872/1429/1215 3905/1433/1215 3904/1432/1215
f 3871/1434/1215 3905/1433/1215 3872/1429/1215
f 3871/1434/1215 3906/1435/1215 3905/1433/1215
f 3871/1434/1215 3907/1436/1215 3906/1435/1215
f 3870/1437/1215 3907/1436/1215 3871/1434/1215
f 3870/1437/1215 3908/1438/1215 3907/1436/1215
f 3870/1437/1215 3909/1439/1215 3908/1438/1215
f 3869/1440/1215 3909/1439/1215 3870/1437/1215
f 3869/1440/1215 3910/1441/1215 3909/1439/1215
f 3869/1440/1215 3911/1442/1215 3910/1441/1215
f 3868/1443/1215 3911/1442/1215 3869/1440/1215
f 3868/1443/1215 3912/1444/1215 3911/1442/1215
f 3868/1443/1215 3913/1445/1215 3912/1444/1215
f 3867/1446/1215 3913/1445/1215 3868/1443/1215
f 3867/1446/1215 3914/1447/1215 3913/1445/1215
f 3867/1446/1215 3915/1448/1215 3914/1447/1215
f 3866/1449/1215 3915/1448/1215 3867/1446/1215
f 4182/1450/1215 4181/1431/1215 4175/1430/1215
f 3866/1449/1215 3916/1451/1215 3915/1448/1215
f 3866/1449/1215 3917/1452/1215 3916/1451/1215
f 3865/1453/1215 3917/1452/1215 3866/1449/1215
f 3865/1453/1215 3918/1454/1215 3917/1452/1215
f 3865/1453/1215 3919/1455/1215 3918/1454/1215
f 3864/1456/1215 3919/1455/1215 3865/1453/1215
f 3864/1456/1215 3920/1457/1215 3919/1455/1215
f 3864/1456/1215 3921/1458/1215 3920/1457/1215
f 3863/1459/1215 4138/1460/1215 3864/1456/1215
f 4138/1460/1215 3921/1458/1215 3864/1456/1215
f 3863/1459/1215 4139/1461/1215 4138/1460/1215
f 4137/1462/1215 3921/1458/1215 4138/1460/1215
f 3863/1459/1215 4140/1463/1215 4139/1461/1215
f 4136/1464/1215 3921/1458/1215 4137/1462/1215
f 4135/1465/1215 3921/1458/1215 4136/1464/1215
f 3863/1459/1215 4141/1466/1215 4140/1463/1215
f 4135/1465/1215 3922/1467/1215 3921/1458/1215
f 4134/1468/1215 3922/1467/1215 4135/1465/1215
f 3863/1459/1215 4142/1469/1215 4141/1466/1215
f 4133/1470/1215 3922/1467/1215 4134/1468/1215
f 4132/1471/1215 3922/1467/1215 4133/1470/1215
f 3863/1459/1215 4143/1472/1215 4142/1469/1215
f 4131/1473/1215 3922/1467/1215 4132/1471/1215
f 3862/1474/1215 4143/1472/1215 3863/1459/1215
f 4130/1475/1215 3922/1467/1215 4131/1473/1215
f 3862/1474/1215 4144/1476/1215 4143/1472/1215
f 4130/1475/1215 3923/1477/1215 3922/1467/1215
f 4129/1478/1215 3923/1477/1215 4130/1475/1215
f 3862/1474/1215 4145/1479/1215 4144/1476/1215
f 4128/1480/1215 3923/1477/1215 4129/1478/1215
f 4127/1481/1215 3923/1477/1215 4128/1480/1215
f 3862/1474/1215 4146/1482/1215 4145/1479/1215
f 4127/1481/1215 3924/1483/1215 3923/1477/1215
f 3861/1484/1215 4146/1482/1215 3862/1474/1215
f 4126/1485/1215 3924/1483/1215 4127/1481/1215
f 3860/1486/1215 4146/1482/1215 3861/1484/1215
f 3859/1487/1215 4146/1482/1215 3860/1486/1215
f 4125/1488/1215 3924/1483/1215 4126/1485/1215
f 3858/1489/1215 4146/1482/1215 3859/1487/1215
f 3858/1489/1215 4147/1490/1215 4146/1482/1215
f 3857/1491/1215 4147/1490/1215 3858/1489/1215
f 4124/1492/1215 3924/1483/1215 4125/1488/1215
f 3856/1493/1215 4147/1490/1215 3857/1491/1215
f 4124/1492/1215 3925/1494/1215 3924/1483/1215
f 3855/1495/1215 4147/1490/1215 3856/1493/1215
f 3854/1496/1215 4147/1490/1215 3855/1495/1215
f 4123/1497/1215 3925/1494/1215 4124/1492/1215
f 3853/1498/1215 4147/1490/1215 3854/1496/1215
f 3853/1498/1215 4148/1499/1215 4147/1490/1215
f 3852/1500/1215 4148/1499/1215 3853/1498/1215
f 3851/1501/1215 4148/1499/1215 3852/1500/1215
f 4122/1502/1215 3925/1494/1215 4123/1497/1215
f 3850/1503/1215 4148/1499/1215 3851/1501/1215
f 3849/1504/1215 4148/1499/1215 3850/1503/1215
f 4122/1502/1215 3926/1505/1215 3925/1494/1215
f 4121/1506/1215 3926/1505/1215 4122/1502/1215
f 3848/1507/1215 4148/1499/1215 3849/1504/1215
f 3848/1507/1215 4149/1508/1215 4148/1499/1215
f 4120/1509/1215 3926/1505/1215 4121/1506/1215
f 3847/1510/1215 4149/1508/1215 3848/1507/1215
f 4120/1509/1215 3927/1511/1215 3926/1505/1215
f 4119/1512/1215 3927/1511/1215 4120/1509/1215
f 3846/1513/1215 4149/1508/1215 3847/1510/1215
f 3846/1513/1215 4150/1514/1215 4149/1508/1215
f 4118/1515/1215 3927/1511/1215 4119/1512/1215
f 3845/1516/1215 4150/1514/1215 3846/1513/1215
f 4118/1515/1215 3928/1517/1215 3927/1511/1215
f 3844/1518/1215 4150/1514/1215 3845/1516/1215
f 4117/1519/1215 3928/1517/1215 4118/1515/1215
f 3843/1520/1215 4150/1514/1215 3844/1518/1215
f 3842/1521/1215 4150/1514/1215 3843/1520/1215
f 4116/1522/1215 3928/1517/1215 4117/1519/1215
f 3842/1521/1215 4151/1523/1215 4150/1514/1215
f 3841/1524/1215 4151/1523/1215 3842/1521/1215
f 4116/1522/1215 3929/1525/1215 3928/1517/1215
f 3840/1526/1215 4151/1523/1215 3841/1524/1215
f 4115/1527/1215 3929/1525/1215 4116/1522/1215
f 3839/1528/1215 4151/1523/1215 3840/1526/1215
f 3838/1529/1215 4151/1523/1215 3839/1528/1215
f 4115/1527/1215 3930/1530/1215 3929/1525/1215
f 4114/1531/1215 3930/1530/1215 4115/1527/1215
f 3837/1532/1215 4151/1523/1215 3838/1529/1215
f 3836/1533/1215 4151/1523/1215 3837/1532/1215
f 3836/1533/1215 4152/1534/1215 4151/1523/1215
f 4113/1535/1215 3930/1530/1215 4114/1531/1215
f 3835/1536/1215 4152/1534/1215 3836/1533/1215
f 3834/1537/1215 4152/1534/1215 3835/1536/1215
f 4112/1538/1215 3930/1530/1215 4113/1535/1215
f 4112/1538/1215 3931/1539/1215 3930/1530/1215
f 3833/1540/1215 4152/1534/1215 3834/1537/1215
f 3832/1541/1215 4152/1534/1215 3833/1540/1215
f 3831/1542/1215 4152/1534/1215 3832/1541/1215
f 3831/1542/1215 4153/1543/1215 4152/1534/1215
f 4111/1544/1215 3931/1539/1215 4112/1538/1215
f 3830/1545/1215 4153/1543/1215 3831/1542/1215
f 3829/1546/1215 4153/1543/1215 3830/1545/1215
f 3828/1547/1215 4153/1543/1215 3829/1546/1215
f 4111/1544/1215 3932/1548/1215 3931/1539/1215
f 3827/1549/1215 4153/1543/1215 3828/1547/1215
f 4110/1550/1215 3932/1548/1215 4111/1544/1215
f 3826/1551/1215 4153/1543/1215 3827/1549/1215
f 3825/1552/1215 4153/1543/1215 3826/1551/1215
f 3825/1552/1215 4154/1553/1215 4153/1543/1215
f 4109/1554/1215 3932/1548/1215 4110/1550/1215
f 4109/1554/1215 3933/1555/1215 3932/1548/1215
f 3824/1556/1215 4154/1553/1215 3825/1552/1215
f 4108/1557/1215 3933/1555/1215 4109/1554/1215
f 3824/1556/1215 4155/1558/1215 4154/1553/1215
f 4108/1557/1215 3934/1559/1215 3933/1555/1215
f 4107/1560/1215 3934/1559/1215 4108/1557/1215
f 3823/1561/1215 4155/1558/1215 3824/1556/1215
f 4106/1562/1215 3934/1559/1215 4107/1560/1215
f 3823/1561/1215 4156/1563/1215 4155/1558/1215
f 4106/1562/1215 3935/1564/1215 3934/1559/1215
f 4105/1565/1215 3935/1564/1215 4106/1562/1215
f 4105/1565/1215 3936/1566/1215 3935/1564/1215
f 3822/1567/1215 4156/1563/1215 3823/1561/1215
f 4105/1565/1215 3937/1568/1215 3936/1566/1215
f 4104/1569/1215 3937/1568/1215 4105/1565/1215
f 4104/1569/1215 3938/1570/1215 3937/1568/1215
f 3822/1567/1215 4157/1571/1215 4156/1563/1215
f 4103/1572/1215 3938/1570/1215 4104/1569/1215
f 4103/1572/1215 3939/1573/1215 3938/1570/1215
f 3821/1574/1215 4157/1571/1215 3822/1567/1215
f 4103/1572/1215 3940/1575/1215 3939/1573/1215
f 4102/1576/1215 3940/1575/1215 4103/1572/1215
f 4102/1576/1215 3941/1577/1215 3940/1575/1215
f 3966/1578/1215 3968/1579/1215 3967/1580/1215
f 3965/1581/1215 3968/1579/1215 3966/1578/1215
f 3965/1581/1215 3969/1582/1215 3968/1579/1215
f 3964/1583/1215 3969/1582/1215 3965/1581/1215
f 4102/1576/1215 3942/1584/1215 3941/1577/1215
f 3821/1574/1215 4158/1585/1215 4157/1571/1215
f 3963/1586/1215 3969/1582/1215 3964/1583/1215
f 3963/1586/1215 3970/1587/1215 3969/1582/1215
f 3962/1588/1215 3970/1587/1215 3963/1586/1215
f 3962/1588/1215 3971/1589/1215 3970/1587/1215
f 3961/1590/1215 3971/1589/1215 3962/1588/1215
f 4102/1576/1215 3943/1591/1215 3942/1584/1215
f 3820/1592/1215 4158/1585/1215 3821/1574/1215
f 3960/1593/1215 3971/1589/1215 3961/1590/1215
f 3960/1593/1215 3972/1594/1215 3971/1589/1215
f 3959/1595/1215 3972/1594/1215 3960/1593/1215
f 4102/1576/1215 3944/1596/1215 3943/1591/1215
f 3958/1597/1215 3972/1594/1215 3959/1595/1215
f 4102/1576/1215 3945/1598/1215 3944/1596/1215
f 4102/1576/1215 3946/1599/1215 3945/1598/1215
f 3957/1600/1215 3972/1594/1215 3958/1597/1215
f 4102/1576/1215 3947/1601/1215 3946/1599/1215
f 3956/1602/1215 3972/1594/1215 3957/1600/1215
f 3956/1602/1215 3973/1603/1215 3972/1594/1215
f 4102/1576/1215 3948/1604/1215 3947/1601/1215
f 3955/1605/1215 3973/1603/1215 3956/1602/1215
f 4102/1576/1215 3949/1606/1215 3948/1604/1215
f 3954/1607/1215 3973/1603/1215 3955/1605/1215
f 4102/1576/1215 3950/1608/1215 3949/1606/1215
f 3953/1609/1215 3973/1603/1215 3954/1607/1215
f 4102/1576/1215 3951/1610/1215 3950/1608/1215
f 3952/1611/1215 3973/1603/1215 3953/1609/1215
f 4102/1576/1215 3952/1611/1215 3951/1610/1215
f 4102/1576/1215 3973/1603/1215 3952/1611/1215
f 4101/1612/1215 3973/1603/1215 4102/1576/1215
f 4100/1613/1215 3973/1603/1215 4101/1612/1215
f 4099/1614/1215 3973/1603/1215 4100/1613/1215
f 4098/1615/1215 3973/1603/1215 4099/1614/1215
f 4097/1616/1215 3973/1603/1215 4098/1615/1215
f 4096/1617/1215 3973/1603/1215 4097/1616/1215
f 4095/1618/1215 3973/1603/1215 4096/1617/1215
f 4094/1619/1215 3973/1603/1215 4095/1618/1215
f 4093/1620/1215 3973/1603/1215 4094/1619/1215
f 4092/1621/1215 3973/1603/1215 4093/1620/1215
f 4091/1622/1215 3973/1603/1215 4092/1621/1215
f 4090/1623/1215 3973/1603/1215 4091/1622/1215
f 4089/1624/1215 3973/1603/1215 4090/1623/1215
f 3820/1592/1215 4159/1625/1215 4158/1585/1215
f 4088/1626/1215 3973/1603/1215 4089/1624/1215
f 4087/1627/1215 3973/1603/1215 4088/1626/1215
f 4087/1627/1215 3974/1628/1215 3973/1603/1215
f 4086/1629/1215 3974/1628/1215 4087/1627/1215
f 4085/1630/1215 3974/1628/1215 4086/1629/1215
f 3819/1631/1215 4159/1625/1215 3820/1592/1215
f 4084/1632/1215 3974/1628/1215 4085/1630/1215
f 4083/1633/1215 3974/1628/1215 4084/1632/1215
f 4082/1634/1215 3974/1628/1215 4083/1633/1215
f 4081/1635/1215 3974/1628/1215 4082/1634/1215
f 4080/1636/1215 3974/1628/1215 4081/1635/1215
f 4079/1637/1215 3974/1628/1215 4080/1636/1215
f 4078/1638/1215 3974/1628/1215 4079/1637/1215
f 4077/1639/1215 3974/1628/1215 4078/1638/1215
f 4076/1640/1215 3974/1628/1215 4077/1639/1215
f 4075/1641/1215 3974/1628/1215 4076/1640/1215
f 4075/1641/1215 3975/1642/1215 3974/1628/1215
f 4074/1643/1215 3975/1642/1215 4075/1641/1215
f 4073/1644/1215 3975/1642/1215 4074/1643/1215
f 4072/1645/1215 3975/1642/1215 4073/1644/1215
f 4071/1646/1215 3975/1642/1215 4072/1645/1215
f 3819/1631/1215 4160/1647/1215 4159/1625/1215
f 4070/1648/1215 3975/1642/1215 4071/1646/1215
f 3818/1649/1215 4160/1647/1215 3819/1631/1215
f 4069/1650/1215 3975/1642/1215 4070/1648/1215
f 4068/1651/1215 3975/1642/1215 4069/1650/1215
f 4067/1652/1215 3975/1642/1215 4068/1651/1215
f 4066/1653/1215 3975/1642/1215 4067/1652/1215
f 4065/1654/1215 3975/1642/1215 4066/1653/1215
f 4064/1655/1215 3975/1642/1215 4065/1654/1215
f 4063/1656/1215 3975/1642/1215 4064/1655/1215
f 4062/1657/1215 3975/1642/1215 4063/1656/1215
f 4062/1657/1215 3976/1658/1215 3975/1642/1215
f 4061/1659/1215 3976/1658/1215 4062/1657/1215
f 4060/1660/1215 3976/1658/1215 4061/1659/1215
f 4059/1661/1215 3976/1658/1215 4060/1660/1215
f 4058/1662/1215 3976/1658/1215 4059/1661/1215
f 4057/1663/1215 3976/1658/1215 4058/1662/1215
f 4056/1664/1215 3976/1658/1215 4057/1663/1215
f 4055/1665/1215 3976/1658/1215 4056/1664/1215
f 4054/1666/1215 3976/1658/1215 4055/1665/1215
f 4053/1667/1215 3976/1658/1215 4054/1666/1215
f 4052/1668/1215 3976/1658/1215 4053/1667/1215
f 4051/1669/1215 3976/1658/1215 4052/1668/1215
f 3818/1649/1215 4161/1670/1215 4160/1647/1215
f 4050/1671/1215 3976/1658/1215 4051/1669/1215
f 3817/1672/1215 4161/1670/1215 3818/1649/1215
f 4049/1673/1215 3976/1658/1215 4050/1671/1215
f 4048/1674/1215 3976/1658/1215 4049/1673/1215
f 4047/1675/1215 3976/1658/1215 4048/1674/1215
f 4046/1676/1215 3976/1658/1215 4047/1675/1215
f 4045/1677/1215 3976/1658/1215 4046/1676/1215
f 4044/1678/1215 3976/1658/1215 4045/1677/1215
f 4043/1679/1215 3976/1658/1215 4044/1678/1215
f 4042/1680/1215 3976/1658/1215 4043/1679/1215
f 4041/1681/1215 3976/1658/1215 4042/1680/1215
f 4040/1682/1215 3976/1658/1215 4041/1681/1215
f 4039/1683/1215 3976/1658/1215 4040/1682/1215
f 4039/1683/1215 3977/1684/1215 3976/1658/1215
f 4038/1685/1215 3977/1684/1215 4039/1683/1215
f 4037/1686/1215 3977/1684/1215 4038/1685/1215
f 3817/1672/1215 4162/1687/1215 4161/1670/1215
f 4036/1688/1215 3977/1684/1215 4037/1686/1215
f 4035/1689/1215 3977/1684/1215 4036/1688/1215
f 3816/1690/1215 4162/1687/1215 3817/1672/1215
f 4034/1691/1215 3977/1684/1215 4035/1689/1215
f 4033/1692/1215 3977/1684/1215 4034/1691/1215
f 4032/1693/1215 3977/1684/1215 4033/1692/1215
f 3816/1690/1215 4163/1694/1215 4162/1687/1215
f 4031/1695/1215 3977/1684/1215 4032/1693/1215
f 4030/1696/1215 3977/1684/1215 4031/1695/1215
f 3816/1690/1215 4164/1697/1215 4163/1694/1215
f 4174/1698/1215 3977/1684/1215 4030/1696/1215
f 3816/1690/1215 4165/1699/1215 4164/1697/1215
f 3815/1700/1215 4165/1699/1215 3816/1690/1215
f 4173/1701/1215 3977/1684/1215 4174/1698/1215
f 3815/1700/1215 4166/1702/1215 4165/1699/1215
f 4172/1703/1215 3977/1684/1215 4173/1701/1215
f 4172/1703/1215 3978/1704/1215 3977/1684/1215
f 3815/1700/1215 4167/1705/1215 4166/1702/1215
f 4171/1706/1215 3978/1704/1215 4172/1703/1215
f 3815/1700/1215 4168/1707/1215 4167/1705/1215
f 4170/1708/1215 3978/1704/1215 4171/1706/1215
f 3815/1700/1215 4169/1709/1215 4168/1707/1215
f 3815/1700/1215 4170/1708/1215 4169/1709/1215
f 3815/1700/1215 3978/1704/1215 4170/1708/1215
f 3814/1710/1215 3978/1704/1215 3815/1700/1215
f 3813/1711/1215 3978/1704/1215 3814/1710/1215
f 3812/1712/1215 3978/1704/1215 3813/1711/1215
f 3812/1712/1215 3979/1713/1215 3978/1704/1215
f 3811/1714/1215 3979/1713/1215 3812/1712/1215
f 3810/1715/1215 3979/1713/1215 3811/1714/1215
f 3809/1716/1215 3979/1713/1215 3810/1715/1215
f 3809/1716/1215 3980/1717/1215 3979/1713/1215
f 3808/1718/1215 3980/1717/1215 3809/1716/1215
f 3807/1719/1215 3980/1717/1215 3808/1718/1215
f 3806/1720/1215 3980/1717/1215 3807/1719/1215
f 3806/1720/1215 3981/1721/1215 3980/1717/1215
f 3805/1722/1215 3981/1721/1215 3806/1720/1215
f 3804/1723/1215 3981/1721/1215 3805/1722/1215
f 3803/1724/1215 3981/1721/1215 3804/1723/1215
f 3803/1724/1215 3982/1725/1215 3981/1721/1215
f 3802/1726/1215 3982/1725/1215 3803/1724/1215
f 3801/1727/1215 3982/1725/1215 3802/1726/1215
f 3800/1728/1215 3982/1725/1215 3801/1727/1215
f 3799/1729/1215 3982/1725/1215 3800/1728/1215
f 3798/1730/1215 3982/1725/1215 3799/1729/1215
f 3797/1731/1215 3982/1725/1215 3798/1730/1215
f 3797/1731/1215 3983/1732/1215 3982/1725/1215
f 3796/1733/1215 3983/1732/1215 3797/1731/1215
f 3795/1734/1215 3983/1732/1215 3796/1733/1215
f 3795/1734/1215 3984/1735/1215 3983/1732/1215
f 3794/1736/1215 3984/1735/1215 3795/1734/1215
f 3793/1737/1215 3984/1735/1215 3794/1736/1215
f 3793/1737/1215 3985/1738/1215 3984/1735/1215
f 3792/1739/1215 3985/1738/1215 3793/1737/1215
f 3791/1740/1215 3985/1738/1215 3792/1739/1215
f 3791/1740/1215 3986/1741/1215 3985/1738/1215
f 3790/1742/1215 3986/1741/1215 3791/1740/1215
f 3789/1743/1215 3986/1741/1215 3790/1742/1215
f 3788/1744/1215 3986/1741/1215 3789/1743/1215
f 3788/1744/1215 3987/1745/1215 3986/1741/1215
f 3787/1746/1215 3987/1745/1215 3788/1744/1215
f 3786/1747/1215 3987/1745/1215 3787/1746/1215
f 3786/1747/1215 3988/1748/1215 3987/1745/1215
f 3785/1749/1215 3988/1748/1215 3786/1747/1215
f 3785/1749/1215 3989/1750/1215 3988/1748/1215
f 3784/1751/1215 3989/1750/1215 3785/1749/1215
f 3783/1752/1215 3989/1750/1215 3784/1751/1215
f 3783/1752/1215 3990/1753/1215 3989/1750/1215
f 3782/1754/1215 3990/1753/1215 3783/1752/1215
f 3781/1755/1215 3990/1753/1215 3782/1754/1215
f 3781/1755/1215 3991/1756/1215 3990/1753/1215
f 3780/1757/1215 3991/1756/1215 3781/1755/1215
f 3780/1757/1215 3992/1758/1215 3991/1756/1215
f 3779/1759/1215 3992/1758/1215 3780/1757/1215
f 3778/1760/1215 3992/1758/1215 3779/1759/1215
f 3778/1760/1215 3993/1761/1215 3992/1758/1215
f 3777/1762/1215 3993/1761/1215 3778/1760/1215
f 3777/1762/1215 3994/1763/1215 3993/1761/1215
f 3776/1764/1215 3994/1763/1215 3777/1762/1215
f 3776/1764/1215 3639/1765/1215 3994/1763/1215
f 3639/1765/1215 3638/1766/1215 3994/1763/1215
f 3638/1766/1215 3637/1767/1215 3994/1763/1215
f 3637/1767/1215 3636/1768/1215 3994/1763/1215
f 3636/1768/1215 3995/1769/1215 3994/1763/1215
f 3776/1764/1215 3640/1770/1215 3639/1765/1215
f 3776/1764/1215 3641/1771/1215 3640/1770/1215
f 3776/1764/1215 3642/1772/1215 3641/1771/1215
f 3635/1773/1215 3995/1769/1215 3636/1768/1215
f 3776/1764/1215 3643/1774/1215 3642/1772/1215
f 3634/1775/1215 3995/1769/1215 3635/1773/1215
f 3776/1764/1215 3644/1776/1215 3643/1774/1215
f 3633/1777/1215 3995/1769/1215 3634/1775/1215
f 3776/1764/1215 3645/1778/1215 3644/1776/1215
f 3776/1764/1215 3646/1779/1215 3645/1778/1215
f 3776/1764/1215 3647/1780/1215 3646/1779/1215
f 3776/1764/1215 3648/1781/1215 3647/1780/1215
f 3776/1764/1215 3649/1782/1215 3648/1781/1215
f 3776/1764/1215 3650/1783/1215 3649/1782/1215
f 3776/1764/1215 3651/1784/1215 3650/1783/1215
f 3776/1764/1215 3652/1785/1215 3651/1784/1215
f 3775/1786/1215 3652/1785/1215 3776/1764/1215
f 3775/1786/1215 3653/1787/1215 3652/1785/1215
f 3632/1788/1215 3995/1769/1215 3633/1777/1215
f 3775/1786/1215 3654/1789/1215 3653/1787/1215
f 3775/1786/1215 3655/1790/1215 3654/1789/1215
f 3775/1786/1215 3656/1791/1215 3655/1790/1215
f 3775/1786/1215 3657/1792/1215 3656/1791/1215
f 3775/1786/1215 3658/1793/1215 3657/1792/1215
f 3775/1786/1215 3659/1794/1215 3658/1793/1215
f 3775/1786/1215 3660/1795/1215 3659/1794/1215
f 3632/1788/1215 3996/1796/1215 3995/1769/1215
f 3775/1786/1215 3661/1797/1215 3660/1795/1215
f 3775/1786/1215 3662/1798/1215 3661/1797/1215
f 3775/1786/1215 3663/1799/1215 3662/1798/1215
f 3631/1800/1215 3996/1796/1215 3632/1788/1215
f 3775/1786/1215 3664/1801/1215 3663/1799/1215
f 3775/1786/1215 3665/1802/1215 3664/1801/1215
f 3775/1786/1215 3666/1803/1215 3665/1802/1215
f 3775/1786/1215 3667/1804/1215 3666/1803/1215
f 3775/1786/1215 3668/1805/1215 3667/1804/1215
f 3775/1786/1215 3669/1806/1215 3668/1805/1215
f 3775/1786/1215 3670/1807/1215 3669/1806/1215
f 3775/1786/1215 3671/1808/1215 3670/1807/1215
f 3775/1786/1215 3672/1809/1215 3671/1808/1215
f 3630/1810/1215 3996/1796/1215 3631/1800/1215
f 3775/1786/1215 3673/1811/1215 3672/1809/1215
f 3774/1812/1215 3673/1811/1215 3775/1786/1215
f 3774/1812/1215 3674/1813/1215 3673/1811/1215
f 3774/1812/1215 3675/1814/1215 3674/1813/1215
f 3774/1812/1215 3676/1815/1215 3675/1814/1215
f 3774/1812/1215 3677/1816/1215 3676/1815/1215
f 3774/1812/1215 3678/1817/1215 3677/1816/1215
f 3774/1812/1215 3679/1818/1215 3678/1817/1215
f 3629/1819/1215 3996/1796/1215 3630/1810/1215
f 3774/1812/1215 3680/1820/1215 3679/1818/1215
f 3629/1819/1215 3997/1821/1215 3996/1796/1215
f 3774/1812/1215 3681/1822/1215 3680/1820/1215
f 3774/1812/1215 3682/1823/1215 3681/1822/1215
f 3773/1824/1215 3682/1823/1215 3774/1812/1215
f 3773/1824/1215 3683/1825/1215 3682/1823/1215
f 3773/1824/1215 3684/1826/1215 3683/1825/1215
f 3773/1824/1215 3685/1827/1215 3684/1826/1215
f 3628/1828/1215 3997/1821/1215 3629/1819/1215
f 3773/1824/1215 3686/1829/1215 3685/1827/1215
f 3772/1830/1215 3686/1829/1215 3773/1824/1215
f 3772/1830/1215 3687/1831/1215 3686/1829/1215
f 3772/1830/1215 3688/1832/1215 3687/1831/1215
f 3772/1830/1215 3689/1833/1215 3688/1832/1215
f 3771/1834/1215 3689/1833/1215 3772/1830/1215
f 3771/1834/1215 3690/1835/1215 3689/1833/1215
f 3628/1828/1215 3998/1836/1215 3997/1821/1215
f 3771/1834/1215 3691/1837/1215 3690/1835/1215
f 3627/1838/1215 3998/1836/1215 3628/1828/1215
f 3771/1834/1215 3692/1839/1215 3691/1837/1215
f 3770/1840/1215 3692/1839/1215 3771/1834/1215
f 3770/1840/1215 3693/1841/1215 3692/1839/1215
f 3770/1840/1215 3694/1842/1215 3693/1841/1215
f 3770/1840/1215 3695/1843/1215 3694/1842/1215
f 3769/1844/1215 3695/1843/1215 3770/1840/1215
f 3769/1844/1215 3696/1845/1215 3695/1843/1215
f 3769/1844/1215 3697/1846/1215 3696/1845/1215
f 3768/1847/1215 3697/1846/1215 3769/1844/1215
f 3768/1847/1215 3698/1848/1215 3697/1846/1215
f 3767/1849/1215 3698/1848/1215 3768/1847/1215
f 3767/1849/1215 3699/1850/1215 3698/1848/1215
f 3766/1851/1215 3699/1850/1215 3767/1849/1215
f 3626/1852/1215 3998/1836/1215 3627/1838/1215
f 3766/1851/1215 3700/1853/1215 3699/1850/1215
f 3765/1854/1215 3700/1853/1215 3766/1851/1215
f 3626/1852/1215 3999/1855/1215 3998/1836/1215
f 3765/1854/1215 3701/1856/1215 3700/1853/1215
f 3764/1857/1215 3701/1856/1215 3765/1854/1215
f 3764/1857/1215 3702/1858/1215 3701/1856/1215
f 3764/1857/1215 3703/1859/1215 3702/1858/1215
f 3763/1860/1215 3703/1859/1215 3764/1857/1215
f 3763/1860/1215 3704/1861/1215 3703/1859/1215
f 3762/1862/1215 3704/1861/1215 3763/1860/1215
f 3762/1862/1215 3705/1863/1215 3704/1861/1215
f 3761/1864/1215 3705/1863/1215 3762/1862/1215
f 3761/1864/1215 3706/1865/1215 3705/1863/1215
f 3761/1864/1215 3707/1866/1215 3706/1865/1215
f 3625/1867/1215 3999/1855/1215 3626/1852/1215
f 3761/1864/1215 3708/1868/1215 3707/1866/1215
f 3760/1869/1215 3708/1868/1215 3761/1864/1215
f 3760/1869/1215 3709/1870/1215 3708/1868/1215
f 3760/1869/1215 3710/1871/1215 3709/1870/1215
f 3760/1869/1215 3711/1872/1215 3710/1871/1215
f 3760/1869/1215 3712/1873/1215 3711/1872/1215
f 3760/1869/1215 3713/1874/1215 3712/1873/1215
f 3760/1869/1215 3714/1875/1215 3713/1874/1215
f 3759/1876/1215 3714/1875/1215 3760/1869/1215
f 3759/1876/1215 3715/1877/1215 3714/1875/1215
f 3759/1876/1215 3716/1878/1215 3715/1877/1215
f 3759/1876/1215 3717/1879/1215 3716/1878/1215
f 3759/1876/1215 3718/1880/1215 3717/1879/1215
f 3759/1876/1215 3719/1881/1215 3718/1880/1215
f 3759/1876/1215 3720/1882/1215 3719/1881/1215
f 3759/1876/1215 3721/1883/1215 3720/1882/1215
f 3759/1876/1215 3722/1884/1215 3721/1883/1215
f 3758/1885/1215 3722/1884/1215 3759/1876/1215
f 3758/1885/1215 3723/1886/1215 3722/1884/1215
f 3758/1885/1215 3724/1887/1215 3723/1886/1215
f 3758/1885/1215 3725/1888/1215 3724/1887/1215
f 3625/1867/1215 4000/1889/1215 3999/1855/1215
f 3758/1885/1215 3726/1890/1215 3725/1888/1215
f 3758/1885/1215 3727/1891/1215 3726/1890/1215
f 3758/1885/1215 3728/1892/1215 3727/1891/1215
f 3757/1893/1215 3728/1892/1215 3758/1885/1215
f 3757/1893/1215 3729/1894/1215 3728/1892/1215
f 3757/1893/1215 3730/1895/1215 3729/1894/1215
f 3757/1893/1215 3731/1896/1215 3730/1895/1215
f 3757/1893/1215 3732/1897/1215 3731/1896/1215
f 3757/1893/1215 3733/1898/1215 3732/1897/1215
f 3756/1899/1215 3733/1898/1215 3757/1893/1215
f 3756/1899/1215 3734/1900/1215 3733/1898/1215
f 3756/1899/1215 3735/1901/1215 3734/1900/1215
f 3756/1899/1215 3736/1902/1215 3735/1901/1215
f 3755/1903/1215 3736/1902/1215 3756/1899/1215
f 3755/1903/1215 3737/1904/1215 3736/1902/1215
f 3755/1903/1215 3738/1905/1215 3737/1904/1215
f 3755/1903/1215 3739/1906/1215 3738/1905/1215
f 3754/1907/1215 3739/1906/1215 3755/1903/1215
f 3754/1907/1215 3740/1908/1215 3739/1906/1215
f 3754/1907/1215 3741/1909/1215 3740/1908/1215
f 3754/1907/1215 3742/1910/1215 3741/1909/1215
f 3753/1911/1215 3742/1910/1215 3754/1907/1215
f 3753/1911/1215 3743/1912/1215 3742/1910/1215
f 3752/1913/1215 3743/1912/1215 3753/1911/1215
f 3752/1913/1215 3744/1914/1215 3743/1912/1215
f 3751/1915/1215 3744/1914/1215 3752/1913/1215
f 3751/1915/1215 3745/1916/1215 3744/1914/1215
f 3750/1917/1215 3745/1916/1215 3751/1915/1215
f 3750/1917/1215 3746/1918/1215 3745/1916/1215
f 3749/1919/1215 3746/1918/1215 3750/1917/1215
f 3749/1919/1215 3747/1920/1215 3746/1918/1215
f 3748/1921/1215 3747/1920/1215 3749/1919/1215
f 3624/1922/1215 4000/1889/1215 3625/1867/1215
f 3624/1922/1215 4001/1923/1215 4000/1889/1215
f 3623/1924/1215 4001/1923/1215 3624/1922/1215
f 3623/1924/1215 4002/1925/1215 4001/1923/1215
f 3623/1924/1215 4003/1926/1215 4002/1925/1215
f 2994/1927/1215 2996/1928/1215 2995/1929/1215
f 2994/1927/1215 2997/1930/1215 2996/1928/1215
f 3622/1931/1215 4003/1926/1215 3623/1924/1215
f 2994/1927/1215 2998/1932/1215 2997/1930/1215
f 2994/1927/1215 2999/1933/1215 2998/1932/1215
f 2993/1934/1215 2999/1933/1215 2994/1927/1215
f 2993/1934/1215 3000/1935/1215 2999/1933/1215
f 2993/1934/1215 3001/1936/1215 3000/1935/1215
f 2993/1934/1215 3002/1937/1215 3001/1936/1215
f 2992/1938/1215 3002/1937/1215 2993/1934/1215
f 2992/1938/1215 3003/1939/1215 3002/1937/1215
f 2992/1938/1215 3004/1940/1215 3003/1939/1215
f 2992/1938/1215 3005/1941/1215 3004/1940/1215
f 3622/1931/1215 4004/1942/1215 4003/1926/1215
f 2991/1943/1215 3005/1941/1215 2992/1938/1215
f 2991/1943/1215 3006/1944/1215 3005/1941/1215
f 2991/1943/1215 3007/1945/1215 3006/1944/1215
f 2991/1943/1215 3008/1946/1215 3007/1945/1215
f 2990/1947/1215 3008/1946/1215 2991/1943/1215
f 2990/1947/1215 3009/1948/1215 3008/1946/1215
f 3622/1931/1215 4005/1949/1215 4004/1942/1215
f 2989/1950/1215 3009/1948/1215 2990/1947/1215
f 2989/1950/1215 3010/1951/1215 3009/1948/1215
f 3621/1952/1215 4005/1949/1215 3622/1931/1215
f 3620/1953/1215 4005/1949/1215 3621/1952/1215
f 3620/1953/1215 4006/1954/1215 4005/1949/1215
f 3619/1955/1215 4006/1954/1215 3620/1953/1215
f 2988/1956/1215 3010/1951/1215 2989/1950/1215
f 2988/1956/1215 3011/1957/1215 3010/1951/1215
f 3618/1958/1215 4006/1954/1215 3619/1955/1215
f 3618/1958/1215 4007/1959/1215 4006/1954/1215
f 3617/1960/1215 4007/1959/1215 3618/1958/1215
f 3617/1960/1215 4008/1961/1215 4007/1959/1215
f 3616/1962/1215 4008/1961/1215 3617/1960/1215
f 2988/1956/1215 3012/1963/1215 3011/1957/1215
f 3616/1962/1215 4009/1964/1215 4008/1961/1215
f 3615/1965/1215 4009/1964/1215 3616/1962/1215
f 2987/1966/1215 3012/1963/1215 2988/1956/1215
f 3615/1965/1215 4010/1967/1215 4009/1964/1215
f 3614/1968/1215 4010/1967/1215 3615/1965/1215
f 3614/1968/1215 4011/1969/1215 4010/1967/1215
f 3613/1970/1215 4011/1969/1215 3614/1968/1215
f 3613/1970/1215 4012/1971/1215 4011/1969/1215
f 3613/1970/1215 4013/1972/1215 4012/1971/1215
f 3612/1973/1215 4013/1972/1215 3613/1970/1215
f 2987/1966/1215 3013/1974/1215 3012/1963/1215
f 3612/1973/1215 4014/1975/1215 4013/1972/1215
f 3611/1976/1215 4014/1975/1215 3612/1973/1215
f 3611/1976/1215 4015/1977/1215 4014/1975/1215
f 3610/1978/1215 4015/1977/1215 3611/1976/1215
f 3610/1978/1215 4016/1979/1215 4015/1977/1215
f 4029/1980/1215 4016/1979/1215 3610/1978/1215
f 4029/1980/1215 4017/1981/1215 4016/1979/1215
f 4029/1980/1215 4018/1982/1215 4017/1981/1215
f 4028/1983/1215 4018/1982/1215 4029/1980/1215
f 4028/1983/1215 4019/1984/1215 4018/1982/1215
f 4027/1985/1215 4019/1984/1215 4028/1983/1215
f 4027/1985/1215 4020/1986/1215 4019/1984/1215
f 2986/1987/1215 3013/1974/1215 2987/1966/1215
f 4026/1988/1215 4020/1986/1215 4027/1985/1215
f 4026/1988/1215 4021/1989/1215 4020/1986/1215
f 4025/1990/1215 4021/1989/1215 4026/1988/1215
f 4025/1990/1215 4022/1991/1215 4021/1989/1215
f 4025/1990/1215 4023/1992/1215 4022/1991/1215
f 4024/1993/1215 4023/1992/1215 4025/1990/1215
f 2986/1987/1215 3014/1994/1215 3013/1974/1215
f 2986/1987/1215 3015/1995/1215 3014/1994/1215
f 2985/1996/1215 3015/1995/1215 2986/1987/1215
f 2985/1996/1215 3016/1997/1215 3015/1995/1215
f 2984/1998/1215 3016/1997/1215 2985/1996/1215
f 2984/1998/1215 3017/1999/1215 3016/1997/1215
f 2983/2000/1215 3017/1999/1215 2984/1998/1215
f 2983/2000/1215 3018/2001/1215 3017/1999/1215
f 2983/2000/1215 3019/2002/1215 3018/2001/1215
f 2982/2003/1215 3019/2002/1215 2983/2000/1215
f 2981/2004/1215 3019/2002/1215 2982/2003/1215
f 2980/2005/1215 3019/2002/1215 2981/2004/1215
f 2980/2005/1215 3020/2006/1215 3019/2002/1215
f 2980/2005/1215 3021/2007/1215 3020/2006/1215
f 2979/2008/1215 3021/2007/1215 2980/2005/1215
f 2979/2008/1215 3022/2009/1215 3021/2007/1215
f 2978/2010/1215 3022/2009/1215 2979/2008/1215
f 2977/2011/1215 3022/2009/1215 2978/2010/1215
f 2977/2011/1215 3023/2012/1215 3022/2009/1215
f 2976/2013/1215 3023/2012/1215 2977/2011/1215
f 2976/2013/1215 3024/2014/1215 3023/2012/1215
f 2975/2015/1215 3024/2014/1215 2976/2013/1215
f 2975/2015/1215 3025/2016/1215 3024/2014/1215
f 2974/2017/1215 3025/2016/1215 2975/2015/1215
f 2974/2017/1215 3026/2018/1215 3025/2016/1215
f 2973/2019/1215 3026/2018/1215 2974/2017/1215
f 2973/2019/1215 3027/2020/1215 3026/2018/1215
f 2972/2021/1215 3027/2020/1215 2973/2019/1215
f 2971/2022/1215 3027/2020/1215 2972/2021/1215
f 2971/2022/1215 3028/2023/1215 3027/2020/1215
f 2970/2024/1215 3028/2023/1215 2971/2022/1215
f 2969/2025/1215 3028/2023/1215 2970/2024/1215
f 2969/2025/1215 3029/2026/1215 3028/2023/1215
f 2968/2027/1215 3029/2026/1215 2969/2025/1215
f 2967/2028/1215 3029/2026/1215 2968/2027/1215
f 2967/2028/1215 3030/2029/1215 3029/2026/1215
f 2966/2030/1215 3030/2029/1215 2967/2028/1215
f 2966/2030/1215 3031/2031/1215 3030/2029/1215
f 2965/2032/1215 3031/2031/1215 2966/2030/1215
f 2965/2032/1215 3032/2033/1215 3031/2031/1215
f 2964/2034/1215 3032/2033/1215 2965/2032/1215
f 2964/2034/1215 3033/2035/1215 3032/2033/1215
f 2964/2034/1215 3034/2036/1215 3033/2035/1215
f 2963/2037/1215 3557/2038/1215 2964/2034/1215
f 3557/2038/1215 3034/2036/1215 2964/2034/1215
f 3557/2038/1215 3035/2039/1215 3034/2036/1215
f 2963/2037/1215 3558/2040/1215 3557/2038/1215
f 3556/2041/1215 3035/2039/1215 3557/2038/1215
f 3555/2042/1215 3035/2039/1215 3556/2041/1215
f 2963/2037/1215 3559/2043/1215 3558/2040/1215
f 3555/2042/1215 3036/2044/1215 3035/2039/1215
f 3554/2045/1215 3036/2044/1215 3555/2042/1215
f 2963/2037/1215 3560/2046/1215 3559/2043/1215
f 2962/2047/1215 3560/2046/1215 2963/2037/1215
f 3554/2045/1215 3037/2048/1215 3036/2044/1215
f 3553/2049/1215 3037/2048/1215 3554/2045/1215
f 2962/2047/1215 3561/2050/1215 3560/2046/1215
f 3553/2049/1215 3038/2051/1215 3037/2048/1215
f 3099/2052/1215 3101/2053/1215 3100/2054/1215
f 3098/2055/1215 3101/2053/1215 3099/2052/1215
f 3098/2055/1215 3102/2056/1215 3101/2053/1215
f 3097/2057/1215 3102/2056/1215 3098/2055/1215
f 2961/2058/1215 3561/2050/1215 2962/2047/1215
f 3097/2057/1215 3103/2059/1215 3102/2056/1215
f 3096/2060/1215 3103/2059/1215 3097/2057/1215
f 3096/2060/1215 3104/2061/1215 3103/2059/1215
f 3095/2062/1215 3104/2061/1215 3096/2060/1215
f 3095/2062/1215 3105/2063/1215 3104/2061/1215
f 3094/2064/1215 3105/2063/1215 3095/2062/1215
f 3093/2065/1215 3105/2063/1215 3094/2064/1215
f 3093/2065/1215 3106/2066/1215 3105/2063/1215
f 3092/2067/1215 3106/2066/1215 3093/2065/1215
f 3552/2068/1215 3038/2051/1215 3553/2049/1215
f 3552/2068/1215 3039/2069/1215 3038/2051/1215
f 3091/2070/1215 3106/2066/1215 3092/2067/1215
f 3090/2071/1215 3106/2066/1215 3091/2070/1215
f 3090/2071/1215 3107/2072/1215 3106/2066/1215
f 3089/2073/1215 3107/2072/1215 3090/2071/1215
f 3088/2074/1215 3107/2072/1215 3089/2073/1215
f 2961/2058/1215 3562/2075/1215 3561/2050/1215
f 3087/2076/1215 3107/2072/1215 3088/2074/1215
f 3086/2077/1215 3107/2072/1215 3087/2076/1215
f 3086/2077/1215 3108/2078/1215 3107/2072/1215
f 3085/2079/1215 3108/2078/1215 3086/2077/1215
f 3084/2080/1215 3108/2078/1215 3085/2079/1215
f 3083/2081/1215 3108/2078/1215 3084/2080/1215
f 3552/2068/1215 3040/2082/1215 3039/2069/1215
f 3082/2083/1215 3108/2078/1215 3083/2081/1215
f 3082/2083/1215 3109/2084/1215 3108/2078/1215
f 2960/2085/1215 3562/2075/1215 2961/2058/1215
f 3081/2086/1215 3109/2084/1215 3082/2083/1215
f 3080/2087/1215 3109/2084/1215 3081/2086/1215
f 3079/2088/1215 3109/2084/1215 3080/2087/1215
f 3079/2088/1215 3110/2089/1215 3109/2084/1215
f 3078/2090/1215 3110/2089/1215 3079/2088/1215
f 3078/2090/1215 3111/2091/1215 3110/2089/1215
f 3552/2068/1215 3041/2092/1215 3040/2082/1215
f 3551/2093/1215 3041/2092/1215 3552/2068/1215
f 3077/2094/1215 3111/2091/1215 3078/2090/1215
f 3077/2094/1215 3112/2095/1215 3111/2091/1215
f 2959/2096/1215 3562/2075/1215 2960/2085/1215
f 2959/2096/1215 3563/2097/1215 3562/2075/1215
f 3076/2098/1215 3112/2095/1215 3077/2094/1215
f 3551/2093/1215 3042/2099/1215 3041/2092/1215
f 3076/2098/1215 3113/2100/1215 3112/2095/1215
f 2959/2096/1215 3564/2101/1215 3563/2097/1215
f 3075/2102/1215 3113/2100/1215 3076/2098/1215
f 3075/2102/1215 3114/2103/1215 3113/2100/1215
f 2959/2096/1215 3565/2104/1215 3564/2101/1215
f 2958/2105/1215 3565/2104/1215 2959/2096/1215
f 3551/2093/1215 3043/2106/1215 3042/2099/1215
f 3074/2107/1215 3114/2103/1215 3075/2102/1215
f 3074/2107/1215 3115/2108/1215 3114/2103/1215
f 2958/2105/1215 3566/2109/1215 3565/2104/1215
f 3551/2093/1215 3044/2110/1215 3043/2106/1215
f 3073/2111/1215 3115/2108/1215 3074/2107/1215
f 3550/2112/1215 3044/2110/1215 3551/2093/1215
f 3073/2111/1215 3116/2113/1215 3115/2108/1215
f 2958/2105/1215 3567/2114/1215 3566/2109/1215
f 2957/2115/1215 3567/2114/1215 2958/2105/1215
f 3550/2112/1215 3045/2116/1215 3044/2110/1215
f 3072/2117/1215 3116/2113/1215 3073/2111/1215
f 3072/2117/1215 3117/2118/1215 3116/2113/1215
f 2957/2115/1215 3568/2119/1215 3567/2114/1215
f 3550/2112/1215 3046/2120/1215 3045/2116/1215
f 3071/2121/1215 3117/2118/1215 3072/2117/1215
f 2957/2115/1215 3569/2122/1215 3568/2119/1215
f 3071/2121/1215 3118/2123/1215 3117/2118/1215
f 2956/2124/1215 3569/2122/1215 2957/2115/1215
f 3550/2112/1215 3047/2125/1215 3046/2120/1215
f 3070/2126/1215 3118/2123/1215 3071/2121/1215
f 2956/2124/1215 3570/2127/1215 3569/2122/1215
f 3070/2126/1215 3119/2128/1215 3118/2123/1215
f 3550/2112/1215 3048/2129/1215 3047/2125/1215
f 3549/2130/1215 3048/2129/1215 3550/2112/1215
f 2956/2124/1215 3571/2131/1215 3570/2127/1215
f 3069/2132/1215 3119/2128/1215 3070/2126/1215
f 3549/2130/1215 3049/2133/1215 3048/2129/1215
f 2955/2134/1215 3571/2131/1215 2956/2124/1215
f 3069/2132/1215 3120/2135/1215 3119/2128/1215
f 3548/2136/1215 3049/2133/1215 3549/2130/1215
f 2955/2134/1215 3572/2137/1215 3571/2131/1215
f 3548/2136/1215 3050/2138/1215 3049/2133/1215
f 3068/2139/1215 3120/2135/1215 3069/2132/1215
f 2955/2134/1215 3573/2140/1215 3572/2137/1215
f 3547/2141/1215 3050/2138/1215 3548/2136/1215
f 3547/2141/1215 3051/2142/1215 3050/2138/1215
f 3068/2139/1215 3121/2143/1215 3120/2135/1215
f 2954/2144/1215 3573/2140/1215 2955/2134/1215
f 3547/2141/1215 3052/2145/1215 3051/2142/1215
f 2954/2144/1215 3574/2146/1215 3573/2140/1215
f 3546/2147/1215 3052/2145/1215 3547/2141/1215
f 3067/2148/1215 3121/2143/1215 3068/2139/1215
f 3546/2147/1215 3053/2149/1215 3052/2145/1215
f 2954/2144/1215 3575/2150/1215 3574/2146/1215
f 3067/2148/1215 3122/2151/1215 3121/2143/1215
f 3546/2147/1215 3054/2152/1215 3053/2149/1215
f 3546/2147/1215 3055/2153/1215 3054/2152/1215
f 3545/2154/1215 3055/2153/1215 3546/2147/1215
f 3545/2154/1215 3056/2155/1215 3055/2153/1215
f 3545/2154/1215 3057/2156/1215 3056/2155/1215
f 3545/2154/1215 3058/2157/1215 3057/2156/1215
f 3545/2154/1215 3059/2158/1215 3058/2157/1215
f 3545/2154/1215 3060/2159/1215 3059/2158/1215
f 2953/2160/1215 3575/2150/1215 2954/2144/1215
f 2953/2160/1215 3576/2161/1215 3575/2150/1215
f 3545/2154/1215 3061/2162/1215 3060/2159/1215
f 3545/2154/1215 3062/2163/1215 3061/2162/1215
f 3545/2154/1215 3063/2164/1215 3062/2163/1215
f 3544/2165/1215 3063/2164/1215 3545/2154/1215
f 3067/2148/1215 3123/2166/1215 3122/2151/1215
f 3544/2165/1215 3064/2167/1215 3063/2164/1215
f 3544/2165/1215 3065/2168/1215 3064/2167/1215
f 3544/2165/1215 3066/2169/1215 3065/2168/1215
f 3544/2165/1215 3067/2148/1215 3066/2169/1215
f 3544/2165/1215 3123/2166/1215 3067/2148/1215
f 2953/2160/1215 3577/2170/1215 3576/2161/1215
f 3543/2171/1215 3123/2166/1215 3544/2165/1215
f 2952/2172/1215 3577/2170/1215 2953/2160/1215
f 3543/2171/1215 3124/2173/1215 3123/2166/1215
f 3542/2174/1215 3124/2173/1215 3543/2171/1215
f 2952/2172/1215 3578/2175/1215 3577/2170/1215
f 3541/2176/1215 3124/2173/1215 3542/2174/1215
f 3540/2177/1215 3124/2173/1215 3541/2176/1215
f 3540/2177/1215 3125/2178/1215 3124/2173/1215
f 3539/2179/1215 3125/2178/1215 3540/2177/1215
f 2952/2172/1215 3579/2180/1215 3578/2175/1215
f 3538/2181/1215 3125/2178/1215 3539/2179/1215
f 2951/2182/1215 3579/2180/1215 2952/2172/1215
f 3537/2183/1215 3125/2178/1215 3538/2181/1215
f 3536/2184/1215 3125/2178/1215 3537/2183/1215
f 3535/2185/1215 3125/2178/1215 3536/2184/1215
f 3534/2186/1215 3125/2178/1215 3535/2185/1215
f 3533/2187/1215 3125/2178/1215 3534/2186/1215
f 3532/2188/1215 3125/2178/1215 3533/2187/1215
f 3531/2189/1215 3125/2178/1215 3532/2188/1215
f 3530/2190/1215 3125/2178/1215 3531/2189/1215
f 3529/2191/1215 3125/2178/1215 3530/2190/1215
f 3528/2192/1215 3125/2178/1215 3529/2191/1215
f 3527/2193/1215 3125/2178/1215 3528/2192/1215
f 3526/2194/1215 3125/2178/1215 3527/2193/1215
f 3525/2195/1215 3125/2178/1215 3526/2194/1215
f 3524/2196/1215 3125/2178/1215 3525/2195/1215
f 3523/2197/1215 3125/2178/1215 3524/2196/1215
f 3522/2198/1215 3125/2178/1215 3523/2197/1215
f 3521/2199/1215 3125/2178/1215 3522/2198/1215
f 3520/2200/1215 3125/2178/1215 3521/2199/1215
f 2951/2182/1215 3580/2201/1215 3579/2180/1215
f 3519/2202/1215 3125/2178/1215 3520/2200/1215
f 3518/2203/1215 3125/2178/1215 3519/2202/1215
f 3518/2203/1215 3126/2204/1215 3125/2178/1215
f 3517/2205/1215 3126/2204/1215 3518/2203/1215
f 3516/2206/1215 3126/2204/1215 3517/2205/1215
f 3515/2207/1215 3126/2204/1215 3516/2206/1215
f 3514/2208/1215 3126/2204/1215 3515/2207/1215
f 2950/2209/1215 3580/2201/1215 2951/2182/1215
f 3513/2210/1215 3126/2204/1215 3514/2208/1215
f 2950/2209/1215 3581/2211/1215 3580/2201/1215
f 3512/2212/1215 3126/2204/1215 3513/2210/1215
f 3511/2213/1215 3126/2204/1215 3512/2212/1215
f 3510/2214/1215 3126/2204/1215 3511/2213/1215
f 3510/2214/1215 3127/2215/1215 3126/2204/1215
f 3509/2216/1215 3127/2215/1215 3510/2214/1215
f 3508/2217/1215 3127/2215/1215 3509/2216/1215
f 2950/2209/1215 3582/2218/1215 3581/2211/1215
f 3507/2219/1215 3127/2215/1215 3508/2217/1215
f 3506/2220/1215 3127/2215/1215 3507/2219/1215
f 3505/2221/1215 3127/2215/1215 3506/2220/1215
f 2949/2222/1215 3582/2218/1215 2950/2209/1215
f 3504/2223/1215 3127/2215/1215 3505/2221/1215
f 3503/2224/1215 3127/2215/1215 3504/2223/1215
f 2949/2222/1215 3583/2225/1215 3582/2218/1215
f 3502/2226/1215 3127/2215/1215 3503/2224/1215
f 3502/2226/1215 3128/2227/1215 3127/2215/1215
f 3501/2228/1215 3128/2227/1215 3502/2226/1215
f 3500/2229/1215 3128/2227/1215 3501/2228/1215
f 3499/2230/1215 3128/2227/1215 3500/2229/1215
f 3498/2231/1215 3128/2227/1215 3499/2230/1215
f 3497/2232/1215 3128/2227/1215 3498/2231/1215
f 2949/2222/1215 3584/2233/1215 3583/2225/1215
f 3496/2234/1215 3128/2227/1215 3497/2232/1215
f 3495/2235/1215 3128/2227/1215 3496/2234/1215
f 3494/2236/1215 3128/2227/1215 3495/2235/1215
f 3493/2237/1215 3128/2227/1215 3494/2236/1215
f 2948/2238/1215 3584/2233/1215 2949/2222/1215
f 3492/2239/1215 3128/2227/1215 3493/2237/1215
f 3492/2239/1215 3129/2240/1215 3128/2227/1215
f 2948/2238/1215 3585/2241/1215 3584/2233/1215
f 3491/2242/1215 3129/2240/1215 3492/2239/1215
f 3490/2243/1215 3129/2240/1215 3491/2242/1215
f 3489/2244/1215 3129/2240/1215 3490/2243/1215
f 3488/2245/1215 3129/2240/1215 3489/2244/1215
f 3487/2246/1215 3129/2240/1215 3488/2245/1215
f 2948/2238/1215 3586/2247/1215 3585/2241/1215
f 3486/2248/1215 3129/2240/1215 3487/2246/1215
f 3485/2249/1215 3129/2240/1215 3486/2248/1215
f 3484/2250/1215 3129/2240/1215 3485/2249/1215
f 3484/2250/1215 3130/2251/1215 3129/2240/1215
f 3483/2252/1215 3130/2251/1215 3484/2250/1215
f 2948/2238/1215 3587/2253/1215 3586/2247/1215
f 3482/2254/1215 3130/2251/1215 3483/2252/1215
f 3481/2255/1215 3130/2251/1215 3482/2254/1215
f 2948/2238/1215 3588/2256/1215 3587/2253/1215
f 3480/2257/1215 3130/2251/1215 3481/2255/1215
f 3479/2258/1215 3130/2251/1215 3480/2257/1215
f 2948/2238/1215 3589/2259/1215 3588/2256/1215
f 3478/2260/1215 3130/2251/1215 3479/2258/1215
f 2947/2261/1215 3589/2259/1215 2948/2238/1215
f 3609/2262/1215 3130/2251/1215 3478/2260/1215
f 2947/2261/1215 3590/2263/1215 3589/2259/1215
f 3608/2264/1215 3130/2251/1215 3609/2262/1215
f 3607/2265/1215 3130/2251/1215 3608/2264/1215
f 2947/2261/1215 3591/2266/1215 3590/2263/1215
f 3606/2267/1215 3130/2251/1215 3607/2265/1215
f 3606/2267/1215 3131/2268/1215 3130/2251/1215
f 2947/2261/1215 3592/2269/1215 3591/2266/1215
f 3605/2270/1215 3131/2268/1215 3606/2267/1215
f 3604/2271/1215 3131/2268/1215 3605/2270/1215
f 2947/2261/1215 3593/2272/1215 3592/2269/1215
f 3603/2273/1215 3131/2268/1215 3604/2271/1215
f 2947/2261/1215 3594/2274/1215 3593/2272/1215
f 3602/2275/1215 3131/2268/1215 3603/2273/1215
f 2947/2261/1215 3595/2276/1215 3594/2274/1215
f 3601/2277/1215 3131/2268/1215 3602/2275/1215
f 2947/2261/1215 3596/2278/1215 3595/2276/1215
f 3600/2279/1215 3131/2268/1215 3601/2277/1215
f 2947/2261/1215 3597/2280/1215 3596/2278/1215
f 3599/2281/1215 3131/2268/1215 3600/2279/1215
f 2947/2261/1215 3598/2282/1215 3597/2280/1215
f 3598/2282/1215 3131/2268/1215 3599/2281/1215
f 2947/2261/1215 3131/2268/1215 3598/2282/1215
f 2947/2261/1215 3132/2283/1215 3131/2268/1215
f 2946/2284/1215 3132/2283/1215 2947/2261/1215
f 2946/2284/1215 3133/2285/1215 3132/2283/1215
f 2945/2286/1215 3133/2285/1215 2946/2284/1215
f 2945/2286/1215 3134/2287/1215 3133/2285/1215
f 2944/2288/1215 3134/2287/1215 2945/2286/1215
f 2943/2289/1215 3134/2287/1215 2944/2288/1215
f 2943/2289/1215 3135/2290/1215 3134/2287/1215
f 2942/2291/1215 3135/2290/1215 2943/2289/1215
f 2941/2292/1215 3135/2290/1215 2942/2291/1215
f 2941/2292/1215 3136/2293/1215 3135/2290/1215
f 2940/2294/1215 3136/2293/1215 2941/2292/1215
f 2939/2295/1215 3136/2293/1215 2940/2294/1215
f 2939/2295/1215 3137/2296/1215 3136/2293/1215
f 2938/2297/1215 3137/2296/1215 2939/2295/1215
f 2937/2298/1215 3137/2296/1215 2938/2297/1215
f 2936/2299/1215 3137/2296/1215 2937/2298/1215
f 2936/2299/1215 3138/2300/1215 3137/2296/1215
f 2935/2301/1215 3138/2300/1215 2936/2299/1215
f 2934/2302/1215 3138/2300/1215 2935/2301/1215
f 2934/2302/1215 3139/2303/1215 3138/2300/1215
f 2933/2304/1215 3139/2303/1215 2934/2302/1215
f 2932/2305/1215 3139/2303/1215 2933/2304/1215
f 2931/2306/1215 3139/2303/1215 2932/2305/1215
f 2930/2307/1215 3139/2303/1215 2931/2306/1215
f 2929/2308/1215 3139/2303/1215 2930/2307/1215
f 2928/2309/1215 3139/2303/1215 2929/2308/1215
f 2927/2310/1215 3139/2303/1215 2928/2309/1215
f 2926/2311/1215 3139/2303/1215 2927/2310/1215
f 2926/2311/1215 3140/2312/1215 3139/2303/1215
f 2925/2313/1215 3140/2312/1215 2926/2311/1215
f 2924/2314/1215 3140/2312/1215 2925/2313/1215
f 2923/2315/1215 3140/2312/1215 2924/2314/1215
f 2922/2316/1215 3140/2312/1215 2923/2315/1215
f 2921/2317/1215 3140/2312/1215 2922/2316/1215
f 2920/2318/1215 3140/2312/1215 2921/2317/1215
f 2919/2319/1215 3140/2312/1215 2920/2318/1215
f 2918/2320/1215 3140/2312/1215 2919/2319/1215
f 2918/2320/1215 3141/2321/1215 3140/2312/1215
f 2918/2320/1215 3142/2322/1215 3141/2321/1215
f 2918/2320/1215 3143/2323/1215 3142/2322/1215
f 2917/2324/1215 3143/2323/1215 2918/2320/1215
f 2917/2324/1215 3144/2325/1215 3143/2323/1215
f 2917/2324/1215 3145/2326/1215 3144/2325/1215
f 2916/2327/1215 3145/2326/1215 2917/2324/1215
f 2916/2327/1215 3146/2328/1215 3145/2326/1215
f 2916/2327/1215 3147/2329/1215 3146/2328/1215
f 2915/2330/1215 3400/2331/1215 2916/2327/1215
f 3400/2331/1215 3147/2329/1215 2916/2327/1215
f 3400/2331/1215 3399/2332/1215 3147/2329/1215
f 3399/2332/1215 3148/2333/1215 3147/2329/1215
f 2915/2330/1215 3401/2334/1215 3400/2331/1215
f 3398/2335/1215 3148/2333/1215 3399/2332/1215
f 2915/2330/1215 3402/2336/1215 3401/2334/1215
f 3397/2337/1215 3148/2333/1215 3398/2335/1215
f 2915/2330/1215 3403/2338/1215 3402/2336/1215
f 3396/2339/1215 3148/2333/1215 3397/2337/1215
f 2915/2330/1215 3404/2340/1215 3403/2338/1215
f 3396/2339/1215 3149/2341/1215 3148/2333/1215
f 3395/2342/1215 3149/2341/1215 3396/2339/1215
f 2915/2330/1215 3405/2343/1215 3404/2340/1215
f 3395/2342/1215 3150/2344/1215 3149/2341/1215
f 2914/2345/1215 3405/2343/1215 2915/2330/1215
f 3394/2346/1215 3150/2344/1215 3395/2342/1215
f 2914/2345/1215 3406/2347/1215 3405/2343/1215
f 2914/2345/1215 3407/2348/1215 3406/2347/1215
f 2914/2345/1215 3408/2349/1215 3407/2348/1215
f 2914/2345/1215 3409/2350/1215 3408/2349/1215
f 3394/2346/1215 3151/2351/1215 3150/2344/1215
f 2914/2345/1215 3410/2352/1215 3409/2350/1215
f 2914/2345/1215 3411/2353/1215 3410/2352/1215
f 2914/2345/1215 3412/2354/1215 3411/2353/1215
f 2914/2345/1215 3413/2355/1215 3412/2354/1215
f 3393/2356/1215 3151/2351/1215 3394/2346/1215
f 2914/2345/1215 3414/2357/1215 3413/2355/1215
f 2914/2345/1215 3415/2358/1215 3414/2357/1215
f 3393/2356/1215 3152/2359/1215 3151/2351/1215
f 2914/2345/1215 3416/2360/1215 3415/2358/1215
f 2914/2345/1215 3417/2361/1215 3416/2360/1215
f 2914/2345/1215 3418/2362/1215 3417/2361/1215
f 3393/2356/1215 3153/2363/1215 3152/2359/1215
f 3393/2356/1215 3154/2364/1215 3153/2363/1215
f 3393/2356/1215 3155/2365/1215 3154/2364/1215
f 2914/2345/1215 3419/2366/1215 3418/2362/1215
f 3393/2356/1215 3156/2367/1215 3155/2365/1215
f 3393/2356/1215 3157/2368/1215 3156/2367/1215
f 3392/2369/1215 3157/2368/1215 3393/2356/1215
f 3392/2369/1215 3158/2370/1215 3157/2368/1215
f 3392/2369/1215 3159/2371/1215 3158/2370/1215
f 3392/2369/1215 3160/2372/1215 3159/2371/1215
f 3391/2373/1215 3160/2372/1215 3392/2369/1215
f 2914/2345/1215 3420/2374/1215 3419/2366/1215
f 3391/2373/1215 3161/2375/1215 3160/2372/1215
f 3391/2373/1215 3162/2376/1215 3161/2375/1215
f 2913/2377/1215 3420/2374/1215 2914/2345/1215
f 3391/2373/1215 3163/2378/1215 3162/2376/1215
f 3390/2379/1215 3163/2378/1215 3391/2373/1215
f 3390/2379/1215 3164/2380/1215 3163/2378/1215
f 2913/2377/1215 3421/2381/1215 3420/2374/1215
f 3389/2382/1215 3164/2380/1215 3390/2379/1215
f 3389/2382/1215 3165/2383/1215 3164/2380/1215
f 3389/2382/1215 3166/2384/1215 3165/2383/1215
f 3388/2385/1215 3166/2384/1215 3389/2382/1215
f 2913/2377/1215 3422/2386/1215 3421/2381/1215
f 3387/2387/1215 3166/2384/1215 3388/2385/1215
f 2913/2377/1215 3423/2388/1215 3422/2386/1215
f 3387/2387/1215 3167/2389/1215 3166/2384/1215
f 3386/2390/1215 3167/2389/1215 3387/2387/1215
f 2912/2391/1215 3423/2388/1215 2913/2377/1215
f 3385/2392/1215 3167/2389/1215 3386/2390/1215
f 2912/2391/1215 3424/2393/1215 3423/2388/1215
f 3384/2394/1215 3167/2389/1215 3385/2392/1215
f 3384/2394/1215 3168/2395/1215 3167/2389/1215
f 2912/2391/1215 3425/2396/1215 3424/2393/1215
f 3383/2397/1215 3168/2395/1215 3384/2394/1215
f 3382/2398/1215 3168/2395/1215 3383/2397/1215
f 2912/2391/1215 3426/2399/1215 3425/2396/1215
f 3381/2400/1215 3168/2395/1215 3382/2398/1215
f 3380/2401/1215 3168/2395/1215 3381/2400/1215
f 3379/2402/1215 3168/2395/1215 3380/2401/1215
f 3378/2403/1215 3168/2395/1215 3379/2402/1215
f 3378/2403/1215 3169/2404/1215 3168/2395/1215
f 3377/2405/1215 3169/2404/1215 3378/2403/1215
f 2911/2406/1215 3426/2399/1215 2912/2391/1215
f 2911/2406/1215 3427/2407/1215 3426/2399/1215
f 3376/2408/1215 3169/2404/1215 3377/2405/1215
f 3375/2409/1215 3169/2404/1215 3376/2408/1215
f 3374/2410/1215 3169/2404/1215 3375/2409/1215
f 2911/2406/1215 3428/2411/1215 3427/2407/1215
f 3373/2412/1215 3169/2404/1215 3374/2410/1215
f 3372/2413/1215 3169/2404/1215 3373/2412/1215
f 2911/2406/1215 3429/2414/1215 3428/2411/1215
f 3371/2415/1215 3169/2404/1215 3372/2413/1215
f 2911/2406/1215 3430/2416/1215 3429/2414/1215
f 2911/2406/1215 3431/2417/1215 3430/2416/1215
f 2911/2406/1215 3432/2418/1215 3431/2417/1215
f 2911/2406/1215 3433/2419/1215 3432/2418/1215
f 2911/2406/1215 3434/2420/1215 3433/2419/1215
f 3370/2421/1215 3169/2404/1215 3371/2415/1215
f 2911/2406/1215 3435/2422/1215 3434/2420/1215
f 2911/2406/1215 3436/2423/1215 3435/2422/1215
f 2911/2406/1215 3437/2424/1215 3436/2423/1215
f 3370/2421/1215 3170/2425/1215 3169/2404/1215
f 2911/2406/1215 3438/2426/1215 3437/2424/1215
f 2911/2406/1215 3439/2427/1215 3438/2426/1215
f 2911/2406/1215 3440/2428/1215 3439/2427/1215
f 2911/2406/1215 3441/2429/1215 3440/2428/1215
f 2911/2406/1215 3442/2430/1215 3441/2429/1215
f 3369/2431/1215 3170/2425/1215 3370/2421/1215
f 3368/2432/1215 3170/2425/1215 3369/2431/1215
f 2910/2433/1215 3442/2430/1215 2911/2406/1215
f 2910/2433/1215 3443/2434/1215 3442/2430/1215
f 3367/2435/1215 3170/2425/1215 3368/2432/1215
f 2910/2433/1215 3444/2436/1215 3443/2434/1215
f 3367/2435/1215 3171/2437/1215 3170/2425/1215
f 2910/2433/1215 3445/2438/1215 3444/2436/1215
f 2910/2433/1215 3446/2439/1215 3445/2438/1215
f 2910/2433/1215 3447/2440/1215 3446/2439/1215
f 3366/2441/1215 3171/2437/1215 3367/2435/1215
f 2910/2433/1215 2837/2442/1215 3447/2440/1215
f 2837/2442/1215 3448/2443/1215 3447/2440/1215
f 2910/2433/1215 2838/2444/1215 2837/2442/1215
f 2836/2445/1215 3448/2443/1215 2837/2442/1215
f 2836/2445/1215 3449/2446/1215 3448/2443/1215
f 2835/2447/1215 3449/2446/1215 2836/2445/1215
f 3366/2441/1215 3172/2448/1215 3171/2437/1215
f 2909/2449/1215 2838/2444/1215 2910/2433/1215
f 2835/2447/1215 3450/2450/1215 3449/2446/1215
f 2834/2451/1215 3450/2450/1215 2835/2447/1215
f 3365/2452/1215 3172/2448/1215 3366/2441/1215
f 2834/2451/1215 3451/2453/1215 3450/2450/1215
f 2833/2454/1215 3451/2453/1215 2834/2451/1215
f 2833/2454/1215 3452/2455/1215 3451/2453/1215
f 2832/2456/1215 3452/2455/1215 2833/2454/1215
f 2832/2456/1215 3453/2457/1215 3452/2455/1215
f 3364/2458/1215 3172/2448/1215 3365/2452/1215
f 3364/2458/1215 3173/2459/1215 3172/2448/1215
f 2909/2449/1215 2839/2460/1215 2838/2444/1215
f 2831/2461/1215 3453/2457/1215 2832/2456/1215
f 2831/2461/1215 3454/2462/1215 3453/2457/1215
f 2909/2449/1215 2840/2463/1215 2839/2460/1215
f 2908/2464/1215 2840/2463/1215 2909/2449/1215
f 2831/2461/1215 3455/2465/1215 3454/2462/1215
f 2908/2464/1215 2841/2466/1215 2840/2463/1215
f 2830/2467/1215 3455/2465/1215 2831/2461/1215
f 3363/2468/1215 3173/2459/1215 3364/2458/1215
f 2908/2464/1215 2842/2469/1215 2841/2466/1215
f 2908/2464/1215 2843/2470/1215 2842/2469/1215
f 2829/2471/1215 3455/2465/1215 2830/2467/1215
f 3363/2468/1215 3174/2472/1215 3173/2459/1215
f 2908/2464/1215 2844/2473/1215 2843/2470/1215
f 2828/2474/1215 3455/2465/1215 2829/2471/1215
f 3362/2475/1215 3174/2472/1215 3363/2468/1215
f 2908/2464/1215 2845/2476/1215 2844/2473/1215
f 2907/2477/1215 2845/2476/1215 2908/2464/1215
f 2827/2478/1215 3455/2465/1215 2828/2474/1215
f 2907/2477/1215 2846/2479/1215 2845/2476/1215
f 2826/2480/1215 3455/2465/1215 2827/2478/1215
f 2907/2477/1215 2847/2481/1215 2846/2479/1215
f 3362/2475/1215 3175/2482/1215 3174/2472/1215
f 2825/2483/1215 3455/2465/1215 2826/2480/1215
f 3361/2484/1215 3175/2482/1215 3362/2475/1215
f 2824/2485/1215 3455/2465/1215 2825/2483/1215
f 2907/2477/1215 2848/2486/1215 2847/2481/1215
f 2906/2487/1215 2848/2486/1215 2907/2477/1215
f 2906/2487/1215 2849/2488/1215 2848/2486/1215
f 2824/2485/1215 3456/2489/1215 3455/2465/1215
f 3360/2490/1215 3175/2482/1215 3361/2484/1215
f 2906/2487/1215 2850/2491/1215 2849/2488/1215
f 3360/2490/1215 3176/2492/1215 3175/2482/1215
f 2906/2487/1215 2851/2493/1215 2850/2491/1215
f 2906/2487/1215 2852/2494/1215 2851/2493/1215
f 2905/2495/1215 2852/2494/1215 2906/2487/1215
f 3359/2496/1215 3176/2492/1215 3360/2490/1215
f 2905/2495/1215 2853/2497/1215 2852/2494/1215
f 2823/2498/1215 3456/2489/1215 2824/2485/1215
f 2905/2495/1215 2854/2499/1215 2853/2497/1215
f 2905/2495/1215 2855/2500/1215 2854/2499/1215
f 3359/2496/1215 3177/2501/1215 3176/2492/1215
f 2904/2502/1215 2855/2500/1215 2905/2495/1215
f 3358/2503/1215 3177/2501/1215 3359/2496/1215
f 2904/2502/1215 2856/2504/1215 2855/2500/1215
f 2823/2498/1215 3457/2505/1215 3456/2489/1215
f 2904/2502/1215 2857/2506/1215 2856/2504/1215
f 2904/2502/1215 2858/2507/1215 2857/2506/1215
f 2904/2502/1215 2859/2508/1215 2858/2507/1215
f 2903/2509/1215 2859/2508/1215 2904/2502/1215
f 2903/2509/1215 2860/2510/1215 2859/2508/1215
f 3357/2511/1215 3177/2501/1215 3358/2503/1215
f 2903/2509/1215 2861/2512/1215 2860/2510/1215
f 2822/2513/1215 3457/2505/1215 2823/2498/1215
f 3357/2511/1215 3178/2514/1215 3177/2501/1215
f 2903/2509/1215 2862/2515/1215 2861/2512/1215
f 2903/2509/1215 2863/2516/1215 2862/2515/1215
f 2903/2509/1215 2864/2517/1215 2863/2516/1215
f 3357/2511/1215 3179/2518/1215 3178/2514/1215
f 2903/2509/1215 2865/2519/1215 2864/2517/1215
f 2902/2520/1215 2865/2519/1215 2903/2509/1215
f 2902/2520/1215 2866/2521/1215 2865/2519/1215
f 2902/2520/1215 2867/2522/1215 2866/2521/1215
f 3356/2523/1215 3179/2518/1215 3357/2511/1215
f 3356/2523/1215 3180/2524/1215 3179/2518/1215
f 2902/2520/1215 2868/2525/1215 2867/2522/1215
f 2902/2520/1215 2869/2526/1215 2868/2525/1215
f 3355/2527/1215 3180/2524/1215 3356/2523/1215
f 2822/2513/1215 3458/2528/1215 3457/2505/1215
f 2902/2520/1215 2870/2529/1215 2869/2526/1215
f 2901/2530/1215 2870/2529/1215 2902/2520/1215
f 3355/2527/1215 3181/2531/1215 3180/2524/1215
f 3354/2532/1215 3181/2531/1215 3355/2527/1215
f 2901/2530/1215 2871/2533/1215 2870/2529/1215
f 2901/2530/1215 2872/2534/1215 2871/2533/1215
f 3353/2535/1215 3181/2531/1215 3354/2532/1215
f 2901/2530/1215 2873/2536/1215 2872/2534/1215
f 2821/2537/1215 3458/2528/1215 2822/2513/1215
f 3353/2535/1215 3182/2538/1215 3181/2531/1215
f 2900/2539/1215 2873/2536/1215 2901/2530/1215
f 2900/2539/1215 2874/2540/1215 2873/2536/1215
f 3352/2541/1215 3182/2538/1215 3353/2535/1215
f 2900/2539/1215 2875/2542/1215 2874/2540/1215
f 2900/2539/1215 2876/2543/1215 2875/2542/1215
f 3351/2544/1215 3182/2538/1215 3352/2541/1215
f 2900/2539/1215 2877/2545/1215 2876/2543/1215
f 2900/2539/1215 2878/2546/1215 2877/2545/1215
f 3351/2544/1215 3183/2547/1215 3182/2538/1215
f 2900/2539/1215 2879/2548/1215 2878/2546/1215
f 2899/2549/1215 2879/2548/1215 2900/2539/1215
f 3350/2550/1215 3183/2547/1215 3351/2544/1215
f 2899/2549/1215 2880/2551/1215 2879/2548/1215
f 2899/2549/1215 2881/2552/1215 2880/2551/1215
f 3349/2553/1215 3183/2547/1215 3350/2550/1215
f 2899/2549/1215 2882/2554/1215 2881/2552/1215
f 2899/2549/1215 2883/2555/1215 2882/2554/1215
f 3348/2556/1215 3183/2547/1215 3349/2553/1215
f 2899/2549/1215 2884/2557/1215 2883/2555/1215
f 2898/2558/1215 2884/2557/1215 2899/2549/1215
f 2898/2558/1215 2885/2559/1215 2884/2557/1215
f 3348/2556/1215 3184/2560/1215 3183/2547/1215
f 3347/2561/1215 3184/2560/1215 3348/2556/1215
f 2898/2558/1215 2886/2562/1215 2885/2559/1215
f 2821/2537/1215 3459/2563/1215 3458/2528/1215
f 2898/2558/1215 2887/2564/1215 2886/2562/1215
f 3346/2565/1215 3184/2560/1215 3347/2561/1215
f 2897/2566/1215 2887/2564/1215 2898/2558/1215
f 3345/2567/1215 3184/2560/1215 3346/2565/1215
f 2897/2566/1215 2888/2568/1215 2887/2564/1215
f 3344/2569/1215 3184/2560/1215 3345/2567/1215
f 2896/2570/1215 2888/2568/1215 2897/2566/1215
f 3343/2571/1215 3184/2560/1215 3344/2569/1215
f 2896/2570/1215 2889/2572/1215 2888/2568/1215
f 3342/2573/1215 3184/2560/1215 3343/2571/1215
f 2895/2574/1215 2889/2572/1215 2896/2570/1215
f 3341/2575/1215 3184/2560/1215 3342/2573/1215
f 2895/2574/1215 2890/2576/1215 2889/2572/1215
f 2894/2577/1215 2890/2576/1215 2895/2574/1215
f 3340/2578/1215 3184/2560/1215 3341/2575/1215
f 2894/2577/1215 2891/2579/1215 2890/2576/1215
f 3340/2578/1215 3185/2580/1215 3184/2560/1215
f 2820/2581/1215 3459/2563/1215 2821/2537/1215
f 2893/2582/1215 2891/2579/1215 2894/2577/1215
f 2893/2582/1215 2892/2583/1215 2891/2579/1215
f 3339/2584/1215 3185/2580/1215 3340/2578/1215
f 3338/2585/1215 3185/2580/1215 3339/2584/1215
f 3337/2586/1215 3185/2580/1215 3338/2585/1215
f 3336/2587/1215 3185/2580/1215 3337/2586/1215
f 3335/2588/1215 3185/2580/1215 3336/2587/1215
f 3334/2589/1215 3185/2580/1215 3335/2588/1215
f 3333/2590/1215 3185/2580/1215 3334/2589/1215
f 3333/2590/1215 3186/2591/1215 3185/2580/1215
f 3332/2592/1215 3186/2591/1215 3333/2590/1215
f 3331/2593/1215 3186/2591/1215 3332/2592/1215
f 3330/2594/1215 3186/2591/1215 3331/2593/1215
f 3329/2595/1215 3186/2591/1215 3330/2594/1215
f 3328/2596/1215 3186/2591/1215 3329/2595/1215
f 2820/2581/1215 3460/2597/1215 3459/2563/1215
f 3328/2596/1215 3187/2598/1215 3186/2591/1215
f 3327/2599/1215 3187/2598/1215 3328/2596/1215
f 3326/2600/1215 3187/2598/1215 3327/2599/1215
f 3325/2601/1215 3187/2598/1215 3326/2600/1215
f 2819/2602/1215 3460/2597/1215 2820/2581/1215
f 3324/2603/1215 3187/2598/1215 3325/2601/1215
f 3324/2603/1215 3188/2604/1215 3187/2598/1215
f 3323/2605/1215 3188/2604/1215 3324/2603/1215
f 3322/2606/1215 3188/2604/1215 3323/2605/1215
f 3321/2607/1215 3188/2604/1215 3322/2606/1215
f 3321/2607/1215 3189/2608/1215 3188/2604/1215
f 3320/2609/1215 3189/2608/1215 3321/2607/1215
f 2819/2602/1215 3461/2610/1215 3460/2597/1215
f 3320/2609/1215 3190/2611/1215 3189/2608/1215
f 3319/2612/1215 3190/2611/1215 3320/2609/1215
f 2818/2613/1215 3461/2610/1215 2819/2602/1215
f 3318/2614/1215 3190/2611/1215 3319/2612/1215
f 2818/2613/1215 3462/2615/1215 3461/2610/1215
f 3317/2616/1215 3190/2611/1215 3318/2614/1215
f 3317/2616/1215 3191/2617/1215 3190/2611/1215
f 3316/2618/1215 3191/2617/1215 3317/2616/1215
f 2817/2619/1215 3462/2615/1215 2818/2613/1215
f 2817/2619/1215 3463/2620/1215 3462/2615/1215
f 3315/2621/1215 3191/2617/1215 3316/2618/1215
f 3314/2622/1215 3191/2617/1215 3315/2621/1215
f 3313/2623/1215 3191/2617/1215 3314/2622/1215
f 2817/2619/1215 3464/2624/1215 3463/2620/1215
f 3313/2623/1215 3192/2625/1215 3191/2617/1215
f 3312/2626/1215 3192/2625/1215 3313/2623/1215
f 2816/2627/1215 3464/2624/1215 2817/2619/1215
f 3311/2628/1215 3192/2625/1215 3312/2626/1215
f 2816/2627/1215 3465/2629/1215 3464/2624/1215
f 3310/2630/1215 3192/2625/1215 3311/2628/1215
f 3309/2631/1215 3192/2625/1215 3310/2630/1215
f 3477/2632/1215 3192/2625/1215 3309/2631/1215
f 2816/2627/1215 3466/2633/1215 3465/2629/1215
f 3476/2634/1215 3192/2625/1215 3477/2632/1215
f 3475/2635/1215 3192/2625/1215 3476/2634/1215
f 3474/2636/1215 3192/2625/1215 3475/2635/1215
f 3473/2637/1215 3192/2625/1215 3474/2636/1215
f 2815/2638/1215 3466/2633/1215 2816/2627/1215
f 2815/2638/1215 3467/2639/1215 3466/2633/1215
f 3472/2640/1215 3192/2625/1215 3473/2637/1215
f 2815/2638/1215 3468/2641/1215 3467/2639/1215
f 3471/2642/1215 3192/2625/1215 3472/2640/1215
f 2815/2638/1215 3469/2643/1215 3468/2641/1215
f 3470/2644/1215 3192/2625/1215 3471/2642/1215
f 2815/2638/1215 3470/2644/1215 3469/2643/1215
f 2815/2638/1215 3192/2625/1215 3470/2644/1215
f 2815/2638/1215 3193/2645/1215 3192/2625/1215
f 2814/2646/1215 3193/2645/1215 2815/2638/1215
f 2814/2646/1215 3194/2647/1215 3193/2645/1215
f 2813/2648/1215 3255/2649/1215 2814/2646/1215
f 3255/2649/1215 3194/2647/1215 2814/2646/1215
f 2812/2650/1215 3256/2651/1215 2813/2648/1215
f 3256/2651/1215 3255/2649/1215 2813/2648/1215
f 3254/2652/1215 3194/2647/1215 3255/2649/1215
f 2812/2650/1215 3257/2653/1215 3256/2651/1215
f 3253/2654/1215 3194/2647/1215 3254/2652/1215
f 2812/2650/1215 3258/2655/1215 3257/2653/1215
f 3252/2656/1215 3194/2647/1215 3253/2654/1215
f 2812/2650/1215 3259/2657/1215 3258/2655/1215
f 3251/2658/1215 3194/2647/1215 3252/2656/1215
f 2812/2650/1215 3260/2659/1215 3259/2657/1215
f 3250/2660/1215 3194/2647/1215 3251/2658/1215
f 3250/2660/1215 3195/2661/1215 3194/2647/1215
f 2812/2650/1215 3261/2662/1215 3260/2659/1215
f 3249/2663/1215 3195/2661/1215 3250/2660/1215
f 2812/2650/1215 3262/2664/1215 3261/2662/1215
f 3248/2665/1215 3195/2661/1215 3249/2663/1215
f 2812/2650/1215 3263/2666/1215 3262/2664/1215
f 3247/2667/1215 3195/2661/1215 3248/2665/1215
f 2812/2650/1215 3264/2668/1215 3263/2666/1215
f 3246/2669/1215 3195/2661/1215 3247/2667/1215
f 2812/2650/1215 3265/2670/1215 3264/2668/1215
f 3245/2671/1215 3195/2661/1215 3246/2669/1215
f 2812/2650/1215 3266/2672/1215 3265/2670/1215
f 3244/2673/1215 3195/2661/1215 3245/2671/1215
f 2812/2650/1215 3267/2674/1215 3266/2672/1215
f 3243/2675/1215 3195/2661/1215 3244/2673/1215
f 3243/2675/1215 3196/2676/1215 3195/2661/1215
f 2811/2677/1215 3267/2674/1215 2812/2650/1215
f 2811/2677/1215 3268/2678/1215 3267/2674/1215
f 3242/2679/1215 3196/2676/1215 3243/2675/1215
f 2811/2677/1215 3269/2680/1215 3268/2678/1215
f 3241/2681/1215 3196/2676/1215 3242/2679/1215
f 2811/2677/1215 3270/2682/1215 3269/2680/1215
f 3240/2683/1215 3196/2676/1215 3241/2681/1215
f 3240/2683/1215 3197/2684/1215 3196/2676/1215
f 2811/2677/1215 3271/2685/1215 3270/2682/1215
f 3239/2686/1215 3197/2684/1215 3240/2683/1215
f 2810/2687/1215 3271/2685/1215 2811/2677/1215
f 3238/2688/1215 3197/2684/1215 3239/2686/1215
f 2810/2687/1215 3272/2689/1215 3271/2685/1215
f 3237/2690/1215 3197/2684/1215 3238/2688/1215
f 3237/2690/1215 3198/2691/1215 3197/2684/1215
f 2810/2687/1215 3273/2692/1215 3272/2689/1215
f 2809/2693/1215 3273/2692/1215 2810/2687/1215
f 3236/2694/1215 3198/2691/1215 3237/2690/1215
f 3235/2695/1215 3198/2691/1215 3236/2694/1215
f 3234/2696/1215 3198/2691/1215 3235/2695/1215
f 2809/2693/1215 3274/2697/1215 3273/2692/1215
f 3233/2698/1215 3198/2691/1215 3234/2696/1215
f 3233/2698/1215 3199/2699/1215 3198/2691/1215
f 2809/2693/1215 3275/2700/1215 3274/2697/1215
f 3232/2701/1215 3199/2699/1215 3233/2698/1215
f 2808/2702/1215 3275/2700/1215 2809/2693/1215
f 3231/2703/1215 3199/2699/1215 3232/2701/1215
f 2808/2702/1215 3276/2704/1215 3275/2700/1215
f 3230/2705/1215 3199/2699/1215 3231/2703/1215
f 2808/2702/1215 3277/2706/1215 3276/2704/1215
f 3229/2707/1215 3199/2699/1215 3230/2705/1215
f 3229/2707/1215 3200/2708/1215 3199/2699/1215
f 2808/2702/1215 3278/2709/1215 3277/2706/1215
f 3228/2710/1215 3200/2708/1215 3229/2707/1215
f 2807/2711/1215 3278/2709/1215 2808/2702/1215
f 3227/2712/1215 3200/2708/1215 3228/2710/1215
f 2807/2711/1215 3279/2713/1215 3278/2709/1215
f 3227/2712/1215 3201/2714/1215 3200/2708/1215
f 3226/2715/1215 3201/2714/1215 3227/2712/1215
f 2807/2711/1215 3280/2716/1215 3279/2713/1215
f 2806/2717/1215 3280/2716/1215 2807/2711/1215
f 3225/2718/1215 3201/2714/1215 3226/2715/1215
f 2806/2717/1215 3281/2719/1215 3280/2716/1215
f 3225/2718/1215 3202/2720/1215 3201/2714/1215
f 3224/2721/1215 3202/2720/1215 3225/2718/1215
f 3224/2721/1215 3203/2722/1215 3202/2720/1215
f 2805/2723/1215 3281/2719/1215 2806/2717/1215
f 2805/2723/1215 3282/2724/1215 3281/2719/1215
f 3223/2725/1215 3203/2722/1215 3224/2721/1215
f 3223/2725/1215 3204/2726/1215 3203/2722/1215
f 3223/2725/1215 3205/2727/1215 3204/2726/1215
f 3222/2728/1215 3205/2727/1215 3223/2725/1215
f 3222/2728/1215 3206/2729/1215 3205/2727/1215
f 2805/2723/1215 3283/2730/1215 3282/2724/1215
f 3222/2728/1215 3207/2731/1215 3206/2729/1215
f 2804/2732/1215 3283/2730/1215 2805/2723/1215
f 3221/2733/1215 3207/2731/1215 3222/2728/1215
f 3221/2733/1215 3208/2734/1215 3207/2731/1215
f 3221/2733/1215 3209/2735/1215 3208/2734/1215
f 3221/2733/1215 3210/2736/1215 3209/2735/1215
f 3220/2737/1215 3210/2736/1215 3221/2733/1215
f 3220/2737/1215 3211/2738/1215 3210/2736/1215
f 3220/2737/1215 3212/2739/1215 3211/2738/1215
f 2804/2732/1215 3284/2740/1215 3283/2730/1215
f 3219/2741/1215 3212/2739/1215 3220/2737/1215
f 3219/2741/1215 3213/2742/1215 3212/2739/1215
f 3219/2741/1215 3214/2743/1215 3213/2742/1215
f 3218/2744/1215 3214/2743/1215 3219/2741/1215
f 2803/2745/1215 3284/2740/1215 2804/2732/1215
f 3218/2744/1215 3215/2746/1215 3214/2743/1215
f 3217/2747/1215 3215/2746/1215 3218/2744/1215
f 3217/2747/1215 3216/2748/1215 3215/2746/1215
f 2803/2745/1215 3285/2749/1215 3284/2740/1215
f 2802/2750/1215 3285/2749/1215 2803/2745/1215
f 2802/2750/1215 3286/2751/1215 3285/2749/1215
f 2801/2752/1215 3286/2751/1215 2802/2750/1215
f 2800/2753/1215 3286/2751/1215 2801/2752/1215
f 2800/2753/1215 3287/2754/1215 3286/2751/1215
f 2799/2755/1215 3287/2754/1215 2800/2753/1215
f 2799/2755/1215 3288/2756/1215 3287/2754/1215
f 2798/2757/1215 3288/2756/1215 2799/2755/1215
f 2797/2758/1215 3288/2756/1215 2798/2757/1215
f 2797/2758/1215 3289/2759/1215 3288/2756/1215
f 2796/2760/1215 3289/2759/1215 2797/2758/1215
f 2796/2760/1215 3290/2761/1215 3289/2759/1215
f 2795/2762/1215 3290/2761/1215 2796/2760/1215
f 2794/2763/1215 3290/2761/1215 2795/2762/1215
f 2794/2763/1215 3291/2764/1215 3290/2761/1215
f 2793/2765/1215 3291/2764/1215 2794/2763/1215
f 2793/2765/1215 3292/2766/1215 3291/2764/1215
f 2792/2767/1215 3292/2766/1215 2793/2765/1215
f 2791/2768/1215 3292/2766/1215 2792/2767/1215
f 2791/2768/1215 3293/2769/1215 3292/2766/1215
f 2790/2770/1215 3293/2769/1215 2791/2768/1215
f 2790/2770/1215 3294/2771/1215 3293/2769/1215
f 3308/2772/1215 3294/2771/1215 2790/2770/1215
f 3308/2772/1215 3295/2773/1215 3294/2771/1215
f 3307/2774/1215 3295/2773/1215 3308/2772/1215
f 3306/2775/1215 3295/2773/1215 3307/2774/1215
f 3305/2776/1215 3295/2773/1215 3306/2775/1215
f 3304/2777/1215 3295/2773/1215 3305/2776/1215
f 3303/2778/1215 3295/2773/1215 3304/2777/1215
f 3302/2779/1215 3295/2773/1215 3303/2778/1215
f 3301/2780/1215 3295/2773/1215 3302/2779/1215
f 3300/2781/1215 3295/2773/1215 3301/2780/1215
f 3299/2782/1215 3295/2773/1215 3300/2781/1215
f 3297/2783/1215 3295/2773/1215 3299/2782/1215
f 3296/2784/1215 3295/2773/1215 3297/2783/1215
f 5571/1393/1216 5572/1395/1216 5573/1394/1216
f 5570/1396/1216 5571/1393/1216 5573/1394/1216
f 5570/1396/1216 5573/1394/1216 5574/1397/1216
f 5279/1398/1216 5280/1400/1216 5281/1399/1216
f 5279/1398/1216 5281/1399/1216 5282/1401/1216
f 5278/1402/1216 5279/1398/1216 5282/1401/1216
f 5278/1402/1216 5282/1401/1216 5283/1403/1216
f 5277/1404/1216 5278/1402/1216 5283/1403/1216
f 5277/1404/1216 5283/1403/1216 5284/1405/1216
f 5276/1406/1216 5277/1404/1216 5284/1405/1216
f 5276/1406/1216 5284/1405/1216 5285/1407/1216
f 5275/1408/1216 5276/1406/1216 5285/1407/1216
f 5275/1408/1216 5285/1407/1216 5286/1409/1216
f 5274/1410/1216 5275/1408/1216 5286/1409/1216
f 5274/1410/1216 5286/1409/1216 5287/1411/1216
f 5273/1412/1216 5274/1410/1216 5287/1411/1216
f 5273/1412/1216 5287/1411/1216 5288/1413/1216
f 5272/1414/1216 5273/1412/1216 5288/1413/1216
f 5272/1414/1216 5288/1413/1216 5289/1415/1216
f 5271/1416/1216 5272/1414/1216 5289/1415/1216
f 5271/1416/1216 5289/1415/1216 5290/1417/1216
f 5270/1418/1216 5271/1416/1216 5290/1417/1216
f 5270/1418/1216 5290/1417/1216 5291/1419/1216
f 5269/1420/1216 5270/1418/1216 5291/1419/1216
f 5269/1420/1216 5291/1419/1216 5292/1421/1216
f 5268/1422/1216 5269/1420/1216 5292/1421/1216
f 5268/1422/1216 5292/1421/1216 5293/1423/1216
f 5268/1422/1216 5293/1423/1216 5294/1424/1216
f 5268/1422/1216 5294/1424/1216 5295/1425/1216
f 5267/1426/1216 5268/1422/1216 5295/1425/1216
f 5267/1426/1216 5295/1425/1216 5296/1427/1216
f 5267/1426/1216 5296/1427/1216 5297/1428/1216
f 5266/1429/1216 5267/1426/1216 5297/1428/1216
f 5569/1430/1216 5570/1396/1216 5574/1397/1216
f 5569/1430/1216 5574/1397/1216 5575/1431/1216
f 5266/1429/1216 5297/1428/1216 5298/1432/1216
f 5266/1429/1216 5298/1432/1216 5299/1433/1216
f 5265/1434/1216 5266/1429/1216 5299/1433/1216
f 5265/1434/1216 5299/1433/1216 5300/1435/1216
f 5265/1434/1216 5300/1435/1216 5301/1436/1216
f 5264/1437/1216 5265/1434/1216 5301/1436/1216
f 5264/1437/1216 5301/1436/1216 5302/1438/1216
f 5264/1437/1216 5302/1438/1216 5303/1439/1216
f 5263/1440/1216 5264/1437/1216 5303/1439/1216
f 5263/1440/1216 5303/1439/1216 5304/1441/1216
f 5263/1440/1216 5304/1441/1216 5305/1442/1216
f 5262/1443/1216 5263/1440/1216 5305/1442/1216
f 5262/1443/1216 5305/1442/1216 5306/1444/1216
f 5262/1443/1216 5306/1444/1216 5307/1445/1216
f 5261/1446/1216 5262/1443/1216 5307/1445/1216
f 5261/1446/1216 5307/1445/1216 5308/1447/1216
f 5261/1446/1216 5308/1447/1216 5309/1448/1216
f 5260/1449/1216 5261/1446/1216 5309/1448/1216
f 5576/1450/1216 5569/1430/1216 5575/1431/1216
f 5260/1449/1216 5309/1448/1216 5310/1451/1216
f 5260/1449/1216 5310/1451/1216 5311/1452/1216
f 5259/1453/1216 5260/1449/1216 5311/1452/1216
f 5259/1453/1216 5311/1452/1216 5312/1454/1216
f 5259/1453/1216 5312/1454/1216 5313/1455/1216
f 5258/1456/1216 5259/1453/1216 5313/1455/1216
f 5258/1456/1216 5313/1455/1216 5314/1457/1216
f 5258/1456/1216 5314/1457/1216 5315/1458/1216
f 5257/1459/1216 5258/1456/1216 5532/1460/1216
f 5532/1460/1216 5258/1456/1216 5315/1458/1216
f 5257/1459/1217 5532/1460/1217 5533/1461/1217
f 5531/1462/1216 5532/1460/1216 5315/1458/1216
f 5257/1459/1216 5533/1461/1216 5534/1463/1216
f 5530/1464/1216 5531/1462/1216 5315/1458/1216
f 5529/1465/1216 5530/1464/1216 5315/1458/1216
f 5257/1459/1216 5534/1463/1216 5535/1466/1216
f 5529/1465/1216 5315/1458/1216 5316/1467/1216
f 5528/1468/1216 5529/1465/1216 5316/1467/1216
f 5257/1459/1216 5535/1466/1216 5536/1469/1216
f 5527/1470/1216 5528/1468/1216 5316/1467/1216
f 5526/1471/1216 5527/1470/1216 5316/1467/1216
f 5257/1459/1216 5536/1469/1216 5537/1472/1216
f 5525/1473/1216 5526/1471/1216 5316/1467/1216
f 5256/1474/1216 5257/1459/1216 5537/1472/1216
f 5524/1475/1216 5525/1473/1216 5316/1467/1216
f 5256/1474/1216 5537/1472/1216 5538/1476/1216
f 5524/1475/1216 5316/1467/1216 5317/1477/1216
f 5523/1478/1216 5524/1475/1216 5317/1477/1216
f 5256/1474/1216 5538/1476/1216 5539/1479/1216
f 5522/1480/1216 5523/1478/1216 5317/1477/1216
f 5521/1481/1216 5522/1480/1216 5317/1477/1216
f 5256/1474/1216 5539/1479/1216 5540/1482/1216
f 5521/1481/1216 5317/1477/1216 5318/1483/1216
f 5255/1484/1216 5256/1474/1216 5540/1482/1216
f 5520/1485/1216 5521/1481/1216 5318/1483/1216
f 5254/1486/1216 5255/1484/1216 5540/1482/1216
f 5253/1487/1216 5254/1486/1216 5540/1482/1216
f 5519/1488/1216 5520/1485/1216 5318/1483/1216
f 5252/1489/1216 5253/1487/1216 5540/1482/1216
f 5252/1489/1216 5540/1482/1216 5541/1490/1216
f 5251/1491/1216 5252/1489/1216 5541/1490/1216
f 5518/1492/1216 5519/1488/1216 5318/1483/1216
f 5250/1493/1216 5251/1491/1216 5541/1490/1216
f 5518/1492/1216 5318/1483/1216 5319/1494/1216
f 5249/1495/1216 5250/1493/1216 5541/1490/1216
f 5248/1496/1216 5249/1495/1216 5541/1490/1216
f 5517/1497/1216 5518/1492/1216 5319/1494/1216
f 5247/1498/1216 5248/1496/1216 5541/1490/1216
f 5247/1498/1216 5541/1490/1216 5542/1499/1216
f 5246/1500/1216 5247/1498/1216 5542/1499/1216
f 5245/1501/1216 5246/1500/1216 5542/1499/1216
f 5516/1502/1216 5517/1497/1216 5319/1494/1216
f 5244/1503/1216 5245/1501/1216 5542/1499/1216
f 5243/1504/1216 5244/1503/1216 5542/1499/1216
f 5516/1502/1216 5319/1494/1216 5320/1505/1216
f 5515/1506/1216 5516/1502/1216 5320/1505/1216
f 5242/1507/1216 5243/1504/1216 5542/1499/1216
f 5242/1507/1216 5542/1499/1216 5543/1508/1216
f 5514/1509/1216 5515/1506/1216 5320/1505/1216
f 5241/1510/1216 5242/1507/1216 5543/1508/1216
f 5514/1509/1216 5320/1505/1216 5321/1511/1216
f 5513/1512/1216 5514/1509/1216 5321/1511/1216
f 5240/1513/1216 5241/1510/1216 5543/1508/1216
f 5240/1513/1216 5543/1508/1216 5544/1514/1216
f 5512/1515/1216 5513/1512/1216 5321/1511/1216
f 5239/1516/1216 5240/1513/1216 5544/1514/1216
f 5512/1515/1216 5321/1511/1216 5322/1517/1216
f 5238/1518/1216 5239/1516/1216 5544/1514/1216
f 5511/1519/1216 5512/1515/1216 5322/1517/1216
f 5237/1520/1216 5238/1518/1216 5544/1514/1216
f 5236/1521/1216 5237/1520/1216 5544/1514/1216
f 5510/1522/1216 5511/1519/1216 5322/1517/1216
f 5236/1521/1216 5544/1514/1216 5545/1523/1216
f 5235/1524/1216 5236/1521/1216 5545/1523/1216
f 5510/1522/1216 5322/1517/1216 5323/1525/1216
f 5234/1526/1216 5235/1524/1216 5545/1523/1216
f 5509/1527/1216 5510/1522/1216 5323/1525/1216
f 5233/1528/1216 5234/1526/1216 5545/1523/1216
f 5232/1529/1216 5233/1528/1216 5545/1523/1216
f 5509/1527/1216 5323/1525/1216 5324/1530/1216
f 5508/1531/1216 5509/1527/1216 5324/1530/1216
f 5231/1532/1216 5232/1529/1216 5545/1523/1216
f 5230/1533/1216 5231/1532/1216 5545/1523/1216
f 5230/1533/1216 5545/1523/1216 5546/1534/1216
f 5507/1535/1216 5508/1531/1216 5324/1530/1216
f 5229/1536/1216 5230/1533/1216 5546/1534/1216
f 5228/1537/1216 5229/1536/1216 5546/1534/1216
f 5506/1538/1216 5507/1535/1216 5324/1530/1216
f 5506/1538/1216 5324/1530/1216 5325/1539/1216
f 5227/1540/1216 5228/1537/1216 5546/1534/1216
f 5226/1541/1216 5227/1540/1216 5546/1534/1216
f 5225/1542/1216 5226/1541/1216 5546/1534/1216
f 5225/1542/1216 5546/1534/1216 5547/1543/1216
f 5505/1544/1216 5506/1538/1216 5325/1539/1216
f 5224/1545/1216 5225/1542/1216 5547/1543/1216
f 5223/1546/1216 5224/1545/1216 5547/1543/1216
f 5222/1547/1216 5223/1546/1216 5547/1543/1216
f 5505/1544/1216 5325/1539/1216 5326/1548/1216
f 5221/1549/1216 5222/1547/1216 5547/1543/1216
f 5504/1550/1216 5505/1544/1216 5326/1548/1216
f 5220/1551/1216 5221/1549/1216 5547/1543/1216
f 5219/1552/1216 5220/1551/1216 5547/1543/1216
f 5219/1552/1216 5547/1543/1216 5548/1553/1216
f 5503/1554/1216 5504/1550/1216 5326/1548/1216
f 5503/1554/1216 5326/1548/1216 5327/1555/1216
f 5218/1556/1216 5219/1552/1216 5548/1553/1216
f 5502/1557/1216 5503/1554/1216 5327/1555/1216
f 5218/1556/1216 5548/1553/1216 5549/1558/1216
f 5502/1557/1216 5327/1555/1216 5328/1559/1216
f 5501/1560/1216 5502/1557/1216 5328/1559/1216
f 5217/1561/1216 5218/1556/1216 5549/1558/1216
f 5500/1562/1216 5501/1560/1216 5328/1559/1216
f 5217/1561/1216 5549/1558/1216 5550/1563/1216
f 5500/1562/1216 5328/1559/1216 5329/1564/1216
f 5499/1565/1216 5500/1562/1216 5329/1564/1216
f 5499/1565/1216 5329/1564/1216 5330/1566/1216
f 5216/1567/1216 5217/1561/1216 5550/1563/1216
f 5499/1565/1216 5330/1566/1216 5331/1568/1216
f 5498/1569/1216 5499/1565/1216 5331/1568/1216
f 5498/1569/1216 5331/1568/1216 5332/1570/1216
f 5216/1567/1216 5550/1563/1216 5551/1571/1216
f 5497/1572/1216 5498/1569/1216 5332/1570/1216
f 5497/1572/1216 5332/1570/1216 5333/1573/1216
f 5215/1574/1216 5216/1567/1216 5551/1571/1216
f 5497/1572/1216 5333/1573/1216 5334/1575/1216
f 5496/1576/1216 5497/1572/1216 5334/1575/1216
f 5496/1576/1216 5334/1575/1216 5335/1577/1216
f 5360/1578/1216 5361/1580/1216 5362/1579/1216
f 5359/1581/1216 5360/1578/1216 5362/1579/1216
f 5359/1581/1216 5362/1579/1216 5363/1582/1216
f 5358/1583/1216 5359/1581/1216 5363/1582/1216
f 5496/1576/1216 5335/1577/1216 5336/1584/1216
f 5215/1574/1216 5551/1571/1216 5552/1585/1216
f 5357/1586/1216 5358/1583/1216 5363/1582/1216
f 5357/1586/1216 5363/1582/1216 5364/1587/1216
f 5356/1588/1216 5357/1586/1216 5364/1587/1216
f 5356/1588/1216 5364/1587/1216 5365/1589/1216
f 5355/1590/1216 5356/1588/1216 5365/1589/1216
f 5496/1576/1216 5336/1584/1216 5337/1591/1216
f 5214/1592/1216 5215/1574/1216 5552/1585/1216
f 5354/1593/1216 5355/1590/1216 5365/1589/1216
f 5354/1593/1216 5365/1589/1216 5366/1594/1216
f 5353/1595/1216 5354/1593/1216 5366/1594/1216
f 5496/1576/1216 5337/1591/1216 5338/1596/1216
f 5352/1597/1216 5353/1595/1216 5366/1594/1216
f 5496/1576/1216 5338/1596/1216 5339/1598/1216
f 5496/1576/1216 5339/1598/1216 5340/1599/1216
f 5351/1600/1216 5352/1597/1216 5366/1594/1216
f 5496/1576/1216 5340/1599/1216 5341/1601/1216
f 5350/1602/1216 5351/1600/1216 5366/1594/1216
f 5350/1602/1216 5366/1594/1216 5367/1603/1216
f 5496/1576/1216 5341/1601/1216 5342/1604/1216
f 5349/1605/1216 5350/1602/1216 5367/1603/1216
f 5496/1576/1216 5342/1604/1216 5343/1606/1216
f 5348/1607/1216 5349/1605/1216 5367/1603/1216
f 5496/1576/1216 5343/1606/1216 5344/1608/1216
f 5347/1609/1216 5348/1607/1216 5367/1603/1216
f 5496/1576/1216 5344/1608/1216 5345/1610/1216
f 5346/1611/1216 5347/1609/1216 5367/1603/1216
f 5496/1576/1216 5345/1610/1216 5346/1611/1216
f 5496/1576/1216 5346/1611/1216 5367/1603/1216
f 5495/1612/1216 5496/1576/1216 5367/1603/1216
f 5494/1613/1216 5495/1612/1216 5367/1603/1216
f 5493/1614/1216 5494/1613/1216 5367/1603/1216
f 5492/1615/1216 5493/1614/1216 5367/1603/1216
f 5491/1616/1216 5492/1615/1216 5367/1603/1216
f 5490/1617/1216 5491/1616/1216 5367/1603/1216
f 5489/1618/1216 5490/1617/1216 5367/1603/1216
f 5488/1619/1216 5489/1618/1216 5367/1603/1216
f 5487/1620/1216 5488/1619/1216 5367/1603/1216
f 5486/1621/1216 5487/1620/1216 5367/1603/1216
f 5485/1622/1216 5486/1621/1216 5367/1603/1216
f 5484/1623/1216 5485/1622/1216 5367/1603/1216
f 5483/1624/1216 5484/1623/1216 5367/1603/1216
f 5214/1592/1216 5552/1585/1216 5553/1625/1216
f 5482/1626/1216 5483/1624/1216 5367/1603/1216
f 5481/1627/1216 5482/1626/1216 5367/1603/1216
f 5481/1627/1216 5367/1603/1216 5368/1628/1216
f 5480/1629/1216 5481/1627/1216 5368/1628/1216
f 5479/1630/1216 5480/1629/1216 5368/1628/1216
f 5213/1631/1216 5214/1592/1216 5553/1625/1216
f 5478/1632/1216 5479/1630/1216 5368/1628/1216
f 5477/1633/1216 5478/1632/1216 5368/1628/1216
f 5476/1634/1216 5477/1633/1216 5368/1628/1216
f 5475/1635/1216 5476/1634/1216 5368/1628/1216
f 5474/1636/1216 5475/1635/1216 5368/1628/1216
f 5473/1637/1216 5474/1636/1216 5368/1628/1216
f 5472/1638/1216 5473/1637/1216 5368/1628/1216
f 5471/1639/1216 5472/1638/1216 5368/1628/1216
f 5470/1640/1216 5471/1639/1216 5368/1628/1216
f 5469/1641/1216 5470/1640/1216 5368/1628/1216
f 5469/1641/1216 5368/1628/1216 5369/1642/1216
f 5468/1643/1216 5469/1641/1216 5369/1642/1216
f 5467/1644/1216 5468/1643/1216 5369/1642/1216
f 5466/1645/1216 5467/1644/1216 5369/1642/1216
f 5465/1646/1216 5466/1645/1216 5369/1642/1216
f 5213/1631/1216 5553/1625/1216 5554/1647/1216
f 5464/1648/1216 5465/1646/1216 5369/1642/1216
f 5212/1649/1216 5213/1631/1216 5554/1647/1216
f 5463/1650/1216 5464/1648/1216 5369/1642/1216
f 5462/1651/1216 5463/1650/1216 5369/1642/1216
f 5461/1652/1216 5462/1651/1216 5369/1642/1216
f 5460/1653/1216 5461/1652/1216 5369/1642/1216
f 5459/1654/1216 5460/1653/1216 5369/1642/1216
f 5458/1655/1216 5459/1654/1216 5369/1642/1216
f 5457/1656/1216 5458/1655/1216 5369/1642/1216
f 5456/1657/1216 5457/1656/1216 5369/1642/1216
f 5456/1657/1216 5369/1642/1216 5370/1658/1216
f 5455/1659/1216 5456/1657/1216 5370/1658/1216
f 5454/1660/1216 5455/1659/1216 5370/1658/1216
f 5453/1661/1216 5454/1660/1216 5370/1658/1216
f 5452/1662/1216 5453/1661/1216 5370/1658/1216
f 5451/1663/1216 5452/1662/1216 5370/1658/1216
f 5450/1664/1216 5451/1663/1216 5370/1658/1216
f 5449/1665/1216 5450/1664/1216 5370/1658/1216
f 5448/1666/1216 5449/1665/1216 5370/1658/1216
f 5447/1667/1216 5448/1666/1216 5370/1658/1216
f 5446/1668/1216 5447/1667/1216 5370/1658/1216
f 5445/1669/1216 5446/1668/1216 5370/1658/1216
f 5212/1649/1216 5554/1647/1216 5555/1670/1216
f 5444/1671/1216 5445/1669/1216 5370/1658/1216
f 5211/1672/1216 5212/1649/1216 5555/1670/1216
f 5443/1673/1216 5444/1671/1216 5370/1658/1216
f 5442/1674/1216 5443/1673/1216 5370/1658/1216
f 5441/1675/1216 5442/1674/1216 5370/1658/1216
f 5440/1676/1216 5441/1675/1216 5370/1658/1216
f 5439/1677/1216 5440/1676/1216 5370/1658/1216
f 5438/1678/1216 5439/1677/1216 5370/1658/1216
f 5437/1679/1216 5438/1678/1216 5370/1658/1216
f 5436/1680/1216 5437/1679/1216 5370/1658/1216
f 5435/1681/1216 5436/1680/1216 5370/1658/1216
f 5434/1682/1216 5435/1681/1216 5370/1658/1216
f 5433/1683/1216 5434/1682/1216 5370/1658/1216
f 5433/1683/1216 5370/1658/1216 5371/1684/1216
f 5432/1685/1216 5433/1683/1216 5371/1684/1216
f 5431/1686/1216 5432/1685/1216 5371/1684/1216
f 5211/1672/1216 5555/1670/1216 5556/1687/1216
f 5430/1688/1216 5431/1686/1216 5371/1684/1216
f 5429/1689/1216 5430/1688/1216 5371/1684/1216
f 5210/1690/1216 5211/1672/1216 5556/1687/1216
f 5428/1691/1216 5429/1689/1216 5371/1684/1216
f 5427/1692/1216 5428/1691/1216 5371/1684/1216
f 5426/1693/1216 5427/1692/1216 5371/1684/1216
f 5210/1690/1216 5556/1687/1216 5557/1694/1216
f 5425/1695/1216 5426/1693/1216 5371/1684/1216
f 5424/1696/1216 5425/1695/1216 5371/1684/1216
f 5210/1690/1216 5557/1694/1216 5558/1697/1216
f 5568/1698/1216 5424/1696/1216 5371/1684/1216
f 5210/1690/1216 5558/1697/1216 5559/1699/1216
f 5209/1700/1216 5210/1690/1216 5559/1699/1216
f 5567/1701/1216 5568/1698/1216 5371/1684/1216
f 5209/1700/1216 5559/1699/1216 5560/1702/1216
f 5566/1703/1216 5567/1701/1216 5371/1684/1216
f 5566/1703/1216 5371/1684/1216 5372/1704/1216
f 5209/1700/1216 5560/1702/1216 5561/1705/1216
f 5565/1706/1216 5566/1703/1216 5372/1704/1216
f 5209/1700/1216 5561/1705/1216 5562/1707/1216
f 5564/1708/1216 5565/1706/1216 5372/1704/1216
f 5209/1700/1216 5562/1707/1216 5563/1709/1216
f 5209/1700/1216 5563/1709/1216 5564/1708/1216
f 5209/1700/1216 5564/1708/1216 5372/1704/1216
f 5208/1710/1216 5209/1700/1216 5372/1704/1216
f 5207/1711/1216 5208/1710/1216 5372/1704/1216
f 5206/1712/1216 5207/1711/1216 5372/1704/1216
f 5206/1712/1216 5372/1704/1216 5373/1713/1216
f 5205/1714/1216 5206/1712/1216 5373/1713/1216
f 5204/1715/1216 5205/1714/1216 5373/1713/1216
f 5203/1716/1216 5204/1715/1216 5373/1713/1216
f 5203/1716/1216 5373/1713/1216 5374/1717/1216
f 5202/1718/1216 5203/1716/1216 5374/1717/1216
f 5201/1719/1216 5202/1718/1216 5374/1717/1216
f 5200/1720/1216 5201/1719/1216 5374/1717/1216
f 5200/1720/1216 5374/1717/1216 5375/1721/1216
f 5199/1722/1216 5200/1720/1216 5375/1721/1216
f 5198/1723/1216 5199/1722/1216 5375/1721/1216
f 5197/1724/1216 5198/1723/1216 5375/1721/1216
f 5197/1724/1216 5375/1721/1216 5376/1725/1216
f 5196/1726/1216 5197/1724/1216 5376/1725/1216
f 5195/1727/1216 5196/1726/1216 5376/1725/1216
f 5194/1728/1216 5195/1727/1216 5376/1725/1216
f 5193/1729/1216 5194/1728/1216 5376/1725/1216
f 5192/1730/1216 5193/1729/1216 5376/1725/1216
f 5191/1731/1216 5192/1730/1216 5376/1725/1216
f 5191/1731/1216 5376/1725/1216 5377/1732/1216
f 5190/1733/1216 5191/1731/1216 5377/1732/1216
f 5189/1734/1216 5190/1733/1216 5377/1732/1216
f 5189/1734/1216 5377/1732/1216 5378/1735/1216
f 5188/1736/1216 5189/1734/1216 5378/1735/1216
f 5187/1737/1216 5188/1736/1216 5378/1735/1216
f 5187/1737/1216 5378/1735/1216 5379/1738/1216
f 5186/1739/1216 5187/1737/1216 5379/1738/1216
f 5185/1740/1216 5186/1739/1216 5379/1738/1216
f 5185/1740/1216 5379/1738/1216 5380/1741/1216
f 5184/1742/1216 5185/1740/1216 5380/1741/1216
f 5183/1743/1216 5184/1742/1216 5380/1741/1216
f 5182/1744/1216 5183/1743/1216 5380/1741/1216
f 5182/1744/1216 5380/1741/1216 5381/1745/1216
f 5181/1746/1216 5182/1744/1216 5381/1745/1216
f 5180/1747/1216 5181/1746/1216 5381/1745/1216
f 5180/1747/1216 5381/1745/1216 5382/1748/1216
f 5179/1749/1216 5180/1747/1216 5382/1748/1216
f 5179/1749/1216 5382/1748/1216 5383/1750/1216
f 5178/1751/1216 5179/1749/1216 5383/1750/1216
f 5177/1752/1216 5178/1751/1216 5383/1750/1216
f 5177/1752/1216 5383/1750/1216 5384/1753/1216
f 5176/1754/1216 5177/1752/1216 5384/1753/1216
f 5175/1755/1216 5176/1754/1216 5384/1753/1216
f 5175/1755/1216 5384/1753/1216 5385/1756/1216
f 5174/1757/1216 5175/1755/1216 5385/1756/1216
f 5174/1757/1216 5385/1756/1216 5386/1758/1216
f 5173/1759/1216 5174/1757/1216 5386/1758/1216
f 5172/1760/1216 5173/1759/1216 5386/1758/1216
f 5172/1760/1216 5386/1758/1216 5387/1761/1216
f 5171/1762/1216 5172/1760/1216 5387/1761/1216
f 5171/1762/1216 5387/1761/1216 5388/1763/1216
f 5170/1764/1216 5171/1762/1216 5388/1763/1216
f 5170/1764/1216 5388/1763/1216 5033/1765/1216
f 5033/1765/1216 5388/1763/1216 5032/1766/1216
f 5032/1766/1216 5388/1763/1216 5031/1767/1216
f 5031/1767/1216 5388/1763/1216 5030/1768/1216
f 5030/1768/1216 5388/1763/1216 5389/1769/1216
f 5170/1764/1216 5033/1765/1216 5034/1770/1216
f 5170/1764/1216 5034/1770/1216 5035/1771/1216
f 5170/1764/1216 5035/1771/1216 5036/1772/1216
f 5029/1773/1216 5030/1768/1216 5389/1769/1216
f 5170/1764/1216 5036/1772/1216 5037/1774/1216
f 5028/1775/1216 5029/1773/1216 5389/1769/1216
f 5170/1764/1216 5037/1774/1216 5038/1776/1216
f 5027/1777/1216 5028/1775/1216 5389/1769/1216
f 5170/1764/1216 5038/1776/1216 5039/1778/1216
f 5170/1764/1216 5039/1778/1216 5040/1779/1216
f 5170/1764/1216 5040/1779/1216 5041/1780/1216
f 5170/1764/1216 5041/1780/1216 5042/1781/1216
f 5170/1764/1216 5042/1781/1216 5043/1782/1216
f 5170/1764/1216 5043/1782/1216 5044/1783/1216
f 5170/1764/1216 5044/1783/1216 5045/1784/1216
f 5170/1764/1216 5045/1784/1216 5046/1785/1216
f 5169/1786/1216 5170/1764/1216 5046/1785/1216
f 5169/1786/1216 5046/1785/1216 5047/1787/1216
f 5026/1788/1216 5027/1777/1216 5389/1769/1216
f 5169/1786/1216 5047/1787/1216 5048/1789/1216
f 5169/1786/1216 5048/1789/1216 5049/1790/1216
f 5169/1786/1216 5049/1790/1216 5050/1791/1216
f 5169/1786/1216 5050/1791/1216 5051/1792/1216
f 5169/1786/1216 5051/1792/1216 5052/1793/1216
f 5169/1786/1216 5052/1793/1216 5053/1794/1216
f 5169/1786/1216 5053/1794/1216 5054/1795/1216
f 5026/1788/1216 5389/1769/1216 5390/1796/1216
f 5169/1786/1216 5054/1795/1216 5055/1797/1216
f 5169/1786/1216 5055/1797/1216 5056/1798/1216
f 5169/1786/1216 5056/1798/1216 5057/1799/1216
f 5025/1800/1216 5026/1788/1216 5390/1796/1216
f 5169/1786/1216 5057/1799/1216 5058/1801/1216
f 5169/1786/1216 5058/1801/1216 5059/1802/1216
f 5169/1786/1216 5059/1802/1216 5060/1803/1216
f 5169/1786/1216 5060/1803/1216 5061/1804/1216
f 5169/1786/1216 5061/1804/1216 5062/1805/1216
f 5169/1786/1216 5062/1805/1216 5063/1806/1216
f 5169/1786/1216 5063/1806/1216 5064/1807/1216
f 5169/1786/1216 5064/1807/1216 5065/1808/1216
f 5169/1786/1216 5065/1808/1216 5066/1809/1216
f 5024/1810/1216 5025/1800/1216 5390/1796/1216
f 5169/1786/1216 5066/1809/1216 5067/1811/1216
f 5168/1812/1216 5169/1786/1216 5067/1811/1216
f 5168/1812/1216 5067/1811/1216 5068/1813/1216
f 5168/1812/1216 5068/1813/1216 5069/1814/1216
f 5168/1812/1216 5069/1814/1216 5070/1815/1216
f 5168/1812/1216 5070/1815/1216 5071/1816/1216
f 5168/1812/1216 5071/1816/1216 5072/1817/1216
f 5168/1812/1216 5072/1817/1216 5073/1818/1216
f 5023/1819/1216 5024/1810/1216 5390/1796/1216
f 5168/1812/1216 5073/1818/1216 5074/1820/1216
f 5023/1819/1216 5390/1796/1216 5391/1821/1216
f 5168/1812/1216 5074/1820/1216 5075/1822/1216
f 5168/1812/1216 5075/1822/1216 5076/1823/1216
f 5167/1824/1216 5168/1812/1216 5076/1823/1216
f 5167/1824/1216 5076/1823/1216 5077/1825/1216
f 5167/1824/1216 5077/1825/1216 5078/1826/1216
f 5167/1824/1216 5078/1826/1216 5079/1827/1216
f 5022/1828/1216 5023/1819/1216 5391/1821/1216
f 5167/1824/1216 5079/1827/1216 5080/1829/1216
f 5166/1830/1216 5167/1824/1216 5080/1829/1216
f 5166/1830/1216 5080/1829/1216 5081/1831/1216
f 5166/1830/1216 5081/1831/1216 5082/1832/1216
f 5166/1830/1216 5082/1832/1216 5083/1833/1216
f 5165/1834/1216 5166/1830/1216 5083/1833/1216
f 5165/1834/1216 5083/1833/1216 5084/1835/1216
f 5022/1828/1216 5391/1821/1216 5392/1836/1216
f 5165/1834/1216 5084/1835/1216 5085/1837/1216
f 5021/1838/1216 5022/1828/1216 5392/1836/1216
f 5165/1834/1216 5085/1837/1216 5086/1839/1216
f 5164/1840/1216 5165/1834/1216 5086/1839/1216
f 5164/1840/1216 5086/1839/1216 5087/1841/1216
f 5164/1840/1216 5087/1841/1216 5088/1842/1216
f 5164/1840/1216 5088/1842/1216 5089/1843/1216
f 5163/1844/1216 5164/1840/1216 5089/1843/1216
f 5163/1844/1216 5089/1843/1216 5090/1845/1216
f 5163/1844/1216 5090/1845/1216 5091/1846/1216
f 5162/1847/1216 5163/1844/1216 5091/1846/1216
f 5162/1847/1216 5091/1846/1216 5092/1848/1216
f 5161/1849/1216 5162/1847/1216 5092/1848/1216
f 5161/1849/1216 5092/1848/1216 5093/1850/1216
f 5160/1851/1216 5161/1849/1216 5093/1850/1216
f 5020/1852/1216 5021/1838/1216 5392/1836/1216
f 5160/1851/1216 5093/1850/1216 5094/1853/1216
f 5159/1854/1216 5160/1851/1216 5094/1853/1216
f 5020/1852/1216 5392/1836/1216 5393/1855/1216
f 5159/1854/1216 5094/1853/1216 5095/1856/1216
f 5158/1857/1216 5159/1854/1216 5095/1856/1216
f 5158/1857/1216 5095/1856/1216 5096/1858/1216
f 5158/1857/1216 5096/1858/1216 5097/1859/1216
f 5157/1860/1216 5158/1857/1216 5097/1859/1216
f 5157/1860/1216 5097/1859/1216 5098/1861/1216
f 5156/1862/1216 5157/1860/1216 5098/1861/1216
f 5156/1862/1216 5098/1861/1216 5099/1863/1216
f 5155/1864/1216 5156/1862/1216 5099/1863/1216
f 5155/1864/1216 5099/1863/1216 5100/1865/1216
f 5155/1864/1216 5100/1865/1216 5101/1866/1216
f 5019/1867/1216 5020/1852/1216 5393/1855/1216
f 5155/1864/1216 5101/1866/1216 5102/1868/1216
f 5154/1869/1216 5155/1864/1216 5102/1868/1216
f 5154/1869/1216 5102/1868/1216 5103/1870/1216
f 5154/1869/1216 5103/1870/1216 5104/1871/1216
f 5154/1869/1216 5104/1871/1216 5105/1872/1216
f 5154/1869/1216 5105/1872/1216 5106/1873/1216
f 5154/1869/1216 5106/1873/1216 5107/1874/1216
f 5154/1869/1216 5107/1874/1216 5108/1875/1216
f 5153/1876/1216 5154/1869/1216 5108/1875/1216
f 5153/1876/1216 5108/1875/1216 5109/1877/1216
f 5153/1876/1216 5109/1877/1216 5110/1878/1216
f 5153/1876/1216 5110/1878/1216 5111/1879/1216
f 5153/1876/1216 5111/1879/1216 5112/1880/1216
f 5153/1876/1216 5112/1880/1216 5113/1881/1216
f 5153/1876/1216 5113/1881/1216 5114/1882/1216
f 5153/1876/1216 5114/1882/1216 5115/1883/1216
f 5153/1876/1216 5115/1883/1216 5116/1884/1216
f 5152/1885/1216 5153/1876/1216 5116/1884/1216
f 5152/1885/1216 5116/1884/1216 5117/1886/1216
f 5152/1885/1216 5117/1886/1216 5118/1887/1216
f 5152/1885/1216 5118/1887/1216 5119/1888/1216
f 5019/1867/1216 5393/1855/1216 5394/1889/1216
f 5152/1885/1216 5119/1888/1216 5120/1890/1216
f 5152/1885/1216 5120/1890/1216 5121/1891/1216
f 5152/1885/1216 5121/1891/1216 5122/1892/1216
f 5151/1893/1216 5152/1885/1216 5122/1892/1216
f 5151/1893/1216 5122/1892/1216 5123/1894/1216
f 5151/1893/1216 5123/1894/1216 5124/1895/1216
f 5151/1893/1216 5124/1895/1216 5125/1896/1216
f 5151/1893/1216 5125/1896/1216 5126/1897/1216
f 5151/1893/1216 5126/1897/1216 5127/1898/1216
f 5150/1899/1216 5151/1893/1216 5127/1898/1216
f 5150/1899/1216 5127/1898/1216 5128/1900/1216
f 5150/1899/1216 5128/1900/1216 5129/1901/1216
f 5150/1899/1216 5129/1901/1216 5130/1902/1216
f 5149/1903/1216 5150/1899/1216 5130/1902/1216
f 5149/1903/1216 5130/1902/1216 5131/1904/1216
f 5149/1903/1216 5131/1904/1216 5132/1905/1216
f 5149/1903/1216 5132/1905/1216 5133/1906/1216
f 5148/1907/1216 5149/1903/1216 5133/1906/1216
f 5148/1907/1216 5133/1906/1216 5134/1908/1216
f 5148/1907/1216 5134/1908/1216 5135/1909/1216
f 5148/1907/1216 5135/1909/1216 5136/1910/1216
f 5147/1911/1216 5148/1907/1216 5136/1910/1216
f 5147/1911/1216 5136/1910/1216 5137/1912/1216
f 5146/1913/1216 5147/1911/1216 5137/1912/1216
f 5146/1913/1216 5137/1912/1216 5138/1914/1216
f 5145/1915/1216 5146/1913/1216 5138/1914/1216
f 5145/1915/1216 5138/1914/1216 5139/1916/1216
f 5144/1917/1216 5145/1915/1216 5139/1916/1216
f 5144/1917/1216 5139/1916/1216 5140/1918/1216
f 5143/1919/1216 5144/1917/1216 5140/1918/1216
f 5143/1919/1216 5140/1918/1216 5141/1920/1216
f 5142/1921/1216 5143/1919/1216 5141/1920/1216
f 5018/1922/1216 5019/1867/1216 5394/1889/1216
f 5018/1922/1216 5394/1889/1216 5395/1923/1216
f 5017/1924/1216 5018/1922/1216 5395/1923/1216
f 5017/1924/1216 5395/1923/1216 5396/1925/1216
f 5017/1924/1216 5396/1925/1216 5397/1926/1216
f 4388/1927/1216 4389/1929/1216 4390/1928/1216
f 4388/1927/1216 4390/1928/1216 4391/1930/1216
f 5016/1931/1216 5017/1924/1216 5397/1926/1216
f 4388/1927/1216 4391/1930/1216 4392/1932/1216
f 4388/1927/1216 4392/1932/1216 4393/1933/1216
f 4387/1934/1216 4388/1927/1216 4393/1933/1216
f 4387/1934/1216 4393/1933/1216 4394/1935/1216
f 4387/1934/1216 4394/1935/1216 4395/1936/1216
f 4387/1934/1216 4395/1936/1216 4396/1937/1216
f 4386/1938/1216 4387/1934/1216 4396/1937/1216
f 4386/1938/1216 4396/1937/1216 4397/1939/1216
f 4386/1938/1216 4397/1939/1216 4398/1940/1216
f 4386/1938/1216 4398/1940/1216 4399/1941/1216
f 5016/1931/1216 5397/1926/1216 5398/1942/1216
f 4385/1943/1216 4386/1938/1216 4399/1941/1216
f 4385/1943/1216 4399/1941/1216 4400/1944/1216
f 4385/1943/1216 4400/1944/1216 4401/1945/1216
f 4385/1943/1216 4401/1945/1216 4402/1946/1216
f 4384/1947/1216 4385/1943/1216 4402/1946/1216
f 4384/1947/1216 4402/1946/1216 4403/1948/1216
f 5016/1931/1216 5398/1942/1216 5399/1949/1216
f 4383/1950/1216 4384/1947/1216 4403/1948/1216
f 4383/1950/1216 4403/1948/1216 4404/1951/1216
f 5015/1952/1216 5016/1931/1216 5399/1949/1216
f 5014/1953/1216 5015/1952/1216 5399/1949/1216
f 5014/1953/1216 5399/1949/1216 5400/1954/1216
f 5013/1955/1216 5014/1953/1216 5400/1954/1216
f 4382/1956/1216 4383/1950/1216 4404/1951/1216
f 4382/1956/1216 4404/1951/1216 4405/1957/1216
f 5012/1958/1216 5013/1955/1216 5400/1954/1216
f 5012/1958/1216 5400/1954/1216 5401/1959/1216
f 5011/1960/1216 5012/1958/1216 5401/1959/1216
f 5011/1960/1216 5401/1959/1216 5402/1961/1216
f 5010/1962/1216 5011/1960/1216 5402/1961/1216
f 4382/1956/1216 4405/1957/1216 4406/1963/1216
f 5010/1962/1216 5402/1961/1216 5403/1964/1216
f 5009/1965/1216 5010/1962/1216 5403/1964/1216
f 4381/1966/1216 4382/1956/1216 4406/1963/1216
f 5009/1965/1216 5403/1964/1216 5404/1967/1216
f 5008/1968/1216 5009/1965/1216 5404/1967/1216
f 5008/1968/1216 5404/1967/1216 5405/1969/1216
f 5007/1970/1216 5008/1968/1216 5405/1969/1216
f 5007/1970/1216 5405/1969/1216 5406/1971/1216
f 5007/1970/1216 5406/1971/1216 5407/1972/1216
f 5006/1973/1216 5007/1970/1216 5407/1972/1216
f 4381/1966/1216 4406/1963/1216 4407/1974/1216
f 5006/1973/1216 5407/1972/1216 5408/1975/1216
f 5005/1976/1216 5006/1973/1216 5408/1975/1216
f 5005/1976/1216 5408/1975/1216 5409/1977/1216
f 5004/1978/1216 5005/1976/1216 5409/1977/1216
f 5004/1978/1216 5409/1977/1216 5410/1979/1216
f 5423/1980/1216 5004/1978/1216 5410/1979/1216
f 5423/1980/1216 5410/1979/1216 5411/1981/1216
f 5423/1980/1216 5411/1981/1216 5412/1982/1216
f 5422/1983/1216 5423/1980/1216 5412/1982/1216
f 5422/1983/1216 5412/1982/1216 5413/1984/1216
f 5421/1985/1216 5422/1983/1216 5413/1984/1216
f 5421/1985/1216 5413/1984/1216 5414/1986/1216
f 4380/1987/1216 4381/1966/1216 4407/1974/1216
f 5420/1988/1216 5421/1985/1216 5414/1986/1216
f 5420/1988/1216 5414/1986/1216 5415/1989/1216
f 5419/1990/1216 5420/1988/1216 5415/1989/1216
f 5419/1990/1216 5415/1989/1216 5416/1991/1216
f 5419/1990/1216 5416/1991/1216 5417/1992/1216
f 5418/1993/1216 5419/1990/1216 5417/1992/1216
f 4380/1987/1216 4407/1974/1216 4408/1994/1216
f 4380/1987/1216 4408/1994/1216 4409/1995/1216
f 4379/1996/1216 4380/1987/1216 4409/1995/1216
f 4379/1996/1216 4409/1995/1216 4410/1997/1216
f 4378/1998/1216 4379/1996/1216 4410/1997/1216
f 4378/1998/1216 4410/1997/1216 4411/1999/1216
f 4377/2000/1216 4378/1998/1216 4411/1999/1216
f 4377/2000/1216 4411/1999/1216 4412/2001/1216
f 4377/2000/1216 4412/2001/1216 4413/2002/1216
f 4376/2003/1216 4377/2000/1216 4413/2002/1216
f 4375/2004/1216 4376/2003/1216 4413/2002/1216
f 4374/2005/1216 4375/2004/1216 4413/2002/1216
f 4374/2005/1216 4413/2002/1216 4414/2006/1216
f 4374/2005/1216 4414/2006/1216 4415/2007/1216
f 4373/2008/1216 4374/2005/1216 4415/2007/1216
f 4373/2008/1216 4415/2007/1216 4416/2009/1216
f 4372/2010/1216 4373/2008/1216 4416/2009/1216
f 4371/2011/1216 4372/2010/1216 4416/2009/1216
f 4371/2011/1216 4416/2009/1216 4417/2012/1216
f 4370/2013/1216 4371/2011/1216 4417/2012/1216
f 4370/2013/1216 4417/2012/1216 4418/2014/1216
f 4369/2015/1216 4370/2013/1216 4418/2014/1216
f 4369/2015/1216 4418/2014/1216 4419/2016/1216
f 4368/2017/1216 4369/2015/1216 4419/2016/1216
f 4368/2017/1216 4419/2016/1216 4420/2018/1216
f 4367/2019/1216 4368/2017/1216 4420/2018/1216
f 4367/2019/1216 4420/2018/1216 4421/2020/1216
f 4366/2021/1216 4367/2019/1216 4421/2020/1216
f 4365/2022/1216 4366/2021/1216 4421/2020/1216
f 4365/2022/1216 4421/2020/1216 4422/2023/1216
f 4364/2024/1216 4365/2022/1216 4422/2023/1216
f 4363/2025/1216 4364/2024/1216 4422/2023/1216
f 4363/2025/1216 4422/2023/1216 4423/2026/1216
f 4362/2027/1216 4363/2025/1216 4423/2026/1216
f 4361/2028/1216 4362/2027/1216 4423/2026/1216
f 4361/2028/1216 4423/2026/1216 4424/2029/1216
f 4360/2030/1216 4361/2028/1216 4424/2029/1216
f 4360/2030/1216 4424/2029/1216 4425/2031/1216
f 4359/2032/1216 4360/2030/1216 4425/2031/1216
f 4359/2032/1216 4425/2031/1216 4426/2033/1216
f 4358/2034/1216 4359/2032/1216 4426/2033/1216
f 4358/2034/1216 4426/2033/1216 4427/2035/1216
f 4358/2034/1216 4427/2035/1216 4428/2036/1216
f 4357/2037/1216 4358/2034/1216 4951/2038/1216
f 4951/2038/1216 4358/2034/1216 4428/2036/1216
f 4951/2038/1216 4428/2036/1216 4429/2039/1216
f 4357/2037/1216 4951/2038/1216 4952/2040/1216
f 4950/2041/1216 4951/2038/1216 4429/2039/1216
f 4949/2042/1216 4950/2041/1216 4429/2039/1216
f 4357/2037/1216 4952/2040/1216 4953/2043/1216
f 4949/2042/1216 4429/2039/1216 4430/2044/1216
f 4948/2045/1216 4949/2042/1216 4430/2044/1216
f 4357/2037/1216 4953/2043/1216 4954/2046/1216
f 4356/2047/1216 4357/2037/1216 4954/2046/1216
f 4948/2045/1216 4430/2044/1216 4431/2048/1216
f 4947/2049/1216 4948/2045/1216 4431/2048/1216
f 4356/2047/1216 4954/2046/1216 4955/2050/1216
f 4947/2049/1216 4431/2048/1216 4432/2051/1216
f 4493/2052/1216 4494/2054/1216 4495/2053/1216
f 4492/2055/1216 4493/2052/1216 4495/2053/1216
f 4492/2055/1216 4495/2053/1216 4496/2056/1216
f 4491/2057/1216 4492/2055/1216 4496/2056/1216
f 4355/2058/1216 4356/2047/1216 4955/2050/1216
f 4491/2057/1216 4496/2056/1216 4497/2059/1216
f 4490/2060/1216 4491/2057/1216 4497/2059/1216
f 4490/2060/1216 4497/2059/1216 4498/2061/1216
f 4489/2062/1216 4490/2060/1216 4498/2061/1216
f 4489/2062/1216 4498/2061/1216 4499/2063/1216
f 4488/2064/1216 4489/2062/1216 4499/2063/1216
f 4487/2065/1216 4488/2064/1216 4499/2063/1216
f 4487/2065/1216 4499/2063/1216 4500/2066/1216
f 4486/2067/1216 4487/2065/1216 4500/2066/1216
f 4946/2068/1216 4947/2049/1216 4432/2051/1216
f 4946/2068/1216 4432/2051/1216 4433/2069/1216
f 4485/2070/1216 4486/2067/1216 4500/2066/1216
f 4484/2071/1216 4485/2070/1216 4500/2066/1216
f 4484/2071/1216 4500/2066/1216 4501/2072/1216
f 4483/2073/1216 4484/2071/1216 4501/2072/1216
f 4482/2074/1216 4483/2073/1216 4501/2072/1216
f 4355/2058/1216 4955/2050/1216 4956/2075/1216
f 4481/2076/1216 4482/2074/1216 4501/2072/1216
f 4480/2077/1216 4481/2076/1216 4501/2072/1216
f 4480/2077/1216 4501/2072/1216 4502/2078/1216
f 4479/2079/1216 4480/2077/1216 4502/2078/1216
f 4478/2080/1216 4479/2079/1216 4502/2078/1216
f 4477/2081/1216 4478/2080/1216 4502/2078/1216
f 4946/2068/1216 4433/2069/1216 4434/2082/1216
f 4476/2083/1216 4477/2081/1216 4502/2078/1216
f 4476/2083/1216 4502/2078/1216 4503/2084/1216
f 4354/2085/1216 4355/2058/1216 4956/2075/1216
f 4475/2086/1216 4476/2083/1216 4503/2084/1216
f 4474/2087/1216 4475/2086/1216 4503/2084/1216
f 4473/2088/1216 4474/2087/1216 4503/2084/1216
f 4473/2088/1216 4503/2084/1216 4504/2089/1216
f 4472/2090/1216 4473/2088/1216 4504/2089/1216
f 4472/2090/1216 4504/2089/1216 4505/2091/1216
f 4946/2068/1216 4434/2082/1216 4435/2092/1216
f 4945/2093/1216 4946/2068/1216 4435/2092/1216
f 4471/2094/1216 4472/2090/1216 4505/2091/1216
f 4471/2094/1216 4505/2091/1216 4506/2095/1216
f 4353/2096/1216 4354/2085/1216 4956/2075/1216
f 4353/2096/1216 4956/2075/1216 4957/2097/1216
f 4470/2098/1216 4471/2094/1216 4506/2095/1216
f 4945/2093/1216 4435/2092/1216 4436/2099/1216
f 4470/2098/1216 4506/2095/1216 4507/2100/1216
f 4353/2096/1216 4957/2097/1216 4958/2101/1216
f 4469/2102/1216 4470/2098/1216 4507/2100/1216
f 4469/2102/1216 4507/2100/1216 4508/2103/1216
f 4353/2096/1216 4958/2101/1216 4959/2104/1216
f 4352/2105/1216 4353/2096/1216 4959/2104/1216
f 4945/2093/1216 4436/2099/1216 4437/2106/1216
f 4468/2107/1216 4469/2102/1216 4508/2103/1216
f 4468/2107/1216 4508/2103/1216 4509/2108/1216
f 4352/2105/1216 4959/2104/1216 4960/2109/1216
f 4945/2093/1216 4437/2106/1216 4438/2110/1216
f 4467/2111/1216 4468/2107/1216 4509/2108/1216
f 4944/2112/1216 4945/2093/1216 4438/2110/1216
f 4467/2111/1216 4509/2108/1216 4510/2113/1216
f 4352/2105/1216 4960/2109/1216 4961/2114/1216
f 4351/2115/1216 4352/2105/1216 4961/2114/1216
f 4944/2112/1216 4438/2110/1216 4439/2116/1216
f 4466/2117/1216 4467/2111/1216 4510/2113/1216
f 4466/2117/1216 4510/2113/1216 4511/2118/1216
f 4351/2115/1216 4961/2114/1216 4962/2119/1216
f 4944/2112/1216 4439/2116/1216 4440/2120/1216
f 4465/2121/1216 4466/2117/1216 4511/2118/1216
f 4351/2115/1216 4962/2119/1216 4963/2122/1216
f 4465/2121/1216 4511/2118/1216 4512/2123/1216
f 4350/2124/1216 4351/2115/1216 4963/2122/1216
f 4944/2112/1216 4440/2120/1216 4441/2125/1216
f 4464/2126/1216 4465/2121/1216 4512/2123/1216
f 4350/2124/1216 4963/2122/1216 4964/2127/1216
f 4464/2126/1216 4512/2123/1216 4513/2128/1216
f 4944/2112/1216 4441/2125/1216 4442/2129/1216
f 4943/2130/1216 4944/2112/1216 4442/2129/1216
f 4350/2124/1216 4964/2127/1216 4965/2131/1216
f 4463/2132/1216 4464/2126/1216 4513/2128/1216
f 4943/2130/1216 4442/2129/1216 4443/2133/1216
f 4349/2134/1216 4350/2124/1216 4965/2131/1216
f 4463/2132/1216 4513/2128/1216 4514/2135/1216
f 4942/2136/1216 4943/2130/1216 4443/2133/1216
f 4349/2134/1216 4965/2131/1216 4966/2137/1216
f 4942/2136/1216 4443/2133/1216 4444/2138/1216
f 4462/2139/1216 4463/2132/1216 4514/2135/1216
f 4349/2134/1216 4966/2137/1216 4967/2140/1216
f 4941/2141/1216 4942/2136/1216 4444/2138/1216
f 4941/2141/1216 4444/2138/1216 4445/2142/1216
f 4462/2139/1216 4514/2135/1216 4515/2143/1216
f 4348/2144/1216 4349/2134/1216 4967/2140/1216
f 4941/2141/1216 4445/2142/1216 4446/2145/1216
f 4348/2144/1216 4967/2140/1216 4968/2146/1216
f 4940/2147/1216 4941/2141/1216 4446/2145/1216
f 4461/2148/1216 4462/2139/1216 4515/2143/1216
f 4940/2147/1216 4446/2145/1216 4447/2149/1216
f 4348/2144/1216 4968/2146/1216 4969/2150/1216
f 4461/2148/1216 4515/2143/1216 4516/2151/1216
f 4940/2147/1216 4447/2149/1216 4448/2152/1216
f 4940/2147/1216 4448/2152/1216 4449/2153/1216
f 4939/2154/1216 4940/2147/1216 4449/2153/1216
f 4939/2154/1216 4449/2153/1216 4450/2155/1216
f 4939/2154/1216 4450/2155/1216 4451/2156/1216
f 4939/2154/1216 4451/2156/1216 4452/2157/1216
f 4939/2154/1216 4452/2157/1216 4453/2158/1216
f 4939/2154/1216 4453/2158/1216 4454/2159/1216
f 4347/2160/1216 4348/2144/1216 4969/2150/1216
f 4347/2160/1216 4969/2150/1216 4970/2161/1216
f 4939/2154/1216 4454/2159/1216 4455/2162/1216
f 4939/2154/1216 4455/2162/1216 4456/2163/1216
f 4939/2154/1216 4456/2163/1216 4457/2164/1216
f 4938/2165/1216 4939/2154/1216 4457/2164/1216
f 4461/2148/1216 4516/2151/1216 4517/2166/1216
f 4938/2165/1216 4457/2164/1216 4458/2167/1216
f 4938/2165/1216 4458/2167/1216 4459/2168/1216
f 4938/2165/1216 4459/2168/1216 4460/2169/1216
f 4938/2165/1216 4460/2169/1216 4461/2148/1216
f 4938/2165/1216 4461/2148/1216 4517/2166/1216
f 4347/2160/1216 4970/2161/1216 4971/2170/1216
f 4937/2171/1216 4938/2165/1216 4517/2166/1216
f 4346/2172/1216 4347/2160/1216 4971/2170/1216
f 4937/2171/1216 4517/2166/1216 4518/2173/1216
f 4936/2174/1216 4937/2171/1216 4518/2173/1216
f 4346/2172/1216 4971/2170/1216 4972/2175/1216
f 4935/2176/1216 4936/2174/1216 4518/2173/1216
f 4934/2177/1216 4935/2176/1216 4518/2173/1216
f 4934/2177/1216 4518/2173/1216 4519/2178/1216
f 4933/2179/1216 4934/2177/1216 4519/2178/1216
f 4346/2172/1216 4972/2175/1216 4973/2180/1216
f 4932/2181/1216 4933/2179/1216 4519/2178/1216
f 4345/2182/1216 4346/2172/1216 4973/2180/1216
f 4931/2183/1216 4932/2181/1216 4519/2178/1216
f 4930/2184/1216 4931/2183/1216 4519/2178/1216
f 4929/2185/1216 4930/2184/1216 4519/2178/1216
f 4928/2186/1216 4929/2185/1216 4519/2178/1216
f 4927/2187/1216 4928/2186/1216 4519/2178/1216
f 4926/2188/1216 4927/2187/1216 4519/2178/1216
f 4925/2189/1216 4926/2188/1216 4519/2178/1216
f 4924/2190/1216 4925/2189/1216 4519/2178/1216
f 4923/2191/1216 4924/2190/1216 4519/2178/1216
f 4922/2192/1216 4923/2191/1216 4519/2178/1216
f 4921/2193/1216 4922/2192/1216 4519/2178/1216
f 4920/2194/1216 4921/2193/1216 4519/2178/1216
f 4919/2195/1216 4920/2194/1216 4519/2178/1216
f 4918/2196/1216 4919/2195/1216 4519/2178/1216
f 4917/2197/1216 4918/2196/1216 4519/2178/1216
f 4916/2198/1216 4917/2197/1216 4519/2178/1216
f 4915/2199/1216 4916/2198/1216 4519/2178/1216
f 4914/2200/1216 4915/2199/1216 4519/2178/1216
f 4345/2182/1216 4973/2180/1216 4974/2201/1216
f 4913/2202/1216 4914/2200/1216 4519/2178/1216
f 4912/2203/1216 4913/2202/1216 4519/2178/1216
f 4912/2203/1216 4519/2178/1216 4520/2204/1216
f 4911/2205/1216 4912/2203/1216 4520/2204/1216
f 4910/2206/1216 4911/2205/1216 4520/2204/1216
f 4909/2207/1216 4910/2206/1216 4520/2204/1216
f 4908/2208/1216 4909/2207/1216 4520/2204/1216
f 4344/2209/1216 4345/2182/1216 4974/2201/1216
f 4907/2210/1216 4908/2208/1216 4520/2204/1216
f 4344/2209/1216 4974/2201/1216 4975/2211/1216
f 4906/2212/1216 4907/2210/1216 4520/2204/1216
f 4905/2213/1216 4906/2212/1216 4520/2204/1216
f 4904/2214/1216 4905/2213/1216 4520/2204/1216
f 4904/2214/1216 4520/2204/1216 4521/2215/1216
f 4903/2216/1216 4904/2214/1216 4521/2215/1216
f 4902/2217/1216 4903/2216/1216 4521/2215/1216
f 4344/2209/1216 4975/2211/1216 4976/2218/1216
f 4901/2219/1216 4902/2217/1216 4521/2215/1216
f 4900/2220/1216 4901/2219/1216 4521/2215/1216
f 4899/2221/1216 4900/2220/1216 4521/2215/1216
f 4343/2222/1216 4344/2209/1216 4976/2218/1216
f 4898/2223/1216 4899/2221/1216 4521/2215/1216
f 4897/2224/1216 4898/2223/1216 4521/2215/1216
f 4343/2222/1216 4976/2218/1216 4977/2225/1216
f 4896/2226/1216 4897/2224/1216 4521/2215/1216
f 4896/2226/1216 4521/2215/1216 4522/2227/1216
f 4895/2228/1216 4896/2226/1216 4522/2227/1216
f 4894/2229/1216 4895/2228/1216 4522/2227/1216
f 4893/2230/1216 4894/2229/1216 4522/2227/1216
f 4892/2231/1216 4893/2230/1216 4522/2227/1216
f 4891/2232/1216 4892/2231/1216 4522/2227/1216
f 4343/2222/1216 4977/2225/1216 4978/2233/1216
f 4890/2234/1216 4891/2232/1216 4522/2227/1216
f 4889/2235/1216 4890/2234/1216 4522/2227/1216
f 4888/2236/1216 4889/2235/1216 4522/2227/1216
f 4887/2237/1216 4888/2236/1216 4522/2227/1216
f 4342/2238/1216 4343/2222/1216 4978/2233/1216
f 4886/2239/1216 4887/2237/1216 4522/2227/1216
f 4886/2239/1216 4522/2227/1216 4523/2240/1216
f 4342/2238/1216 4978/2233/1216 4979/2241/1216
f 4885/2242/1216 4886/2239/1216 4523/2240/1216
f 4884/2243/1216 4885/2242/1216 4523/2240/1216
f 4883/2244/1216 4884/2243/1216 4523/2240/1216
f 4882/2245/1216 4883/2244/1216 4523/2240/1216
f 4881/2246/1216 4882/2245/1216 4523/2240/1216
f 4342/2238/1216 4979/2241/1216 4980/2247/1216
f 4880/2248/1216 4881/2246/1216 4523/2240/1216
f 4879/2249/1216 4880/2248/1216 4523/2240/1216
f 4878/2250/1216 4879/2249/1216 4523/2240/1216
f 4878/2250/1216 4523/2240/1216 4524/2251/1216
f 4877/2252/1216 4878/2250/1216 4524/2251/1216
f 4342/2238/1216 4980/2247/1216 4981/2253/1216
f 4876/2254/1216 4877/2252/1216 4524/2251/1216
f 4875/2255/1216 4876/2254/1216 4524/2251/1216
f 4342/2238/1216 4981/2253/1216 4982/2256/1216
f 4874/2257/1216 4875/2255/1216 4524/2251/1216
f 4873/2258/1216 4874/2257/1216 4524/2251/1216
f 4342/2238/1216 4982/2256/1216 4983/2259/1216
f 4872/2260/1216 4873/2258/1216 4524/2251/1216
f 4341/2261/1216 4342/2238/1216 4983/2259/1216
f 5003/2262/1216 4872/2260/1216 4524/2251/1216
f 4341/2261/1216 4983/2259/1216 4984/2263/1216
f 5002/2264/1216 5003/2262/1216 4524/2251/1216
f 5001/2265/1216 5002/2264/1216 4524/2251/1216
f 4341/2261/1216 4984/2263/1216 4985/2266/1216
f 5000/2267/1216 5001/2265/1216 4524/2251/1216
f 5000/2267/1216 4524/2251/1216 4525/2268/1216
f 4341/2261/1216 4985/2266/1216 4986/2269/1216
f 4999/2270/1216 5000/2267/1216 4525/2268/1216
f 4998/2271/1216 4999/2270/1216 4525/2268/1216
f 4341/2261/1216 4986/2269/1216 4987/2272/1216
f 4997/2273/1216 4998/2271/1216 4525/2268/1216
f 4341/2261/1216 4987/2272/1216 4988/2274/1216
f 4996/2275/1216 4997/2273/1216 4525/2268/1216
f 4341/2261/1216 4988/2274/1216 4989/2276/1216
f 4995/2277/1216 4996/2275/1216 4525/2268/1216
f 4341/2261/1216 4989/2276/1216 4990/2278/1216
f 4994/2279/1216 4995/2277/1216 4525/2268/1216
f 4341/2261/1216 4990/2278/1216 4991/2280/1216
f 4993/2281/1216 4994/2279/1216 4525/2268/1216
f 4341/2261/1216 4991/2280/1216 4992/2282/1216
f 4992/2282/1216 4993/2281/1216 4525/2268/1216
f 4341/2261/1216 4992/2282/1216 4525/2268/1216
f 4341/2261/1216 4525/2268/1216 4526/2283/1216
f 4340/2284/1216 4341/2261/1216 4526/2283/1216
f 4340/2284/1216 4526/2283/1216 4527/2285/1216
f 4339/2286/1216 4340/2284/1216 4527/2285/1216
f 4339/2286/1216 4527/2285/1216 4528/2287/1216
f 4338/2288/1216 4339/2286/1216 4528/2287/1216
f 4337/2289/1216 4338/2288/1216 4528/2287/1216
f 4337/2289/1216 4528/2287/1216 4529/2290/1216
f 4336/2291/1216 4337/2289/1216 4529/2290/1216
f 4335/2292/1216 4336/2291/1216 4529/2290/1216
f 4335/2292/1216 4529/2290/1216 4530/2293/1216
f 4334/2294/1216 4335/2292/1216 4530/2293/1216
f 4333/2295/1216 4334/2294/1216 4530/2293/1216
f 4333/2295/1216 4530/2293/1216 4531/2296/1216
f 4332/2297/1216 4333/2295/1216 4531/2296/1216
f 4331/2298/1216 4332/2297/1216 4531/2296/1216
f 4330/2299/1216 4331/2298/1216 4531/2296/1216
f 4330/2299/1216 4531/2296/1216 4532/2300/1216
f 4329/2301/1216 4330/2299/1216 4532/2300/1216
f 4328/2302/1216 4329/2301/1216 4532/2300/1216
f 4328/2302/1216 4532/2300/1216 4533/2303/1216
f 4327/2304/1216 4328/2302/1216 4533/2303/1216
f 4326/2305/1216 4327/2304/1216 4533/2303/1216
f 4325/2306/1216 4326/2305/1216 4533/2303/1216
f 4324/2307/1216 4325/2306/1216 4533/2303/1216
f 4323/2308/1216 4324/2307/1216 4533/2303/1216
f 4322/2309/1216 4323/2308/1216 4533/2303/1216
f 4321/2310/1216 4322/2309/1216 4533/2303/1216
f 4320/2311/1216 4321/2310/1216 4533/2303/1216
f 4320/2311/1216 4533/2303/1216 4534/2312/1216
f 4319/2313/1216 4320/2311/1216 4534/2312/1216
f 4318/2314/1216 4319/2313/1216 4534/2312/1216
f 4317/2315/1216 4318/2314/1216 4534/2312/1216
f 4316/2316/1216 4317/2315/1216 4534/2312/1216
f 4315/2317/1216 4316/2316/1216 4534/2312/1216
f 4314/2318/1216 4315/2317/1216 4534/2312/1216
f 4313/2319/1216 4314/2318/1216 4534/2312/1216
f 4312/2320/1216 4313/2319/1216 4534/2312/1216
f 4312/2320/1216 4534/2312/1216 4535/2321/1216
f 4312/2320/1216 4535/2321/1216 4536/2322/1216
f 4312/2320/1216 4536/2322/1216 4537/2323/1216
f 4311/2324/1216 4312/2320/1216 4537/2323/1216
f 4311/2324/1216 4537/2323/1216 4538/2325/1216
f 4311/2324/1216 4538/2325/1216 4539/2326/1216
f 4310/2327/1216 4311/2324/1216 4539/2326/1216
f 4310/2327/1216 4539/2326/1216 4540/2328/1216
f 4310/2327/1216 4540/2328/1216 4541/2329/1216
f 4309/2330/1216 4310/2327/1216 4794/2331/1216
f 4794/2331/1216 4310/2327/1216 4541/2329/1216
f 4794/2331/1216 4541/2329/1216 4793/2332/1216
f 4793/2332/1216 4541/2329/1216 4542/2333/1216
f 4309/2330/1216 4794/2331/1216 4795/2334/1216
f 4792/2335/1216 4793/2332/1216 4542/2333/1216
f 4309/2330/1216 4795/2334/1216 4796/2336/1216
f 4791/2337/1216 4792/2335/1216 4542/2333/1216
f 4309/2330/1216 4796/2336/1216 4797/2338/1216
f 4790/2339/1216 4791/2337/1216 4542/2333/1216
f 4309/2330/1216 4797/2338/1216 4798/2340/1216
f 4790/2339/1216 4542/2333/1216 4543/2341/1216
f 4789/2342/1216 4790/2339/1216 4543/2341/1216
f 4309/2330/1216 4798/2340/1216 4799/2343/1216
f 4789/2342/1216 4543/2341/1216 4544/2344/1216
f 4308/2345/1216 4309/2330/1216 4799/2343/1216
f 4788/2346/1216 4789/2342/1216 4544/2344/1216
f 4308/2345/1216 4799/2343/1216 4800/2347/1216
f 4308/2345/1216 4800/2347/1216 4801/2348/1216
f 4308/2345/1216 4801/2348/1216 4802/2349/1216
f 4308/2345/1216 4802/2349/1216 4803/2350/1216
f 4788/2346/1216 4544/2344/1216 4545/2351/1216
f 4308/2345/1216 4803/2350/1216 4804/2352/1216
f 4308/2345/1216 4804/2352/1216 4805/2353/1216
f 4308/2345/1216 4805/2353/1216 4806/2354/1216
f 4308/2345/1216 4806/2354/1216 4807/2355/1216
f 4787/2356/1216 4788/2346/1216 4545/2351/1216
f 4308/2345/1216 4807/2355/1216 4808/2357/1216
f 4308/2345/1216 4808/2357/1216 4809/2358/1216
f 4787/2356/1216 4545/2351/1216 4546/2359/1216
f 4308/2345/1216 4809/2358/1216 4810/2360/1216
f 4308/2345/1216 4810/2360/1216 4811/2361/1216
f 4308/2345/1216 4811/2361/1216 4812/2362/1216
f 4787/2356/1216 4546/2359/1216 4547/2363/1216
f 4787/2356/1216 4547/2363/1216 4548/2364/1216
f 4787/2356/1216 4548/2364/1216 4549/2365/1216
f 4308/2345/1216 4812/2362/1216 4813/2366/1216
f 4787/2356/1216 4549/2365/1216 4550/2367/1216
f 4787/2356/1216 4550/2367/1216 4551/2368/1216
f 4786/2369/1216 4787/2356/1216 4551/2368/1216
f 4786/2369/1216 4551/2368/1216 4552/2370/1216
f 4786/2369/1216 4552/2370/1216 4553/2371/1216
f 4786/2369/1216 4553/2371/1216 4554/2372/1216
f 4785/2373/1216 4786/2369/1216 4554/2372/1216
f 4308/2345/1216 4813/2366/1216 4814/2374/1216
f 4785/2373/1216 4554/2372/1216 4555/2375/1216
f 4785/2373/1216 4555/2375/1216 4556/2376/1216
f 4307/2377/1216 4308/2345/1216 4814/2374/1216
f 4785/2373/1216 4556/2376/1216 4557/2378/1216
f 4784/2379/1216 4785/2373/1216 4557/2378/1216
f 4784/2379/1216 4557/2378/1216 4558/2380/1216
f 4307/2377/1216 4814/2374/1216 4815/2381/1216
f 4783/2382/1216 4784/2379/1216 4558/2380/1216
f 4783/2382/1216 4558/2380/1216 4559/2383/1216
f 4783/2382/1216 4559/2383/1216 4560/2384/1216
f 4782/2385/1216 4783/2382/1216 4560/2384/1216
f 4307/2377/1216 4815/2381/1216 4816/2386/1216
f 4781/2387/1216 4782/2385/1216 4560/2384/1216
f 4307/2377/1216 4816/2386/1216 4817/2388/1216
f 4781/2387/1216 4560/2384/1216 4561/2389/1216
f 4780/2390/1216 4781/2387/1216 4561/2389/1216
f 4306/2391/1216 4307/2377/1216 4817/2388/1216
f 4779/2392/1216 4780/2390/1216 4561/2389/1216
f 4306/2391/1216 4817/2388/1216 4818/2393/1216
f 4778/2394/1216 4779/2392/1216 4561/2389/1216
f 4778/2394/1216 4561/2389/1216 4562/2395/1216
f 4306/2391/1216 4818/2393/1216 4819/2396/1216
f 4777/2397/1216 4778/2394/1216 4562/2395/1216
f 4776/2398/1216 4777/2397/1216 4562/2395/1216
f 4306/2391/1216 4819/2396/1216 4820/2399/1216
f 4775/2400/1216 4776/2398/1216 4562/2395/1216
f 4774/2401/1216 4775/2400/1216 4562/2395/1216
f 4773/2402/1216 4774/2401/1216 4562/2395/1216
f 4772/2403/1216 4773/2402/1216 4562/2395/1216
f 4772/2403/1216 4562/2395/1216 4563/2404/1216
f 4771/2405/1216 4772/2403/1216 4563/2404/1216
f 4305/2406/1216 4306/2391/1216 4820/2399/1216
f 4305/2406/1216 4820/2399/1216 4821/2407/1216
f 4770/2408/1216 4771/2405/1216 4563/2404/1216
f 4769/2409/1216 4770/2408/1216 4563/2404/1216
f 4768/2410/1216 4769/2409/1216 4563/2404/1216
f 4305/2406/1216 4821/2407/1216 4822/2411/1216
f 4767/2412/1216 4768/2410/1216 4563/2404/1216
f 4766/2413/1216 4767/2412/1216 4563/2404/1216
f 4305/2406/1216 4822/2411/1216 4823/2414/1216
f 4765/2415/1216 4766/2413/1216 4563/2404/1216
f 4305/2406/1216 4823/2414/1216 4824/2416/1216
f 4305/2406/1216 4824/2416/1216 4825/2417/1216
f 4305/2406/1216 4825/2417/1216 4826/2418/1216
f 4305/2406/1216 4826/2418/1216 4827/2419/1216
f 4305/2406/1216 4827/2419/1216 4828/2420/1216
f 4764/2421/1216 4765/2415/1216 4563/2404/1216
f 4305/2406/1216 4828/2420/1216 4829/2422/1216
f 4305/2406/1216 4829/2422/1216 4830/2423/1216
f 4305/2406/1216 4830/2423/1216 4831/2424/1216
f 4764/2421/1216 4563/2404/1216 4564/2425/1216
f 4305/2406/1216 4831/2424/1216 4832/2426/1216
f 4305/2406/1216 4832/2426/1216 4833/2427/1216
f 4305/2406/1216 4833/2427/1216 4834/2428/1216
f 4305/2406/1216 4834/2428/1216 4835/2429/1216
f 4305/2406/1216 4835/2429/1216 4836/2430/1216
f 4763/2431/1216 4764/2421/1216 4564/2425/1216
f 4762/2432/1216 4763/2431/1216 4564/2425/1216
f 4304/2433/1216 4305/2406/1216 4836/2430/1216
f 4304/2433/1216 4836/2430/1216 4837/2434/1216
f 4761/2435/1216 4762/2432/1216 4564/2425/1216
f 4304/2433/1216 4837/2434/1216 4838/2436/1216
f 4761/2435/1216 4564/2425/1216 4565/2437/1216
f 4304/2433/1216 4838/2436/1216 4839/2438/1216
f 4304/2433/1216 4839/2438/1216 4840/2439/1216
f 4304/2433/1216 4840/2439/1216 4841/2440/1216
f 4760/2441/1216 4761/2435/1216 4565/2437/1216
f 4304/2433/1216 4841/2440/1216 4231/2442/1216
f 4231/2442/1216 4841/2440/1216 4842/2443/1216
f 4304/2433/1216 4231/2442/1216 4232/2444/1216
f 4230/2445/1216 4231/2442/1216 4842/2443/1216
f 4230/2445/1216 4842/2443/1216 4843/2446/1216
f 4229/2447/1216 4230/2445/1216 4843/2446/1216
f 4760/2441/1216 4565/2437/1216 4566/2448/1216
f 4303/2449/1216 4304/2433/1216 4232/2444/1216
f 4229/2447/1216 4843/2446/1216 4844/2450/1216
f 4228/2451/1216 4229/2447/1216 4844/2450/1216
f 4759/2452/1216 4760/2441/1216 4566/2448/1216
f 4228/2451/1216 4844/2450/1216 4845/2453/1216
f 4227/2454/1216 4228/2451/1216 4845/2453/1216
f 4227/2454/1216 4845/2453/1216 4846/2455/1216
f 4226/2456/1216 4227/2454/1216 4846/2455/1216
f 4226/2456/1216 4846/2455/1216 4847/2457/1216
f 4758/2458/1216 4759/2452/1216 4566/2448/1216
f 4758/2458/1216 4566/2448/1216 4567/2459/1216
f 4303/2449/1216 4232/2444/1216 4233/2460/1216
f 4225/2461/1216 4226/2456/1216 4847/2457/1216
f 4225/2461/1216 4847/2457/1216 4848/2462/1216
f 4303/2449/1216 4233/2460/1216 4234/2463/1216
f 4302/2464/1216 4303/2449/1216 4234/2463/1216
f 4225/2461/1216 4848/2462/1216 4849/2465/1216
f 4302/2464/1216 4234/2463/1216 4235/2466/1216
f 4224/2467/1216 4225/2461/1216 4849/2465/1216
f 4757/2468/1216 4758/2458/1216 4567/2459/1216
f 4302/2464/1216 4235/2466/1216 4236/2469/1216
f 4302/2464/1216 4236/2469/1216 4237/2470/1216
f 4223/2471/1216 4224/2467/1216 4849/2465/1216
f 4757/2468/1216 4567/2459/1216 4568/2472/1216
f 4302/2464/1216 4237/2470/1216 4238/2473/1216
f 4222/2474/1216 4223/2471/1216 4849/2465/1216
f 4756/2475/1216 4757/2468/1216 4568/2472/1216
f 4302/2464/1216 4238/2473/1216 4239/2476/1216
f 4301/2477/1216 4302/2464/1216 4239/2476/1216
f 4221/2478/1216 4222/2474/1216 4849/2465/1216
f 4301/2477/1216 4239/2476/1216 4240/2479/1216
f 4220/2480/1216 4221/2478/1216 4849/2465/1216
f 4301/2477/1216 4240/2479/1216 4241/2481/1216
f 4756/2475/1216 4568/2472/1216 4569/2482/1216
f 4219/2483/1216 4220/2480/1216 4849/2465/1216
f 4755/2484/1216 4756/2475/1216 4569/2482/1216
f 4218/2485/1216 4219/2483/1216 4849/2465/1216
f 4301/2477/1216 4241/2481/1216 4242/2486/1216
f 4300/2487/1216 4301/2477/1216 4242/2486/1216
f 4300/2487/1216 4242/2486/1216 4243/2488/1216
f 4218/2485/1216 4849/2465/1216 4850/2489/1216
f 4754/2490/1216 4755/2484/1216 4569/2482/1216
f 4300/2487/1216 4243/2488/1216 4244/2491/1216
f 4754/2490/1216 4569/2482/1216 4570/2492/1216
f 4300/2487/1216 4244/2491/1216 4245/2493/1216
f 4300/2487/1216 4245/2493/1216 4246/2494/1216
f 4299/2495/1216 4300/2487/1216 4246/2494/1216
f 4753/2496/1216 4754/2490/1216 4570/2492/1216
f 4299/2495/1216 4246/2494/1216 4247/2497/1216
f 4217/2498/1216 4218/2485/1216 4850/2489/1216
f 4299/2495/1216 4247/2497/1216 4248/2499/1216
f 4299/2495/1216 4248/2499/1216 4249/2500/1216
f 4753/2496/1216 4570/2492/1216 4571/2501/1216
f 4298/2502/1216 4299/2495/1216 4249/2500/1216
f 4752/2503/1216 4753/2496/1216 4571/2501/1216
f 4298/2502/1216 4249/2500/1216 4250/2504/1216
f 4217/2498/1216 4850/2489/1216 4851/2505/1216
f 4298/2502/1216 4250/2504/1216 4251/2506/1216
f 4298/2502/1216 4251/2506/1216 4252/2507/1216
f 4298/2502/1216 4252/2507/1216 4253/2508/1216
f 4297/2509/1216 4298/2502/1216 4253/2508/1216
f 4297/2509/1216 4253/2508/1216 4254/2510/1216
f 4751/2511/1216 4752/2503/1216 4571/2501/1216
f 4297/2509/1216 4254/2510/1216 4255/2512/1216
f 4216/2513/1216 4217/2498/1216 4851/2505/1216
f 4751/2511/1216 4571/2501/1216 4572/2514/1216
f 4297/2509/1216 4255/2512/1216 4256/2515/1216
f 4297/2509/1216 4256/2515/1216 4257/2516/1216
f 4297/2509/1216 4257/2516/1216 4258/2517/1216
f 4751/2511/1216 4572/2514/1216 4573/2518/1216
f 4297/2509/1216 4258/2517/1216 4259/2519/1216
f 4296/2520/1216 4297/2509/1216 4259/2519/1216
f 4296/2520/1216 4259/2519/1216 4260/2521/1216
f 4296/2520/1216 4260/2521/1216 4261/2522/1216
f 4750/2523/1216 4751/2511/1216 4573/2518/1216
f 4750/2523/1216 4573/2518/1216 4574/2524/1216
f 4296/2520/1216 4261/2522/1216 4262/2525/1216
f 4296/2520/1216 4262/2525/1216 4263/2526/1216
f 4749/2527/1216 4750/2523/1216 4574/2524/1216
f 4216/2513/1216 4851/2505/1216 4852/2528/1216
f 4296/2520/1216 4263/2526/1216 4264/2529/1216
f 4295/2530/1216 4296/2520/1216 4264/2529/1216
f 4749/2527/1216 4574/2524/1216 4575/2531/1216
f 4748/2532/1216 4749/2527/1216 4575/2531/1216
f 4295/2530/1216 4264/2529/1216 4265/2533/1216
f 4295/2530/1216 4265/2533/1216 4266/2534/1216
f 4747/2535/1216 4748/2532/1216 4575/2531/1216
f 4295/2530/1216 4266/2534/1216 4267/2536/1216
f 4215/2537/1216 4216/2513/1216 4852/2528/1216
f 4747/2535/1216 4575/2531/1216 4576/2538/1216
f 4294/2539/1216 4295/2530/1216 4267/2536/1216
f 4294/2539/1216 4267/2536/1216 4268/2540/1216
f 4746/2541/1216 4747/2535/1216 4576/2538/1216
f 4294/2539/1216 4268/2540/1216 4269/2542/1216
f 4294/2539/1216 4269/2542/1216 4270/2543/1216
f 4745/2544/1216 4746/2541/1216 4576/2538/1216
f 4294/2539/1216 4270/2543/1216 4271/2545/1216
f 4294/2539/1216 4271/2545/1216 4272/2546/1216
f 4745/2544/1216 4576/2538/1216 4577/2547/1216
f 4294/2539/1216 4272/2546/1216 4273/2548/1216
f 4293/2549/1216 4294/2539/1216 4273/2548/1216
f 4744/2550/1216 4745/2544/1216 4577/2547/1216
f 4293/2549/1216 4273/2548/1216 4274/2551/1216
f 4293/2549/1216 4274/2551/1216 4275/2552/1216
f 4743/2553/1216 4744/2550/1216 4577/2547/1216
f 4293/2549/1216 4275/2552/1216 4276/2554/1216
f 4293/2549/1216 4276/2554/1216 4277/2555/1216
f 4742/2556/1216 4743/2553/1216 4577/2547/1216
f 4293/2549/1216 4277/2555/1216 4278/2557/1216
f 4292/2558/1216 4293/2549/1216 4278/2557/1216
f 4292/2558/1216 4278/2557/1216 4279/2559/1216
f 4742/2556/1216 4577/2547/1216 4578/2560/1216
f 4741/2561/1216 4742/2556/1216 4578/2560/1216
f 4292/2558/1216 4279/2559/1216 4280/2562/1216
f 4215/2537/1216 4852/2528/1216 4853/2563/1216
f 4292/2558/1216 4280/2562/1216 4281/2564/1216
f 4740/2565/1216 4741/2561/1216 4578/2560/1216
f 4291/2566/1216 4292/2558/1216 4281/2564/1216
f 4739/2567/1216 4740/2565/1216 4578/2560/1216
f 4291/2566/1216 4281/2564/1216 4282/2568/1216
f 4738/2569/1216 4739/2567/1216 4578/2560/1216
f 4290/2570/1216 4291/2566/1216 4282/2568/1216
f 4737/2571/1216 4738/2569/1216 4578/2560/1216
f 4290/2570/1216 4282/2568/1216 4283/2572/1216
f 4736/2573/1216 4737/2571/1216 4578/2560/1216
f 4289/2574/1216 4290/2570/1216 4283/2572/1216
f 4735/2575/1216 4736/2573/1216 4578/2560/1216
f 4289/2574/1216 4283/2572/1216 4284/2576/1216
f 4288/2577/1216 4289/2574/1216 4284/2576/1216
f 4734/2578/1216 4735/2575/1216 4578/2560/1216
f 4288/2577/1216 4284/2576/1216 4285/2579/1216
f 4734/2578/1216 4578/2560/1216 4579/2580/1216
f 4214/2581/1216 4215/2537/1216 4853/2563/1216
f 4287/2582/1216 4288/2577/1216 4285/2579/1216
f 4287/2582/1216 4285/2579/1216 4286/2583/1216
f 4733/2584/1216 4734/2578/1216 4579/2580/1216
f 4732/2585/1216 4733/2584/1216 4579/2580/1216
f 4731/2586/1216 4732/2585/1216 4579/2580/1216
f 4730/2587/1216 4731/2586/1216 4579/2580/1216
f 4729/2588/1216 4730/2587/1216 4579/2580/1216
f 4728/2589/1216 4729/2588/1216 4579/2580/1216
f 4727/2590/1216 4728/2589/1216 4579/2580/1216
f 4727/2590/1216 4579/2580/1216 4580/2591/1216
f 4726/2592/1216 4727/2590/1216 4580/2591/1216
f 4725/2593/1216 4726/2592/1216 4580/2591/1216
f 4724/2594/1216 4725/2593/1216 4580/2591/1216
f 4723/2595/1216 4724/2594/1216 4580/2591/1216
f 4722/2596/1216 4723/2595/1216 4580/2591/1216
f 4214/2581/1216 4853/2563/1216 4854/2597/1216
f 4722/2596/1216 4580/2591/1216 4581/2598/1216
f 4721/2599/1216 4722/2596/1216 4581/2598/1216
f 4720/2600/1216 4721/2599/1216 4581/2598/1216
f 4719/2601/1216 4720/2600/1216 4581/2598/1216
f 4213/2602/1216 4214/2581/1216 4854/2597/1216
f 4718/2603/1216 4719/2601/1216 4581/2598/1216
f 4718/2603/1216 4581/2598/1216 4582/2604/1216
f 4717/2605/1216 4718/2603/1216 4582/2604/1216
f 4716/2606/1216 4717/2605/1216 4582/2604/1216
f 4715/2607/1216 4716/2606/1216 4582/2604/1216
f 4715/2607/1216 4582/2604/1216 4583/2608/1216
f 4714/2609/1216 4715/2607/1216 4583/2608/1216
f 4213/2602/1216 4854/2597/1216 4855/2610/1216
f 4714/2609/1216 4583/2608/1216 4584/2611/1216
f 4713/2612/1216 4714/2609/1216 4584/2611/1216
f 4212/2613/1216 4213/2602/1216 4855/2610/1216
f 4712/2614/1216 4713/2612/1216 4584/2611/1216
f 4212/2613/1216 4855/2610/1216 4856/2615/1216
f 4711/2616/1216 4712/2614/1216 4584/2611/1216
f 4711/2616/1216 4584/2611/1216 4585/2617/1216
f 4710/2618/1216 4711/2616/1216 4585/2617/1216
f 4211/2619/1216 4212/2613/1216 4856/2615/1216
f 4211/2619/1216 4856/2615/1216 4857/2620/1216
f 4709/2621/1216 4710/2618/1216 4585/2617/1216
f 4708/2622/1216 4709/2621/1216 4585/2617/1216
f 4707/2623/1216 4708/2622/1216 4585/2617/1216
f 4211/2619/1216 4857/2620/1216 4858/2624/1216
f 4707/2623/1216 4585/2617/1216 4586/2625/1216
f 4706/2626/1216 4707/2623/1216 4586/2625/1216
f 4210/2627/1216 4211/2619/1216 4858/2624/1216
f 4705/2628/1216 4706/2626/1216 4586/2625/1216
f 4210/2627/1216 4858/2624/1216 4859/2629/1216
f 4704/2630/1216 4705/2628/1216 4586/2625/1216
f 4703/2631/1216 4704/2630/1216 4586/2625/1216
f 4871/2632/1216 4703/2631/1216 4586/2625/1216
f 4210/2627/1216 4859/2629/1216 4860/2633/1216
f 4870/2634/1216 4871/2632/1216 4586/2625/1216
f 4869/2635/1216 4870/2634/1216 4586/2625/1216
f 4868/2636/1216 4869/2635/1216 4586/2625/1216
f 4867/2637/1216 4868/2636/1216 4586/2625/1216
f 4209/2638/1216 4210/2627/1216 4860/2633/1216
f 4209/2638/1216 4860/2633/1216 4861/2639/1216
f 4866/2640/1216 4867/2637/1216 4586/2625/1216
f 4209/2638/1216 4861/2639/1216 4862/2641/1216
f 4865/2642/1216 4866/2640/1216 4586/2625/1216
f 4209/2638/1216 4862/2641/1216 4863/2643/1216
f 4864/2644/1216 4865/2642/1216 4586/2625/1216
f 4209/2638/1216 4863/2643/1216 4864/2644/1216
f 4209/2638/1216 4864/2644/1216 4586/2625/1216
f 4209/2638/1216 4586/2625/1216 4587/2645/1216
f 4208/2646/1216 4209/2638/1216 4587/2645/1216
f 4208/2646/1216 4587/2645/1216 4588/2647/1216
f 4207/2648/1216 4208/2646/1216 4649/2649/1216
f 4649/2649/1216 4208/2646/1216 4588/2647/1216
f 4206/2650/1216 4207/2648/1216 4650/2651/1216
f 4650/2651/1216 4207/2648/1216 4649/2649/1216
f 4648/2652/1216 4649/2649/1216 4588/2647/1216
f 4206/2650/1216 4650/2651/1216 4651/2653/1216
f 4647/2654/1216 4648/2652/1216 4588/2647/1216
f 4206/2650/1216 4651/2653/1216 4652/2655/1216
f 4646/2656/1216 4647/2654/1216 4588/2647/1216
f 4206/2650/1216 4652/2655/1216 4653/2657/1216
f 4645/2658/1216 4646/2656/1216 4588/2647/1216
f 4206/2650/1216 4653/2657/1216 4654/2659/1216
f 4644/2660/1216 4645/2658/1216 4588/2647/1216
f 4644/2660/1216 4588/2647/1216 4589/2661/1216
f 4206/2650/1216 4654/2659/1216 4655/2662/1216
f 4643/2663/1216 4644/2660/1216 4589/2661/1216
f 4206/2650/1216 4655/2662/1216 4656/2664/1216
f 4642/2665/1216 4643/2663/1216 4589/2661/1216
f 4206/2650/1216 4656/2664/1216 4657/2666/1216
f 4641/2667/1216 4642/2665/1216 4589/2661/1216
f 4206/2650/1216 4657/2666/1216 4658/2668/1216
f 4640/2669/1216 4641/2667/1216 4589/2661/1216
f 4206/2650/1216 4658/2668/1216 4659/2670/1216
f 4639/2671/1216 4640/2669/1216 4589/2661/1216
f 4206/2650/1216 4659/2670/1216 4660/2672/1216
f 4638/2673/1216 4639/2671/1216 4589/2661/1216
f 4206/2650/1216 4660/2672/1216 4661/2674/1216
f 4637/2675/1216 4638/2673/1216 4589/2661/1216
f 4637/2675/1216 4589/2661/1216 4590/2676/1216
f 4205/2677/1216 4206/2650/1216 4661/2674/1216
f 4205/2677/1216 4661/2674/1216 4662/2678/1216
f 4636/2679/1216 4637/2675/1216 4590/2676/1216
f 4205/2677/1216 4662/2678/1216 4663/2680/1216
f 4635/2681/1216 4636/2679/1216 4590/2676/1216
f 4205/2677/1216 4663/2680/1216 4664/2682/1216
f 4634/2683/1216 4635/2681/1216 4590/2676/1216
f 4634/2683/1216 4590/2676/1216 4591/2684/1216
f 4205/2677/1216 4664/2682/1216 4665/2685/1216
f 4633/2686/1216 4634/2683/1216 4591/2684/1216
f 4204/2687/1216 4205/2677/1216 4665/2685/1216
f 4632/2688/1216 4633/2686/1216 4591/2684/1216
f 4204/2687/1216 4665/2685/1216 4666/2689/1216
f 4631/2690/1216 4632/2688/1216 4591/2684/1216
f 4631/2690/1216 4591/2684/1216 4592/2691/1216
f 4204/2687/1216 4666/2689/1216 4667/2692/1216
f 4203/2693/1216 4204/2687/1216 4667/2692/1216
f 4630/2694/1216 4631/2690/1216 4592/2691/1216
f 4629/2695/1216 4630/2694/1216 4592/2691/1216
f 4628/2696/1216 4629/2695/1216 4592/2691/1216
f 4203/2693/1216 4667/2692/1216 4668/2697/1216
f 4627/2698/1216 4628/2696/1216 4592/2691/1216
f 4627/2698/1216 4592/2691/1216 4593/2699/1216
f 4203/2693/1216 4668/2697/1216 4669/2700/1216
f 4626/2701/1216 4627/2698/1216 4593/2699/1216
f 4202/2702/1216 4203/2693/1216 4669/2700/1216
f 4625/2703/1216 4626/2701/1216 4593/2699/1216
f 4202/2702/1216 4669/2700/1216 4670/2704/1216
f 4624/2705/1216 4625/2703/1216 4593/2699/1216
f 4202/2702/1216 4670/2704/1216 4671/2706/1216
f 4623/2707/1216 4624/2705/1216 4593/2699/1216
f 4623/2707/1216 4593/2699/1216 4594/2708/1216
f 4202/2702/1216 4671/2706/1216 4672/2709/1216
f 4622/2710/1216 4623/2707/1216 4594/2708/1216
f 4201/2711/1216 4202/2702/1216 4672/2709/1216
f 4621/2712/1216 4622/2710/1216 4594/2708/1216
f 4201/2711/1216 4672/2709/1216 4673/2713/1216
f 4621/2712/1216 4594/2708/1216 4595/2714/1216
f 4620/2715/1216 4621/2712/1216 4595/2714/1216
f 4201/2711/1216 4673/2713/1216 4674/2716/1216
f 4200/2717/1216 4201/2711/1216 4674/2716/1216
f 4619/2718/1216 4620/2715/1216 4595/2714/1216
f 4200/2717/1216 4674/2716/1216 4675/2719/1216
f 4619/2718/1216 4595/2714/1216 4596/2720/1216
f 4618/2721/1216 4619/2718/1216 4596/2720/1216
f 4618/2721/1216 4596/2720/1216 4597/2722/1216
f 4199/2723/1216 4200/2717/1216 4675/2719/1216
f 4199/2723/1216 4675/2719/1216 4676/2724/1216
f 4617/2725/1216 4618/2721/1216 4597/2722/1216
f 4617/2725/1216 4597/2722/1216 4598/2726/1216
f 4617/2725/1216 4598/2726/1216 4599/2727/1216
f 4616/2728/1216 4617/2725/1216 4599/2727/1216
f 4616/2728/1216 4599/2727/1216 4600/2729/1216
f 4199/2723/1216 4676/2724/1216 4677/2730/1216
f 4616/2728/1216 4600/2729/1216 4601/2731/1216
f 4198/2732/1216 4199/2723/1216 4677/2730/1216
f 4615/2733/1216 4616/2728/1216 4601/2731/1216
f 4615/2733/1216 4601/2731/1216 4602/2734/1216
f 4615/2733/1216 4602/2734/1216 4603/2735/1216
f 4615/2733/1216 4603/2735/1216 4604/2736/1216
f 4614/2737/1216 4615/2733/1216 4604/2736/1216
f 4614/2737/1216 4604/2736/1216 4605/2738/1216
f 4614/2737/1216 4605/2738/1216 4606/2739/1216
f 4198/2732/1216 4677/2730/1216 4678/2740/1216
f 4613/2741/1216 4614/2737/1216 4606/2739/1216
f 4613/2741/1216 4606/2739/1216 4607/2742/1216
f 4613/2741/1216 4607/2742/1216 4608/2743/1216
f 4612/2744/1216 4613/2741/1216 4608/2743/1216
f 4197/2745/1216 4198/2732/1216 4678/2740/1216
f 4612/2744/1216 4608/2743/1216 4609/2746/1216
f 4611/2747/1216 4612/2744/1216 4609/2746/1216
f 4611/2747/1216 4609/2746/1216 4610/2748/1216
f 4197/2745/1216 4678/2740/1216 4679/2749/1216
f 4196/2750/1216 4197/2745/1216 4679/2749/1216
f 4196/2750/1216 4679/2749/1216 4680/2751/1216
f 4195/2752/1216 4196/2750/1216 4680/2751/1216
f 4194/2753/1216 4195/2752/1216 4680/2751/1216
f 4194/2753/1216 4680/2751/1216 4681/2754/1216
f 4193/2755/1216 4194/2753/1216 4681/2754/1216
f 4193/2755/1216 4681/2754/1216 4682/2756/1216
f 4192/2757/1216 4193/2755/1216 4682/2756/1216
f 4191/2758/1216 4192/2757/1216 4682/2756/1216
f 4191/2758/1216 4682/2756/1216 4683/2759/1216
f 4190/2760/1216 4191/2758/1216 4683/2759/1216
f 4190/2760/1216 4683/2759/1216 4684/2761/1216
f 4189/2762/1216 4190/2760/1216 4684/2761/1216
f 4188/2763/1216 4189/2762/1216 4684/2761/1216
f 4188/2763/1216 4684/2761/1216 4685/2764/1216
f 4187/2765/1216 4188/2763/1216 4685/2764/1216
f 4187/2765/1216 4685/2764/1216 4686/2766/1216
f 4186/2767/1216 4187/2765/1216 4686/2766/1216
f 4185/2768/1216 4186/2767/1216 4686/2766/1216
f 4185/2768/1216 4686/2766/1216 4687/2769/1216
f 4184/2770/1216 4185/2768/1216 4687/2769/1216
f 4184/2770/1216 4687/2769/1216 4688/2771/1216
f 4702/2772/1216 4184/2770/1216 4688/2771/1216
f 4702/2772/1216 4688/2771/1216 4689/2773/1216
f 4701/2774/1215 4702/2772/1215 4689/2773/1215
f 4700/2775/1218 4701/2774/1218 4689/2773/1218
f 4699/2776/1216 4700/2775/1216 4689/2773/1216
f 4698/2777/1215 4699/2776/1215 4689/2773/1215
f 4697/2778/1219 4698/2777/1219 4689/2773/1219
f 4696/2779/1215 4697/2778/1215 4689/2773/1215
f 4695/2780/1219 4696/2779/1219 4689/2773/1219
f 4694/2781/1215 4695/2780/1215 4689/2773/1215
f 4693/2782/1216 4694/2781/1216 4689/2773/1216
f 4691/2783/1215 4693/2782/1215 4689/2773/1215
f 4690/2784/1216 4691/2783/1216 4689/2773/1216
f 3885/1398/1220 3886/1400/1220 5280/1400/1220 5279/1398/1220
f 3893/1411/1221 3894/1413/1221 5288/1413/1221 5287/1411/1221
f 3877/1416/1222 3878/1414/1222 5272/1414/1222 5271/1416/1222
f 3901/1425/1223 3902/1427/1223 5296/1427/1223 5295/1425/1223
f 3869/1440/1224 3870/1437/1224 5264/1437/1224 5263/1440/1224
f 3909/1439/1225 3910/1441/1225 5304/1441/1225 5303/1439/1225
f 4181/1431/1226 4182/1450/1226 5576/1450/1226 5575/1431/1226
f 3917/1452/1227 3918/1454/1227 5312/1454/1227 5311/1452/1227
f 4141/1466/1228 4142/1469/1228 5536/1469/1228 5535/1466/1228
f 4133/1470/1229 4134/1468/1229 5528/1468/1229 5527/1470/1229
f 3861/1484/1230 3862/1474/1230 5256/1474/1230 5255/1484/1230
f 4125/1488/1231 4126/1485/1231 5520/1485/1231 5519/1488/1231
f 3853/1498/1232 3854/1496/1232 5248/1496/1232 5247/1498/1232
f 3925/1494/1233 3926/1505/1233 5320/1505/1233 5319/1494/1233
f 4149/1508/1234 4150/1514/1234 5544/1514/1234 5543/1508/1234
f 3845/1516/1235 3846/1513/1235 5240/1513/1235 5239/1516/1235
f 4117/1519/1236 4118/1515/1236 5512/1515/1236 5511/1519/1236
f 3837/1532/1237 3838/1529/1237 5232/1529/1237 5231/1532/1237
f 3829/1546/1238 3830/1545/1238 5224/1545/1238 5223/1546/1238
f 4109/1554/1239 4110/1550/1239 5504/1550/1239 5503/1554/1239
f 3933/1555/1240 3934/1559/1240 5328/1559/1240 5327/1555/1240
f 3821/1574/1241 3822/1567/1241 5216/1567/1241 5215/1574/1241
f 3965/1581/1242 3966/1578/1242 5360/1578/1242 5359/1581/1242
f 3941/1577/1243 3942/1584/1243 5336/1584/1243 5335/1577/1243
f 4157/1571/1244 4158/1585/1244 5552/1585/1244 5551/1571/1244
f 3957/1600/1245 3958/1597/1245 5352/1597/1245 5351/1600/1245
f 3949/1606/1246 3950/1608/1246 5344/1608/1246 5343/1606/1246
f 4101/1612/1247 4102/1576/1247 5496/1576/1247 5495/1612/1247
f 4093/1620/1248 4094/1619/1248 5488/1619/1248 5487/1620/1248
f 3973/1603/1249 3974/1628/1249 5368/1628/1249 5367/1603/1249
f 4085/1630/1250 4086/1629/1250 5480/1629/1250 5479/1630/1250
f 4077/1639/1251 4078/1638/1251 5472/1638/1251 5471/1639/1251
f 4069/1650/1252 4070/1648/1252 5464/1648/1252 5463/1650/1252
f 4061/1659/1253 4062/1657/1253 5456/1657/1253 5455/1659/1253
f 4053/1667/1254 4054/1666/1254 5448/1666/1254 5447/1667/1254
f 4045/1677/1255 4046/1676/1255 5440/1676/1255 5439/1677/1255
f 4037/1686/1256 4038/1685/1256 5432/1685/1256 5431/1686/1256
f 4173/1701/1257 4174/1698/1257 5568/1698/1257 5567/1701/1257
f 4165/1699/1258 4166/1702/1258 5560/1702/1258 5559/1699/1258
f 3813/1711/1259 3814/1710/1259 5208/1710/1259 5207/1711/1259
f 3805/1722/1260 3806/1720/1260 5200/1720/1260 5199/1722/1260
f 3981/1721/1261 3982/1725/1261 5376/1725/1261 5375/1721/1261
f 3797/1731/1262 3798/1730/1262 5192/1730/1262 5191/1731/1262
f 3789/1743/1263 3790/1742/1263 5184/1742/1263 5183/1743/1263
f 3989/1750/1264 3990/1753/1264 5384/1753/1264 5383/1750/1264
f 3781/1755/1265 3782/1754/1265 5176/1754/1265 5175/1755/1265
f 3637/1767/1266 3638/1766/1266 5032/1766/1266 5031/1767/1266
f 3645/1778/1267 3646/1779/1267 5040/1779/1267 5039/1778/1267
f 3653/1787/1268 3654/1789/1268 5048/1789/1268 5047/1787/1268
f 3661/1797/1269 3662/1798/1269 5056/1798/1269 5055/1797/1269
f 3669/1806/1270 3670/1807/1270 5064/1807/1270 5063/1806/1270
f 3677/1816/1271 3678/1817/1271 5072/1817/1271 5071/1816/1271
f 3629/1819/1272 3630/1810/1272 5024/1810/1272 5023/1819/1272
f 3773/1824/1273 3774/1812/1273 5168/1812/1273 5167/1824/1273
f 3685/1827/1270 3686/1829/1270 5080/1829/1270 5079/1827/1270
f 3997/1821/1274 3998/1836/1274 5392/1836/1274 5391/1821/1274
f 3693/1841/1275 3694/1842/1275 5088/1842/1275 5087/1841/1275
f 3765/1854/1276 3766/1851/1276 5160/1851/1276 5159/1854/1276
f 3701/1856/1277 3702/1858/1277 5096/1858/1277 5095/1856/1277
f 3709/1870/1278 3710/1871/1278 5104/1871/1278 5103/1870/1278
f 3717/1879/1279 3718/1880/1279 5112/1880/1279 5111/1879/1279
f 3725/1888/1280 3726/1890/1280 5120/1890/1280 5119/1888/1280
f 3757/1893/1281 3758/1885/1281 5152/1885/1281 5151/1893/1281
f 3733/1898/1282 3734/1900/1282 5128/1900/1282 5127/1898/1282
f 3741/1909/1283 3742/1910/1283 5136/1910/1283 5135/1909/1283
f 3749/1919/1284 3750/1917/1284 5144/1917/1284 5143/1919/1284
f 2997/1930/1285 2998/1932/1285 4392/1932/1285 4391/1930/1285
f 3005/1941/1286 3006/1944/1286 4400/1944/1286 4399/1941/1286
f 2989/1950/1287 2990/1947/1287 4384/1947/1287 4383/1950/1287
f 3621/1952/1288 3622/1931/1288 5016/1931/1288 5015/1952/1288
f 4005/1949/1289 4006/1954/1289 5400/1954/1289 5399/1949/1289
f 3613/1970/1290 3614/1968/1290 5008/1968/1290 5007/1970/1290
f 4013/1972/1291 4014/1975/1291 5408/1975/1291 5407/1972/1291
f 4021/1989/1292 4022/1991/1292 5416/1991/1292 5415/1989/1292
f 3013/1974/1293 3014/1994/1293 4408/1994/1293 4407/1974/1293
f 2981/2004/1294 2982/2003/1294 4376/2003/1294 4375/2004/1294
f 3021/2007/1295 3022/2009/1295 4416/2009/1295 4415/2007/1295
f 2973/2019/1296 2974/2017/1296 4368/2017/1296 4367/2019/1296
f 3029/2026/1297 3030/2029/1297 4424/2029/1297 4423/2026/1297
f 2965/2032/1298 2966/2030/1298 4360/2030/1298 4359/2032/1298
f 3557/2038/1299 3558/2040/1299 4952/2040/1299 4951/2038/1299
f 3037/2048/1300 3038/2051/1300 4432/2051/1300 4431/2048/1300
f 3101/2053/1301 3102/2056/1301 4496/2056/1301 4495/2053/1301
f 3093/2065/1302 3094/2064/1302 4488/2064/1302 4487/2065/1302
f 3085/2079/1303 3086/2077/1303 4480/2077/1303 4479/2079/1303
f 3109/2084/1304 3110/2089/1304 4504/2089/1304 4503/2084/1304
f 3077/2094/1305 3078/2090/1305 4472/2090/1305 4471/2094/1305
f 3565/2104/1306 3566/2109/1306 4960/2109/1306 4959/2104/1306
f 2957/2115/1307 2958/2105/1307 4352/2105/1307 4351/2115/1307
f 3045/2116/1308 3046/2120/1308 4440/2120/1308 4439/2116/1308
f 3117/2118/1309 3118/2123/1309 4512/2123/1309 4511/2118/1309
f 3549/2130/1310 3550/2112/1310 4944/2112/1310 4943/2130/1310
f 3069/2132/1311 3070/2126/1311 4464/2126/1311 4463/2132/1311
f 3573/2140/1312 3574/2146/1312 4968/2146/1312 4967/2140/1312
f 3053/2149/1313 3054/2152/1313 4448/2152/1313 4447/2149/1313
f 3061/2162/1314 3062/2163/1314 4456/2163/1314 4455/2162/1314
f 3541/2176/1315 3542/2174/1315 4936/2174/1315 4935/2176/1315
f 3533/2187/1316 3534/2186/1316 4928/2186/1316 4927/2187/1316
f 3525/2195/1317 3526/2194/1317 4920/2194/1317 4919/2195/1317
f 3125/2178/1318 3126/2204/1318 4520/2204/1318 4519/2178/1318
f 3517/2205/1319 3518/2203/1319 4912/2203/1319 4911/2205/1319
f 3509/2216/1320 3510/2214/1320 4904/2214/1320 4903/2216/1320
f 3581/2211/1321 3582/2218/1321 4976/2218/1321 4975/2211/1321
f 2949/2222/1322 2950/2209/1322 4344/2209/1322 4343/2222/1322
f 3501/2228/1323 3502/2226/1323 4896/2226/1323 4895/2228/1323
f 3493/2237/1324 3494/2236/1324 4888/2236/1324 4887/2237/1324
f 3485/2249/1325 3486/2248/1325 4880/2248/1325 4879/2249/1325
f 3589/2259/1326 3590/2263/1326 4984/2263/1326 4983/2259/1326
f 3605/2270/1327 3606/2267/1327 5000/2267/1327 4999/2270/1327
f 3597/2280/1328 3598/2282/1328 4992/2282/1328 4991/2280/1328
f 3133/2285/1329 3134/2287/1329 4528/2287/1329 4527/2285/1329
f 2941/2292/1330 2942/2291/1330 4336/2291/1330 4335/2292/1330
f 2933/2304/1331 2934/2302/1331 4328/2302/1331 4327/2304/1331
f 2925/2313/1332 2926/2311/1332 4320/2311/1332 4319/2313/1332
f 3141/2321/1333 3142/2322/1333 4536/2322/1333 4535/2321/1333
f 2917/2324/1334 2918/2320/1334 4312/2320/1334 4311/2324/1334
f 3397/2337/1335 3398/2335/1335 4792/2335/1335 4791/2337/1335
f 3149/2341/1336 3150/2344/1336 4544/2344/1336 4543/2341/1336
f 3405/2343/1337 3406/2347/1337 4800/2347/1337 4799/2343/1337
f 3413/2355/1338 3414/2357/1338 4808/2357/1338 4807/2355/1338
f 3157/2368/1339 3158/2370/1339 4552/2370/1339 4551/2368/1339
f 3389/2382/1340 3390/2379/1340 4784/2379/1340 4783/2382/1340
f 3165/2383/1341 3166/2384/1341 4560/2384/1341 4559/2383/1341
f 3421/2381/1342 3422/2386/1342 4816/2386/1342 4815/2381/1342
f 3381/2400/1343 3382/2398/1343 4776/2398/1343 4775/2400/1343
f 3373/2412/1344 3374/2410/1344 4768/2410/1344 4767/2412/1344
f 3429/2414/1345 3430/2416/1345 4824/2416/1345 4823/2414/1345
f 3437/2424/1346 3438/2426/1346 4832/2426/1346 4831/2424/1346
f 3445/2438/1347 3446/2439/1347 4840/2439/1347 4839/2438/1347
f 2837/2442/1348 2838/2444/1348 4232/2444/1348 4231/2442/1348
f 2909/2449/1349 2910/2433/1349 4304/2433/1349 4303/2449/1349
f 3365/2452/1350 3366/2441/1350 4760/2441/1350 4759/2452/1350
f 3453/2457/1351 3454/2462/1351 4848/2462/1351 4847/2457/1351
f 2829/2471/1352 2830/2467/1352 4224/2467/1352 4223/2471/1352
f 3173/2459/1353 3174/2472/1353 4568/2472/1353 4567/2459/1353
f 2845/2476/1354 2846/2479/1354 4240/2479/1354 4239/2476/1354
f 2853/2497/1355 2854/2499/1355 4248/2499/1355 4247/2497/1355
f 3357/2511/1356 3358/2503/1356 4752/2503/1356 4751/2511/1356
f 2861/2512/1357 2862/2515/1357 4256/2515/1357 4255/2512/1357
f 2869/2526/1358 2870/2529/1358 4264/2529/1358 4263/2526/1358
f 2901/2530/1359 2902/2520/1359 4296/2520/1359 4295/2530/1359
f 2821/2537/1360 2822/2513/1360 4216/2513/1360 4215/2537/1360
f 3181/2531/1361 3182/2538/1361 4576/2538/1361 4575/2531/1361
f 2877/2545/1362 2878/2546/1362 4272/2546/1362 4271/2545/1362
f 3349/2553/1363 3350/2550/1363 4744/2550/1363 4743/2553/1363
f 2885/2559/1358 2886/2562/1358 4280/2562/1358 4279/2559/1358
f 3341/2575/1364 3342/2573/1364 4736/2573/1364 4735/2575/1364
f 2893/2582/1365 2894/2577/1365 4288/2577/1365 4287/2582/1365
f 3333/2590/1366 3334/2589/1366 4728/2589/1366 4727/2590/1366
f 3325/2601/1367 3326/2600/1367 4720/2600/1367 4719/2601/1367
f 3189/2608/1368 3190/2611/1368 4584/2611/1368 4583/2608/1368
f 3461/2610/1369 3462/2615/1369 4856/2615/1369 4855/2610/1369
f 3317/2616/1370 3318/2614/1370 4712/2614/1370 4711/2616/1370
f 3309/2631/1371 3310/2630/1371 4704/2630/1371 4703/2631/1371
f 3477/2632/1372 3309/2631/1372 4703/2631/1372 4871/2632/1372
f 3469/2643/1373 3470/2644/1373 4864/2644/1373 4863/2643/1373
f 2813/2648/1374 2814/2646/1374 4208/2646/1374 4207/2648/1374
f 3253/2654/1375 3254/2652/1375 4648/2652/1375 4647/2654/1375
f 3261/2662/1376 3262/2664/1376 4656/2664/1376 4655/2662/1376
f 3245/2671/1377 3246/2669/1377 4640/2669/1377 4639/2671/1377
f 3269/2680/1378 3270/2682/1378 4664/2682/1378 4663/2680/1378
f 3237/2690/1379 3238/2688/1379 4632/2688/1379 4631/2690/1379
f 3197/2684/1380 3198/2691/1380 4592/2691/1380 4591/2684/1380
f 3229/2707/1381 3230/2705/1381 4624/2705/1381 4623/2707/1381
f 3277/2706/1382 3278/2709/1382 4672/2709/1382 4671/2706/1382
f 2805/2723/1383 2806/2717/1383 4200/2717/1383 4199/2723/1383
f 3205/2727/1384 3206/2729/1384 4600/2729/1384 4599/2727/1384
f 3221/2733/1385 3222/2728/1385 4616/2728/1385 4615/2733/1385
f 3213/2742/1386 3214/2743/1386 4608/2743/1386 4607/2742/1386
f 3285/2749/1387 3286/2751/1387 4680/2751/1387 4679/2749/1387
f 2797/2758/1388 2798/2757/1388 4192/2757/1388 4191/2758/1388
f 3293/2769/1389 3294/2771/1389 4688/2771/1389 4687/2769/1389
f 3301/2780/1390 3302/2779/1390 4696/2779/1390 4695/2780/1390
f 3886/1400/1391 3887/1399/1391 5281/1399/1391 5280/1400/1391
f 3878/1414/1392 3879/1412/1392 5273/1412/1392 5272/1414/1392
f 3894/1413/1393 3895/1415/1393 5289/1415/1393 5288/1413/1393
f 3902/1427/1394 3903/1428/1394 5297/1428/1394 5296/1427/1394
f 3870/1437/1395 3871/1434/1395 5265/1434/1395 5264/1437/1395
f 3910/1441/1396 3911/1442/1396 5305/1442/1396 5304/1441/1396
f 3918/1454/1397 3919/1455/1397 5313/1455/1397 5312/1454/1397
f 4134/1468/1398 4135/1465/1398 5529/1465/1398 5528/1468/1398
f 4142/1469/1399 4143/1472/1399 5537/1472/1399 5536/1469/1399
f 3862/1474/1400 3863/1459/1400 5257/1459/1400 5256/1474/1400
f 4126/1485/1401 4127/1481/1401 5521/1481/1401 5520/1485/1401
f 3854/1496/1232 3855/1495/1232 5249/1495/1232 5248/1496/1232
f 3926/1505/1402 3927/1511/1402 5321/1511/1402 5320/1505/1402
f 3846/1513/1403 3847/1510/1403 5241/1510/1403 5240/1513/1403
f 4118/1515/1404 4119/1512/1404 5513/1512/1404 5512/1515/1404
f 4150/1514/1405 4151/1523/1405 5545/1523/1405 5544/1514/1405
f 3838/1529/1406 3839/1528/1406 5233/1528/1406 5232/1529/1406
f 3830/1545/1407 3831/1542/1407 5225/1542/1407 5224/1545/1407
f 4110/1550/1408 4111/1544/1408 5505/1544/1408 5504/1550/1408
f 3934/1559/1409 3935/1564/1409 5329/1564/1409 5328/1559/1409
f 3822/1567/1410 3823/1561/1410 5217/1561/1410 5216/1567/1410
f 4102/1576/1411 4103/1572/1411 5497/1572/1411 5496/1576/1411
f 3966/1578/1412 3967/1580/1412 5361/1580/1412 5360/1578/1412
f 3942/1584/1413 3943/1591/1413 5337/1591/1413 5336/1584/1413
f 3958/1597/1414 3959/1595/1414 5353/1595/1414 5352/1597/1414
f 3950/1608/1415 3951/1610/1415 5345/1610/1415 5344/1608/1415
f 4094/1619/1248 4095/1618/1248 5489/1618/1248 5488/1619/1248
f 4158/1585/1416 4159/1625/1416 5553/1625/1416 5552/1585/1416
f 4086/1629/1417 4087/1627/1417 5481/1627/1417 5480/1629/1417
f 4078/1638/1418 4079/1637/1418 5473/1637/1418 5472/1638/1418
f 3974/1628/1419 3975/1642/1419 5369/1642/1419 5368/1628/1419
f 4070/1648/1420 4071/1646/1420 5465/1646/1420 5464/1648/1420
f 4062/1657/1421 4063/1656/1421 5457/1656/1421 5456/1657/1421
f 4054/1666/1422 4055/1665/1422 5449/1665/1422 5448/1666/1422
f 4046/1676/1423 4047/1675/1423 5441/1675/1423 5440/1676/1423
f 4038/1685/1424 4039/1683/1424 5433/1683/1424 5432/1685/1424
f 4030/1696/1425 4031/1695/1425 5425/1695/1425 5424/1696/1425
f 4174/1698/1426 4030/1696/1426 5424/1696/1426 5568/1698/1426
f 4166/1702/1427 4167/1705/1427 5561/1705/1427 5560/1702/1427
f 3814/1710/1428 3815/1700/1428 5209/1700/1428 5208/1710/1428
f 3806/1720/1429 3807/1719/1429 5201/1719/1429 5200/1720/1429
f 3798/1730/1430 3799/1729/1430 5193/1729/1430 5192/1730/1430
f 3982/1725/1431 3983/1732/1431 5377/1732/1431 5376/1725/1431
f 3790/1742/1432 3791/1740/1432 5185/1740/1432 5184/1742/1432
f 3782/1754/1433 3783/1752/1433 5177/1752/1433 5176/1754/1433
f 3990/1753/1434 3991/1756/1434 5385/1756/1434 5384/1753/1434
f 3638/1766/1435 3639/1765/1435 5033/1765/1435 5032/1766/1435
f 3646/1779/1436 3647/1780/1436 5041/1780/1436 5040/1779/1436
f 3654/1789/1437 3655/1790/1437 5049/1790/1437 5048/1789/1437
f 3662/1798/1438 3663/1799/1438 5057/1799/1438 5056/1798/1438
f 3670/1807/1439 3671/1808/1439 5065/1808/1439 5064/1807/1439
f 3630/1810/1440 3631/1800/1440 5025/1800/1440 5024/1810/1440
f 3774/1812/1441 3775/1786/1441 5169/1786/1441 5168/1812/1441
f 3678/1817/1442 3679/1818/1442 5073/1818/1442 5072/1817/1442
f 3686/1829/1443 3687/1831/1443 5081/1831/1443 5080/1829/1443
f 3694/1842/1444 3695/1843/1444 5089/1843/1444 5088/1842/1444
f 3766/1851/1445 3767/1849/1445 5161/1849/1445 5160/1851/1445
f 3998/1836/1446 3999/1855/1446 5393/1855/1446 5392/1836/1446
f 3702/1858/1447 3703/1859/1447 5097/1859/1447 5096/1858/1447
f 3710/1871/1448 3711/1872/1448 5105/1872/1448 5104/1871/1448
f 3718/1880/1449 3719/1881/1449 5113/1881/1449 5112/1880/1449
f 3758/1885/1450 3759/1876/1450 5153/1876/1450 5152/1885/1450
f 3726/1890/1451 3727/1891/1451 5121/1891/1451 5120/1890/1451
f 3734/1900/1282 3735/1901/1282 5129/1901/1282 5128/1900/1282
f 3742/1910/1452 3743/1912/1452 5137/1912/1452 5136/1910/1452
f 3750/1917/1453 3751/1915/1453 5145/1915/1453 5144/1917/1453
f 3622/1931/1454 3623/1924/1454 5017/1924/1454 5016/1931/1454
f 2998/1932/1455 2999/1933/1455 4393/1933/1455 4392/1932/1455
f 3006/1944/1456 3007/1945/1456 4401/1945/1456 4400/1944/1456
f 2990/1947/1457 2991/1943/1457 4385/1943/1457 4384/1947/1457
f 4006/1954/1458 4007/1959/1458 5401/1959/1458 5400/1954/1458
f 3614/1968/1459 3615/1965/1459 5009/1965/1459 5008/1968/1459
f 4014/1975/1460 4015/1977/1460 5409/1977/1460 5408/1975/1460
f 4022/1991/1461 4023/1992/1461 5417/1992/1461 5416/1991/1461
f 3014/1994/1462 3015/1995/1462 4409/1995/1462 4408/1994/1462
f 2982/2003/1463 2983/2000/1463 4377/2000/1463 4376/2003/1463
f 3022/2009/1464 3023/2012/1464 4417/2012/1464 4416/2009/1464
f 2974/2017/1465 2975/2015/1465 4369/2015/1465 4368/2017/1465
f 2966/2030/1466 2967/2028/1466 4361/2028/1466 4360/2030/1466
f 3030/2029/1467 3031/2031/1467 4425/2031/1467 4424/2029/1467
f 3558/2040/1468 3559/2043/1468 4953/2043/1468 4952/2040/1468
f 3102/2056/1469 3103/2059/1469 4497/2059/1469 4496/2056/1469
f 3094/2064/1470 3095/2062/1470 4489/2062/1470 4488/2064/1470
f 3038/2051/1471 3039/2069/1471 4433/2069/1471 4432/2051/1471
f 3086/2077/1472 3087/2076/1472 4481/2076/1472 4480/2077/1472
f 3078/2090/1473 3079/2088/1473 4473/2088/1473 4472/2090/1473
f 3110/2089/1474 3111/2091/1474 4505/2091/1474 4504/2089/1474
f 2958/2105/1475 2959/2096/1475 4353/2096/1475 4352/2105/1475
f 3550/2112/1476 3551/2093/1476 4945/2093/1476 4944/2112/1476
f 3566/2109/1477 3567/2114/1477 4961/2114/1477 4960/2109/1477
f 3046/2120/1478 3047/2125/1478 4441/2125/1478 4440/2120/1478
f 3070/2126/1479 3071/2121/1479 4465/2121/1479 4464/2126/1479
f 3118/2123/1480 3119/2128/1480 4513/2128/1480 4512/2123/1480
f 3574/2146/1481 3575/2150/1481 4969/2150/1481 4968/2146/1481
f 3054/2152/1482 3055/2153/1482 4449/2153/1482 4448/2152/1482
f 3062/2163/1483 3063/2164/1483 4457/2164/1483 4456/2163/1483
f 3542/2174/1484 3543/2171/1484 4937/2171/1484 4936/2174/1484
f 3534/2186/1485 3535/2185/1485 4929/2185/1485 4928/2186/1485
f 3526/2194/1486 3527/2193/1486 4921/2193/1486 4920/2194/1486
f 3518/2203/1487 3519/2202/1487 4913/2202/1487 4912/2203/1487
f 2950/2209/1488 2951/2182/1488 4345/2182/1488 4344/2209/1488
f 3510/2214/1489 3511/2213/1489 4905/2213/1489 4904/2214/1489
f 3126/2204/1490 3127/2215/1490 4521/2215/1490 4520/2204/1490
f 3582/2218/1491 3583/2225/1491 4977/2225/1491 4976/2218/1491
f 3502/2226/1492 3503/2224/1492 4897/2224/1492 4896/2226/1492
f 3494/2236/1325 3495/2235/1325 4889/2235/1325 4888/2236/1325
f 3486/2248/1324 3487/2246/1324 4881/2246/1324 4880/2248/1324
f 3478/2260/1493 3479/2258/1493 4873/2258/1493 4872/2260/1493
f 3609/2262/1494 3478/2260/1494 4872/2260/1494 5003/2262/1494
f 3590/2263/1495 3591/2266/1495 4985/2266/1495 4984/2263/1495
f 3606/2267/1496 3607/2265/1496 5001/2265/1496 5000/2267/1496
f 3598/2282/1497 3599/2281/1497 4993/2281/1497 4992/2282/1497
f 3134/2287/1498 3135/2290/1498 4529/2290/1498 4528/2287/1498
f 2942/2291/1499 2943/2289/1499 4337/2289/1499 4336/2291/1499
f 2934/2302/1500 2935/2301/1500 4329/2301/1500 4328/2302/1500
f 2926/2311/1332 2927/2310/1332 4321/2310/1332 4320/2311/1332
f 2918/2320/1501 2919/2319/1501 4313/2319/1501 4312/2320/1501
f 3142/2322/1336 3143/2323/1336 4537/2323/1336 4536/2322/1336
f 3398/2335/1502 3399/2332/1502 4793/2332/1502 4792/2335/1502
f 3406/2347/1503 3407/2348/1503 4801/2348/1503 4800/2347/1503
f 3150/2344/1333 3151/2351/1333 4545/2351/1333 4544/2344/1333
f 3414/2357/1504 3415/2358/1504 4809/2358/1504 4808/2357/1504
f 3158/2370/1505 3159/2371/1505 4553/2371/1505 4552/2370/1505
f 3390/2379/1506 3391/2373/1506 4785/2373/1506 4784/2379/1506
f 3422/2386/1507 3423/2388/1507 4817/2388/1507 4816/2386/1507
f 3166/2384/1508 3167/2389/1508 4561/2389/1508 4560/2384/1508
f 3382/2398/1509 3383/2397/1509 4777/2397/1509 4776/2398/1509
f 3374/2410/1510 3375/2409/1510 4769/2409/1510 4768/2410/1510
f 3430/2416/1511 3431/2417/1511 4825/2417/1511 4824/2416/1511
f 3438/2426/1511 3439/2427/1511 4833/2427/1511 4832/2426/1511
f 2910/2433/1512 2911/2406/1512 4305/2406/1512 4304/2433/1512
f 3446/2439/1513 3447/2440/1513 4841/2440/1513 4840/2439/1513
f 3366/2441/1510 3367/2435/1510 4761/2435/1510 4760/2441/1510
f 2838/2444/1348 2839/2460/1348 4233/2460/1348 4232/2444/1348
f 3454/2462/1514 3455/2465/1514 4849/2465/1514 4848/2462/1514
f 2830/2467/1352 2831/2461/1352 4225/2461/1352 4224/2467/1352
f 2846/2479/1354 2847/2481/1354 4241/2481/1354 4240/2479/1354
f 3174/2472/1515 3175/2482/1515 4569/2482/1515 4568/2472/1515
f 2854/2499/1516 2855/2500/1516 4249/2500/1516 4248/2499/1516
f 3358/2503/1517 3359/2496/1517 4753/2496/1517 4752/2503/1517
f 2822/2513/1518 2823/2498/1518 4217/2498/1518 4216/2513/1518
f 2862/2515/1519 2863/2516/1519 4257/2516/1519 4256/2515/1519
f 2902/2520/1520 2903/2509/1520 4297/2509/1520 4296/2520/1520
f 2870/2529/1521 2871/2533/1521 4265/2533/1521 4264/2529/1521
f 3182/2538/1522 3183/2547/1522 4577/2547/1522 4576/2538/1522
f 2878/2546/1523 2879/2548/1523 4273/2548/1523 4272/2546/1523
f 3350/2550/1363 3351/2544/1363 4745/2544/1363 4744/2550/1363
f 2886/2562/1524 2887/2564/1524 4281/2564/1524 4280/2562/1524
f 3342/2573/1525 3343/2571/1525 4737/2571/1525 4736/2573/1525
f 2894/2577/1526 2895/2574/1526 4289/2574/1526 4288/2577/1526
f 3334/2589/1527 3335/2588/1527 4729/2588/1527 4728/2589/1527
f 3326/2600/1367 3327/2599/1367 4721/2599/1367 4720/2600/1367
f 3318/2614/1528 3319/2612/1528 4713/2612/1528 4712/2614/1528
f 3190/2611/1529 3191/2617/1529 4585/2617/1529 4584/2611/1529
f 3462/2615/1530 3463/2620/1530 4857/2620/1530 4856/2615/1530
f 3310/2630/1531 3311/2628/1531 4705/2628/1531 4704/2630/1531
f 3470/2644/1532 3471/2642/1532 4865/2642/1532 4864/2644/1532
f 2814/2646/1533 2815/2638/1533 4209/2638/1533 4208/2646/1533
f 3254/2652/1534 3255/2649/1534 4649/2649/1534 4648/2652/1534
f 3262/2664/1535 3263/2666/1535 4657/2666/1535 4656/2664/1535
f 3246/2669/1536 3247/2667/1536 4641/2667/1536 4640/2669/1536
f 3270/2682/1537 3271/2685/1537 4665/2685/1537 4664/2682/1537
f 3238/2688/1538 3239/2686/1538 4633/2686/1538 4632/2688/1538
f 3198/2691/1539 3199/2699/1539 4593/2699/1539 4592/2691/1539
f 3230/2705/1540 3231/2703/1540 4625/2703/1540 4624/2705/1540
f 3278/2709/1541 3279/2713/1541 4673/2713/1541 4672/2709/1541
f 2806/2717/1542 2807/2711/1542 4201/2711/1542 4200/2717/1542
f 3222/2728/1543 3223/2725/1543 4617/2725/1543 4616/2728/1543
f 3206/2729/1544 3207/2731/1544 4601/2731/1544 4600/2729/1544
f 3214/2743/1545 3215/2746/1545 4609/2746/1545 4608/2743/1545
f 3286/2751/1546 3287/2754/1546 4681/2754/1546 4680/2751/1546
f 2798/2757/1547 2799/2755/1547 4193/2755/1547 4192/2757/1547
f 2790/2770/1548 2791/2768/1548 4185/2768/1548 4184/2770/1548
f 3308/2772/1549 2790/2770/1549 4184/2770/1549 4702/2772/1549
f 3294/2771/1550 3295/2773/1550 4689/2773/1550 4688/2771/1550
f 3302/2779/1390 3303/2778/1390 4697/2778/1390 4696/2779/1390
f 3887/1399/1551 3888/1401/1551 5282/1401/1551 5281/1399/1551
f 3879/1412/1552 3880/1410/1552 5274/1410/1552 5273/1412/1552
f 3895/1415/1553 3896/1417/1553 5290/1417/1553 5289/1415/1553
f 4175/1430/1554 4176/1396/1554 5570/1396/1554 5569/1430/1554
f 3903/1428/1555 3904/1432/1555 5298/1432/1555 5297/1428/1555
f 3871/1434/1556 3872/1429/1556 5266/1429/1556 5265/1434/1556
f 3911/1442/1557 3912/1444/1557 5306/1444/1557 5305/1442/1557
f 4182/1450/1554 4175/1430/1554 5569/1430/1554 5576/1450/1554
f 3919/1455/1558 3920/1457/1558 5314/1457/1558 5313/1455/1558
f 3863/1459/1559 3864/1456/1559 5258/1456/1559 5257/1459/1559
f 4135/1465/1560 4136/1464/1560 5530/1464/1560 5529/1465/1560
f 4143/1472/1561 4144/1476/1561 5538/1476/1561 5537/1472/1561
f 4127/1481/1562 4128/1480/1562 5522/1480/1562 5521/1481/1562
f 3855/1495/1563 3856/1493/1563 5250/1493/1563 5249/1495/1563
f 3847/1510/1564 3848/1507/1564 5242/1507/1564 5241/1510/1564
f 4119/1512/1565 4120/1509/1565 5514/1509/1565 5513/1512/1565
f 3927/1511/1566 3928/1517/1566 5322/1517/1566 5321/1511/1566
f 3839/1528/1567 3840/1526/1567 5234/1526/1567 5233/1528/1567
f 4151/1523/1568 4152/1534/1568 5546/1534/1568 5545/1523/1568
f 3831/1542/1569 3832/1541/1569 5226/1541/1569 5225/1542/1569
f 4111/1544/1570 4112/1538/1570 5506/1538/1570 5505/1544/1570
f 3823/1561/1406 3824/1556/1406 5218/1556/1406 5217/1561/1406
f 3935/1564/1571 3936/1566/1571 5330/1566/1571 5329/1564/1571
f 4103/1572/1572 4104/1569/1572 5498/1569/1572 5497/1572/1572
f 3967/1580/1573 3968/1579/1573 5362/1579/1573 5361/1580/1573
f 3959/1595/1574 3960/1593/1574 5354/1593/1574 5353/1595/1574
f 3943/1591/1575 3944/1596/1575 5338/1596/1575 5337/1591/1575
f 3951/1610/1576 3952/1611/1576 5346/1611/1576 5345/1610/1576
f 4095/1618/1248 4096/1617/1248 5490/1617/1248 5489/1618/1248
f 4087/1627/1577 4088/1626/1577 5482/1626/1577 5481/1627/1577
f 4079/1637/1578 4080/1636/1578 5474/1636/1578 5473/1637/1578
f 4071/1646/1579 4072/1645/1579 5466/1645/1579 5465/1646/1579
f 4159/1625/1580 4160/1647/1580 5554/1647/1580 5553/1625/1580
f 4063/1656/1581 4064/1655/1581 5458/1655/1581 5457/1656/1581
f 3975/1642/1582 3976/1658/1582 5370/1658/1582 5369/1642/1582
f 4055/1665/1583 4056/1664/1583 5450/1664/1583 5449/1665/1583
f 4047/1675/1584 4048/1674/1584 5442/1674/1584 5441/1675/1584
f 4039/1683/1585 4040/1682/1585 5434/1682/1585 5433/1683/1585
f 4031/1695/1586 4032/1693/1586 5426/1693/1586 5425/1695/1586
f 3815/1700/1587 3816/1690/1587 5210/1690/1587 5209/1700/1587
f 4167/1705/1588 4168/1707/1588 5562/1707/1588 5561/1705/1588
f 3807/1719/1589 3808/1718/1589 5202/1718/1589 5201/1719/1589
f 3799/1729/1590 3800/1728/1590 5194/1728/1590 5193/1729/1590
f 3983/1732/1591 3984/1735/1591 5378/1735/1591 5377/1732/1591
f 3791/1740/1592 3792/1739/1592 5186/1739/1592 5185/1740/1592
f 3783/1752/1593 3784/1751/1593 5178/1751/1593 5177/1752/1593
f 3991/1756/1594 3992/1758/1594 5386/1758/1594 5385/1756/1594
f 3639/1765/1595 3640/1770/1595 5034/1770/1595 5033/1765/1595
f 3647/1780/1596 3648/1781/1596 5042/1781/1596 5041/1780/1596
f 3775/1786/1597 3776/1764/1597 5170/1764/1597 5169/1786/1597
f 3655/1790/1598 3656/1791/1598 5050/1791/1598 5049/1790/1598
f 3631/1800/1599 3632/1788/1599 5026/1788/1599 5025/1800/1599
f 3663/1799/1600 3664/1801/1600 5058/1801/1600 5057/1799/1600
f 3671/1808/1601 3672/1809/1601 5066/1809/1601 5065/1808/1601
f 3679/1818/1602 3680/1820/1602 5074/1820/1602 5073/1818/1602
f 3687/1831/1603 3688/1832/1603 5082/1832/1603 5081/1831/1603
f 3695/1843/1604 3696/1845/1604 5090/1845/1604 5089/1843/1604
f 3767/1849/1605 3768/1847/1605 5162/1847/1605 5161/1849/1605
f 3703/1859/1606 3704/1861/1606 5098/1861/1606 5097/1859/1606
f 3711/1872/1607 3712/1873/1607 5106/1873/1607 5105/1872/1607
f 3759/1876/1608 3760/1869/1608 5154/1869/1608 5153/1876/1608
f 3719/1881/1607 3720/1882/1607 5114/1882/1607 5113/1881/1607
f 3999/1855/1609 4000/1889/1609 5394/1889/1609 5393/1855/1609
f 3727/1891/1610 3728/1892/1610 5122/1892/1610 5121/1891/1610
f 3735/1901/1282 3736/1902/1282 5130/1902/1282 5129/1901/1282
f 3743/1912/1611 3744/1914/1611 5138/1914/1611 5137/1912/1611
f 3751/1915/1612 3752/1913/1612 5146/1913/1612 5145/1915/1612
f 3623/1924/1613 3624/1922/1613 5018/1922/1613 5017/1924/1613
f 2999/1933/1614 3000/1935/1614 4394/1935/1614 4393/1933/1614
f 2991/1943/1615 2992/1938/1615 4386/1938/1615 4385/1943/1615
f 3007/1945/1616 3008/1946/1616 4402/1946/1616 4401/1945/1616
f 4007/1959/1617 4008/1961/1617 5402/1961/1617 5401/1959/1617
f 3615/1965/1618 3616/1962/1618 5010/1962/1618 5009/1965/1618
f 4015/1977/1619 4016/1979/1619 5410/1979/1619 5409/1977/1619
f 4023/1992/1620 4024/1993/1620 5418/1993/1620 5417/1992/1620
f 3015/1995/1621 3016/1997/1621 4410/1997/1621 4409/1995/1621
f 2983/2000/1622 2984/1998/1622 4378/1998/1622 4377/2000/1622
f 3023/2012/1623 3024/2014/1623 4418/2014/1623 4417/2012/1623
f 2975/2015/1624 2976/2013/1624 4370/2013/1624 4369/2015/1624
f 2967/2028/1625 2968/2027/1625 4362/2027/1625 4361/2028/1625
f 3031/2031/1626 3032/2033/1626 4426/2033/1626 4425/2031/1626
f 3559/2043/1627 3560/2046/1627 4954/2046/1627 4953/2043/1627
f 3103/2059/1628 3104/2061/1628 4498/2061/1628 4497/2059/1628
f 3095/2062/1629 3096/2060/1629 4490/2060/1629 4489/2062/1629
f 3087/2076/1630 3088/2074/1630 4482/2074/1630 4481/2076/1630
f 3039/2069/1471 3040/2082/1471 4434/2082/1471 4433/2069/1471
f 3079/2088/1631 3080/2087/1631 4474/2087/1631 4473/2088/1631
f 3551/2093/1632 3552/2068/1632 4946/2068/1632 4945/2093/1632
f 3111/2091/1633 3112/2095/1633 4506/2095/1633 4505/2091/1633
f 2959/2096/1634 2960/2085/1634 4354/2085/1634 4353/2096/1634
f 3567/2114/1635 3568/2119/1635 4962/2119/1635 4961/2114/1635
f 3071/2121/1636 3072/2117/1636 4466/2117/1636 4465/2121/1636
f 3047/2125/1471 3048/2129/1471 4442/2129/1471 4441/2125/1471
f 3119/2128/1637 3120/2135/1637 4514/2135/1637 4513/2128/1637
f 3055/2153/1483 3056/2155/1483 4450/2155/1483 4449/2153/1483
f 3575/2150/1638 3576/2161/1638 4970/2161/1638 4969/2150/1638
f 3063/2164/1639 3064/2167/1639 4458/2167/1639 4457/2164/1639
f 3543/2171/1640 3544/2165/1640 4938/2165/1640 4937/2171/1640
f 2951/2182/1641 2952/2172/1641 4346/2172/1641 4345/2182/1641
f 3535/2185/1642 3536/2184/1642 4930/2184/1642 4929/2185/1642
f 3527/2193/1643 3528/2192/1643 4922/2192/1643 4921/2193/1643
f 3519/2202/1644 3520/2200/1644 4914/2200/1644 4913/2202/1644
f 3511/2213/1645 3512/2212/1645 4906/2212/1645 4905/2213/1645
f 3503/2224/1487 3504/2223/1487 4898/2223/1487 4897/2224/1487
f 3127/2215/1646 3128/2227/1646 4522/2227/1646 4521/2215/1646
f 3583/2225/1647 3584/2233/1647 4978/2233/1647 4977/2225/1647
f 3495/2235/1325 3496/2234/1325 4890/2234/1325 4889/2235/1325
f 3487/2246/1324 3488/2245/1324 4882/2245/1324 4881/2246/1324
f 3479/2258/1323 3480/2257/1323 4874/2257/1323 4873/2258/1323
f 3607/2265/1648 3608/2264/1648 5002/2264/1648 5001/2265/1648
f 3591/2266/1649 3592/2269/1649 4986/2269/1649 4985/2266/1649
f 3599/2281/1650 3600/2279/1650 4994/2279/1650 4993/2281/1650
f 2943/2289/1651 2944/2288/1651 4338/2288/1651 4337/2289/1651
f 3135/2290/1652 3136/2293/1652 4530/2293/1652 4529/2290/1652
f 2935/2301/1653 2936/2299/1653 4330/2299/1653 4329/2301/1653
f 2927/2310/1332 2928/2309/1332 4322/2309/1332 4321/2310/1332
f 2919/2319/1654 2920/2318/1654 4314/2318/1654 4313/2319/1654
f 3143/2323/1336 3144/2325/1336 4538/2325/1336 4537/2323/1336
f 3399/2332/1655 3400/2331/1655 4794/2331/1655 4793/2332/1655
f 3407/2348/1656 3408/2349/1656 4802/2349/1656 4801/2348/1656
f 3151/2351/1657 3152/2359/1657 4546/2359/1657 4545/2351/1657
f 3415/2358/1658 3416/2360/1658 4810/2360/1658 4809/2358/1658
f 3159/2371/1659 3160/2372/1659 4554/2372/1659 4553/2371/1659
f 3391/2373/1660 3392/2369/1660 4786/2369/1660 4785/2373/1660
f 3423/2388/1661 3424/2393/1661 4818/2393/1661 4817/2388/1661
f 3167/2389/1662 3168/2395/1662 4562/2395/1662 4561/2389/1662
f 3383/2397/1663 3384/2394/1663 4778/2394/1663 4777/2397/1663
f 2911/2406/1664 2912/2391/1664 4306/2391/1664 4305/2406/1664
f 3375/2409/1665 3376/2408/1665 4770/2408/1665 4769/2409/1665
f 3431/2417/1511 3432/2418/1511 4826/2418/1511 4825/2417/1511
f 3439/2427/1511 3440/2428/1511 4834/2428/1511 4833/2427/1511
f 3367/2435/1666 3368/2432/1666 4762/2432/1666 4761/2435/1666
f 3447/2440/1667 3448/2443/1667 4842/2443/1667 4841/2440/1667
f 2831/2461/1352 2832/2456/1352 4226/2456/1352 4225/2461/1352
f 2839/2460/1668 2840/2463/1668 4234/2463/1668 4233/2460/1668
f 2847/2481/1354 2848/2486/1354 4242/2486/1354 4241/2481/1354
f 3455/2465/1669 3456/2489/1669 4850/2489/1669 4849/2465/1669
f 3175/2482/1670 3176/2492/1670 4570/2492/1670 4569/2482/1670
f 3359/2496/1671 3360/2490/1671 4754/2490/1671 4753/2496/1671
f 2823/2498/1672 2824/2485/1672 4218/2485/1672 4217/2498/1672
f 2855/2500/1673 2856/2504/1673 4250/2504/1673 4249/2500/1673
f 2903/2509/1674 2904/2502/1674 4298/2502/1674 4297/2509/1674
f 2863/2516/1675 2864/2517/1675 4258/2517/1675 4257/2516/1675
f 2871/2533/1523 2872/2534/1523 4266/2534/1523 4265/2533/1523
f 3351/2544/1363 3352/2541/1363 4746/2541/1363 4745/2544/1363
f 2879/2548/1676 2880/2551/1676 4274/2551/1676 4273/2548/1676
f 3183/2547/1677 3184/2560/1677 4578/2560/1677 4577/2547/1677
f 2887/2564/1678 2888/2568/1678 4282/2568/1678 4281/2564/1678
f 3343/2571/1679 3344/2569/1679 4738/2569/1679 4737/2571/1679
f 2895/2574/1680 2896/2570/1680 4290/2570/1680 4289/2574/1680
f 3335/2588/1681 3336/2587/1681 4730/2587/1681 4729/2588/1681
f 3327/2599/1367 3328/2596/1367 4722/2596/1367 4721/2599/1367
f 3319/2612/1682 3320/2609/1682 4714/2609/1682 4713/2612/1682
f 3463/2620/1683 3464/2624/1683 4858/2624/1683 4857/2620/1683
f 3191/2617/1684 3192/2625/1684 4586/2625/1684 4585/2617/1684
f 3311/2628/1685 3312/2626/1685 4706/2626/1685 4705/2628/1685
f 2815/2638/1686 2816/2627/1686 4210/2627/1686 4209/2638/1686
f 3471/2642/1687 3472/2640/1687 4866/2640/1687 4865/2642/1687
f 3255/2649/1688 3256/2651/1688 4650/2651/1688 4649/2649/1688
f 3247/2667/1689 3248/2665/1689 4642/2665/1689 4641/2667/1689
f 3263/2666/1690 3264/2668/1690 4658/2668/1690 4657/2666/1690
f 3239/2686/1691 3240/2683/1691 4634/2683/1691 4633/2686/1691
f 3271/2685/1692 3272/2689/1692 4666/2689/1692 4665/2685/1692
f 3231/2703/1693 3232/2701/1693 4626/2701/1693 4625/2703/1693
f 3199/2699/1694 3200/2708/1694 4594/2708/1694 4593/2699/1694
f 2807/2711/1695 2808/2702/1695 4202/2702/1695 4201/2711/1695
f 3279/2713/1696 3280/2716/1696 4674/2716/1696 4673/2713/1696
f 3223/2725/1697 3224/2721/1697 4618/2721/1697 4617/2725/1697
f 3207/2731/1698 3208/2734/1698 4602/2734/1698 4601/2731/1698
f 3215/2746/1699 3216/2748/1699 4610/2748/1699 4609/2746/1699
f 2799/2755/1700 2800/2753/1700 4194/2753/1700 4193/2755/1700
f 3287/2754/1701 3288/2756/1701 4682/2756/1701 4681/2754/1701
f 2791/2768/1702 2792/2767/1702 4186/2767/1702 4185/2768/1702
f 3303/2778/1390 3304/2777/1390 4698/2777/1390 4697/2778/1390
f 3295/2773/1703 3296/2784/1703 4690/2784/1703 4689/2773/1703
f 4176/1396/1704 4177/1393/1704 5571/1393/1704 5570/1396/1704
f 3888/1401/1705 3889/1403/1705 5283/1403/1705 5282/1401/1705
f 3880/1410/1706 3881/1408/1706 5275/1408/1706 5274/1410/1706
f 3896/1417/1707 3897/1419/1707 5291/1419/1707 5290/1417/1707
f 3872/1429/1708 3873/1426/1708 5267/1426/1708 5266/1429/1708
f 3904/1432/1709 3905/1433/1709 5299/1433/1709 5298/1432/1709
f 3912/1444/1710 3913/1445/1710 5307/1445/1710 5306/1444/1710
f 3864/1456/1711 3865/1453/1711 5259/1453/1711 5258/1456/1711
f 3920/1457/1712 3921/1458/1712 5315/1458/1712 5314/1457/1712
f 4136/1464/1713 4137/1462/1713 5531/1462/1713 5530/1464/1713
f 4144/1476/1714 4145/1479/1714 5539/1479/1714 5538/1476/1714
f 4128/1480/1715 4129/1478/1715 5523/1478/1715 5522/1480/1715
f 3856/1493/1563 3857/1491/1563 5251/1491/1563 5250/1493/1563
f 3848/1507/1716 3849/1504/1716 5243/1504/1716 5242/1507/1716
f 4120/1509/1717 4121/1506/1717 5515/1506/1717 5514/1509/1717
f 3928/1517/1718 3929/1525/1718 5323/1525/1718 5322/1517/1718
f 3840/1526/1719 3841/1524/1719 5235/1524/1719 5234/1526/1719
f 4112/1538/1720 4113/1535/1720 5507/1535/1720 5506/1538/1720
f 3832/1541/1721 3833/1540/1721 5227/1540/1721 5226/1541/1721
f 4152/1534/1722 4153/1543/1722 5547/1543/1722 5546/1534/1722
f 3824/1556/1723 3825/1552/1723 5219/1552/1723 5218/1556/1723
f 3936/1566/1724 3937/1568/1724 5331/1568/1724 5330/1566/1724
f 4104/1569/1725 4105/1565/1725 5499/1565/1725 5498/1569/1725
f 3968/1579/1726 3969/1582/1726 5363/1582/1726 5362/1579/1726
f 3960/1593/1727 3961/1590/1727 5355/1590/1727 5354/1593/1727
f 3944/1596/1728 3945/1598/1728 5339/1598/1728 5338/1596/1728
f 3952/1611/1486 3953/1609/1486 5347/1609/1486 5346/1611/1486
f 4096/1617/1248 4097/1616/1248 5491/1616/1248 5490/1617/1248
f 4088/1626/1729 4089/1624/1729 5483/1624/1729 5482/1626/1729
f 4080/1636/1730 4081/1635/1730 5475/1635/1730 5474/1636/1730
f 4072/1645/1731 4073/1644/1731 5467/1644/1731 5466/1645/1731
f 4064/1655/1732 4065/1654/1732 5459/1654/1732 5458/1655/1732
f 4056/1664/1733 4057/1663/1733 5451/1663/1733 5450/1664/1733
f 4160/1647/1734 4161/1670/1734 5555/1670/1734 5554/1647/1734
f 4048/1674/1733 4049/1673/1733 5443/1673/1733 5442/1674/1733
f 4040/1682/1735 4041/1681/1735 5435/1681/1735 5434/1682/1735
f 3976/1658/1736 3977/1684/1736 5371/1684/1736 5370/1658/1736
f 3816/1690/1737 3817/1672/1737 5211/1672/1737 5210/1690/1737
f 4032/1693/1738 4033/1692/1738 5427/1692/1738 5426/1693/1738
f 4168/1707/1739 4169/1709/1739 5563/1709/1739 5562/1707/1739
f 3808/1718/1740 3809/1716/1740 5203/1716/1740 5202/1718/1740
f 3800/1728/1741 3801/1727/1741 5195/1727/1741 5194/1728/1741
f 3984/1735/1742 3985/1738/1742 5379/1738/1742 5378/1735/1742
f 3792/1739/1743 3793/1737/1743 5187/1737/1743 5186/1739/1743
f 3784/1751/1744 3785/1749/1744 5179/1749/1744 5178/1751/1744
f 3992/1758/1745 3993/1761/1745 5387/1761/1745 5386/1758/1745
f 3776/1764/1746 3777/1762/1746 5171/1762/1746 5170/1764/1746
f 3640/1770/1747 3641/1771/1747 5035/1771/1747 5034/1770/1747
f 3648/1781/1748 3649/1782/1748 5043/1782/1748 5042/1781/1748
f 3632/1788/1749 3633/1777/1749 5027/1777/1749 5026/1788/1749
f 3656/1791/1750 3657/1792/1750 5051/1792/1750 5050/1791/1750
f 3664/1801/1604 3665/1802/1604 5059/1802/1604 5058/1801/1604
f 3672/1809/1603 3673/1811/1603 5067/1811/1603 5066/1809/1603
f 3680/1820/1751 3681/1822/1751 5075/1822/1751 5074/1820/1751
f 3688/1832/1601 3689/1833/1601 5083/1833/1601 5082/1832/1601
f 3696/1845/1752 3697/1846/1752 5091/1846/1752 5090/1845/1752
f 3768/1847/1753 3769/1844/1753 5163/1844/1753 5162/1847/1753
f 3704/1861/1754 3705/1863/1754 5099/1863/1754 5098/1861/1754
f 3760/1869/1755 3761/1864/1755 5155/1864/1755 5154/1869/1755
f 3712/1873/1756 3713/1874/1756 5107/1874/1756 5106/1873/1756
f 3720/1882/1757 3721/1883/1757 5115/1883/1757 5114/1882/1757
f 3728/1892/1758 3729/1894/1758 5123/1894/1758 5122/1892/1758
f 3736/1902/1759 3737/1904/1759 5131/1904/1759 5130/1902/1759
f 3752/1913/1760 3753/1911/1760 5147/1911/1760 5146/1913/1760
f 3744/1914/1761 3745/1916/1761 5139/1916/1761 5138/1914/1761
f 3624/1922/1762 3625/1867/1762 5019/1867/1762 5018/1922/1762
f 4000/1889/1763 4001/1923/1763 5395/1923/1763 5394/1889/1763
f 3000/1935/1764 3001/1936/1764 4395/1936/1764 4394/1935/1764
f 2992/1938/1765 2993/1934/1765 4387/1934/1765 4386/1938/1765
f 3008/1946/1766 3009/1948/1766 4403/1948/1766 4402/1946/1766
f 3616/1962/1767 3617/1960/1767 5011/1960/1767 5010/1962/1767
f 4008/1961/1768 4009/1964/1768 5403/1964/1768 5402/1961/1768
f 4016/1979/1769 4017/1981/1769 5411/1981/1769 5410/1979/1769
f 4024/1993/1770 4025/1990/1770 5419/1990/1770 5418/1993/1770
f 2984/1998/1771 2985/1996/1771 4379/1996/1771 4378/1998/1771
f 3016/1997/1772 3017/1999/1772 4411/1999/1772 4410/1997/1772
f 2976/2013/1773 2977/2011/1773 4371/2011/1773 4370/2013/1773
f 3024/2014/1774 3025/2016/1774 4419/2016/1774 4418/2014/1774
f 2968/2027/1775 2969/2025/1775 4363/2025/1775 4362/2027/1775
f 3032/2033/1776 3033/2035/1776 4427/2035/1776 4426/2033/1776
f 3560/2046/1777 3561/2050/1777 4955/2050/1777 4954/2046/1777
f 3096/2060/1778 3097/2057/1778 4491/2057/1778 4490/2060/1778
f 3104/2061/1779 3105/2063/1779 4499/2063/1779 4498/2061/1779
f 3552/2068/1780 3553/2049/1780 4947/2049/1780 4946/2068/1780
f 3088/2074/1781 3089/2073/1781 4483/2073/1781 4482/2074/1781
f 2960/2085/1782 2961/2058/1782 4355/2058/1782 4354/2085/1782
f 3080/2087/1783 3081/2086/1783 4475/2086/1783 4474/2087/1783
f 3040/2082/1308 3041/2092/1308 4435/2092/1308 4434/2082/1308
f 3112/2095/1784 3113/2100/1784 4507/2100/1784 4506/2095/1784
f 3072/2117/1785 3073/2111/1785 4467/2111/1785 4466/2117/1785
f 3568/2119/1786 3569/2122/1786 4963/2122/1786 4962/2119/1786
f 3048/2129/1787 3049/2133/1787 4443/2133/1787 4442/2129/1787
f 3120/2135/1788 3121/2143/1788 4515/2143/1788 4514/2135/1788
f 3056/2155/1639 3057/2156/1639 4451/2156/1639 4450/2155/1639
f 3544/2165/1789 3545/2154/1789 4939/2154/1789 4938/2165/1789
f 3064/2167/1483 3065/2168/1483 4459/2168/1483 4458/2167/1483
f 3576/2161/1790 3577/2170/1790 4971/2170/1790 4970/2161/1790
f 2952/2172/1791 2953/2160/1791 4347/2160/1791 4346/2172/1791
f 3536/2184/1792 3537/2183/1792 4931/2183/1792 4930/2184/1792
f 3528/2192/1793 3529/2191/1793 4923/2191/1793 4922/2192/1793
f 3520/2200/1794 3521/2199/1794 4915/2199/1794 4914/2200/1794
f 3512/2212/1795 3513/2210/1795 4907/2210/1795 4906/2212/1795
f 3504/2223/1796 3505/2221/1796 4899/2221/1796 4898/2223/1796
f 3496/2234/1325 3497/2232/1325 4891/2232/1325 4890/2234/1325
f 3128/2227/1797 3129/2240/1797 4523/2240/1797 4522/2227/1797
f 3584/2233/1798 3585/2241/1798 4979/2241/1798 4978/2233/1798
f 3488/2245/1799 3489/2244/1799 4883/2244/1799 4882/2245/1799
f 3480/2257/1323 3481/2255/1323 4875/2255/1323 4874/2257/1323
f 3608/2264/1800 3609/2262/1800 5003/2262/1800 5002/2264/1800
f 3592/2269/1801 3593/2272/1801 4987/2272/1801 4986/2269/1801
f 3600/2279/1802 3601/2277/1802 4995/2277/1802 4994/2279/1802
f 2944/2288/1803 2945/2286/1803 4339/2286/1803 4338/2288/1803
f 3136/2293/1804 3137/2296/1804 4531/2296/1804 4530/2293/1804
f 2936/2299/1805 2937/2298/1805 4331/2298/1805 4330/2299/1805
f 2928/2309/1332 2929/2308/1332 4323/2308/1332 4322/2309/1332
f 2920/2318/1806 2921/2317/1806 4315/2317/1806 4314/2318/1806
f 3144/2325/1336 3145/2326/1336 4539/2326/1336 4538/2325/1336
f 3400/2331/1807 3401/2334/1807 4795/2334/1807 4794/2331/1807
f 3408/2349/1808 3409/2350/1808 4803/2350/1808 4802/2349/1808
f 3416/2360/1809 3417/2361/1809 4811/2361/1809 4810/2360/1809
f 3152/2359/1810 3153/2363/1810 4547/2363/1810 4546/2359/1810
f 3392/2369/1811 3393/2356/1811 4787/2356/1811 4786/2369/1811
f 3160/2372/1812 3161/2375/1812 4555/2375/1812 4554/2372/1812
f 2912/2391/1813 2913/2377/1813 4307/2377/1813 4306/2391/1813
f 3384/2394/1814 3385/2392/1814 4779/2392/1814 4778/2394/1814
f 3424/2393/1815 3425/2396/1815 4819/2396/1815 4818/2393/1815
f 3168/2395/1816 3169/2404/1816 4563/2404/1816 4562/2395/1816
f 3376/2408/1817 3377/2405/1817 4771/2405/1817 4770/2408/1817
f 3432/2418/1346 3433/2419/1346 4827/2419/1346 4826/2418/1346
f 3440/2428/1345 3441/2429/1345 4835/2429/1345 4834/2428/1345
f 3368/2432/1818 3369/2431/1818 4763/2431/1818 4762/2432/1818
f 3448/2443/1819 3449/2446/1819 4843/2446/1819 4842/2443/1819
f 2832/2456/1352 2833/2454/1352 4227/2454/1352 4226/2456/1352
f 2840/2463/1668 2841/2466/1668 4235/2466/1668 4234/2463/1668
f 2824/2485/1820 2825/2483/1820 4219/2483/1820 4218/2485/1820
f 2848/2486/1354 2849/2488/1354 4243/2488/1354 4242/2486/1354
f 3360/2490/1821 3361/2484/1821 4755/2484/1821 4754/2490/1821
f 3176/2492/1822 3177/2501/1822 4571/2501/1822 4570/2492/1822
f 2904/2502/1823 2905/2495/1823 4299/2495/1823 4298/2502/1823
f 3456/2489/1824 3457/2505/1824 4851/2505/1824 4850/2489/1824
f 2856/2504/1523 2857/2506/1523 4251/2506/1523 4250/2504/1523
f 2864/2517/1825 2865/2519/1825 4259/2519/1825 4258/2517/1825
f 2872/2534/1673 2873/2536/1673 4267/2536/1673 4266/2534/1673
f 3352/2541/1363 3353/2535/1363 4747/2535/1363 4746/2541/1363
f 2880/2551/1826 2881/2552/1826 4275/2552/1826 4274/2551/1826
f 3344/2569/1827 3345/2567/1827 4739/2567/1827 4738/2569/1827
f 2896/2570/1828 2897/2566/1828 4291/2566/1828 4290/2570/1828
f 2888/2568/1829 2889/2572/1829 4283/2572/1829 4282/2568/1829
f 3184/2560/1830 3185/2580/1830 4579/2580/1830 4578/2560/1830
f 3336/2587/1831 3337/2586/1831 4731/2586/1831 4730/2587/1831
f 3328/2596/1367 3329/2595/1367 4723/2595/1367 4722/2596/1367
f 3320/2609/1832 3321/2607/1832 4715/2607/1832 4714/2609/1832
f 3312/2626/1833 3313/2623/1833 4707/2623/1833 4706/2626/1833
f 2816/2627/1834 2817/2619/1834 4211/2619/1834 4210/2627/1834
f 3464/2624/1835 3465/2629/1835 4859/2629/1835 4858/2624/1835
f 3472/2640/1836 3473/2637/1836 4867/2637/1836 4866/2640/1836
f 3192/2625/1837 3193/2645/1837 4587/2645/1837 4586/2625/1837
f 3256/2651/1838 3257/2653/1838 4651/2653/1838 4650/2651/1838
f 3248/2665/1839 3249/2663/1839 4643/2663/1839 4642/2665/1839
f 3264/2668/1840 3265/2670/1840 4659/2670/1840 4658/2668/1840
f 3240/2683/1841 3241/2681/1841 4635/2681/1841 4634/2683/1841
f 3272/2689/1842 3273/2692/1842 4667/2692/1842 4666/2689/1842
f 3232/2701/1843 3233/2698/1843 4627/2698/1843 4626/2701/1843
f 2808/2702/1844 2809/2693/1844 4203/2693/1844 4202/2702/1844
f 3200/2708/1845 3201/2714/1845 4595/2714/1845 4594/2708/1845
f 3280/2716/1846 3281/2719/1846 4675/2719/1846 4674/2716/1846
f 3224/2721/1847 3225/2718/1847 4619/2718/1847 4618/2721/1847
f 3208/2734/1848 3209/2735/1848 4603/2735/1848 4602/2734/1848
f 3216/2748/1849 3217/2747/1849 4611/2747/1849 4610/2748/1849
f 2800/2753/1850 2801/2752/1850 4195/2752/1850 4194/2753/1850
f 3288/2756/1851 3289/2759/1851 4683/2759/1851 4682/2756/1851
f 2792/2767/1852 2793/2765/1852 4187/2765/1852 4186/2767/1852
f 3304/2777/1390 3305/2776/1390 4699/2776/1390 4698/2777/1390
f 3296/2784/1853 3297/2783/1853 4691/2783/1853 4690/2784/1853
f 4177/1393/1704 4178/1395/1704 5572/1395/1704 5571/1393/1704
f 3889/1403/1854 3890/1405/1854 5284/1405/1854 5283/1403/1854
f 3881/1408/1855 3882/1406/1855 5276/1406/1855 5275/1408/1855
f 3897/1419/1856 3898/1421/1856 5292/1421/1856 5291/1419/1856
f 3873/1426/1857 3874/1422/1857 5268/1422/1857 5267/1426/1857
f 3905/1433/1858 3906/1435/1858 5300/1435/1858 5299/1433/1858
f 3913/1445/1859 3914/1447/1859 5308/1447/1859 5307/1445/1859
f 3865/1453/1860 3866/1449/1860 5260/1449/1860 5259/1453/1860
f 4137/1462/1861 4138/1460/1861 5532/1460/1861 5531/1462/1861
f 3921/1458/1862 3922/1467/1862 5316/1467/1862 5315/1458/1862
f 4129/1478/1863 4130/1475/1863 5524/1475/1863 5523/1478/1863
f 4145/1479/1864 4146/1482/1864 5540/1482/1864 5539/1479/1864
f 3857/1491/1564 3858/1489/1564 5252/1489/1564 5251/1491/1564
f 3849/1504/1865 3850/1503/1865 5244/1503/1865 5243/1504/1865
f 4121/1506/1866 4122/1502/1866 5516/1502/1866 5515/1506/1866
f 3841/1524/1867 3842/1521/1867 5236/1521/1867 5235/1524/1867
f 3929/1525/1868 3930/1530/1868 5324/1530/1868 5323/1525/1868
f 4113/1535/1869 4114/1531/1869 5508/1531/1869 5507/1535/1869
f 3833/1540/1870 3834/1537/1870 5228/1537/1870 5227/1540/1870
f 3825/1552/1871 3826/1551/1871 5220/1551/1871 5219/1552/1871
f 4153/1543/1872 4154/1553/1872 5548/1553/1872 5547/1543/1872
f 4105/1565/1873 4106/1562/1873 5500/1562/1873 5499/1565/1873
f 3937/1568/1874 3938/1570/1874 5332/1570/1874 5331/1568/1874
f 3969/1582/1875 3970/1587/1875 5364/1587/1875 5363/1582/1875
f 3961/1590/1876 3962/1588/1876 5356/1588/1876 5355/1590/1876
f 3945/1598/1877 3946/1599/1877 5340/1599/1877 5339/1598/1877
f 3953/1609/1878 3954/1607/1878 5348/1607/1878 5347/1609/1878
f 4097/1616/1248 4098/1615/1248 5492/1615/1248 5491/1616/1248
f 4089/1624/1879 4090/1623/1879 5484/1623/1879 5483/1624/1879
f 4081/1635/1880 4082/1634/1880 5476/1634/1880 5475/1635/1880
f 4073/1644/1245 4074/1643/1245 5468/1643/1245 5467/1644/1245
f 4065/1654/1578 4066/1653/1578 5460/1653/1578 5459/1654/1578
f 4057/1663/1423 4058/1662/1423 5452/1662/1423 5451/1663/1423
f 3817/1672/1881 3818/1649/1881 5212/1649/1881 5211/1672/1881
f 4049/1673/1882 4050/1671/1882 5444/1671/1882 5443/1673/1882
f 4041/1681/1733 4042/1680/1733 5436/1680/1733 5435/1681/1733
f 4161/1670/1883 4162/1687/1883 5556/1687/1883 5555/1670/1883
f 4033/1692/1884 4034/1691/1884 5428/1691/1884 5427/1692/1884
f 3977/1684/1885 3978/1704/1885 5372/1704/1885 5371/1684/1885
f 4169/1709/1886 4170/1708/1886 5564/1708/1886 5563/1709/1886
f 3809/1716/1887 3810/1715/1887 5204/1715/1887 5203/1716/1887
f 3801/1727/1888 3802/1726/1888 5196/1726/1888 5195/1727/1888
f 3793/1737/1889 3794/1736/1889 5188/1736/1889 5187/1737/1889
f 3985/1738/1890 3986/1741/1890 5380/1741/1890 5379/1738/1890
f 3785/1749/1891 3786/1747/1891 5180/1747/1891 5179/1749/1891
f 3777/1762/1892 3778/1760/1892 5172/1760/1892 5171/1762/1892
f 3993/1761/1893 3994/1763/1893 5388/1763/1893 5387/1761/1893
f 3641/1771/1894 3642/1772/1894 5036/1772/1894 5035/1771/1894
f 3633/1777/1895 3634/1775/1895 5028/1775/1895 5027/1777/1895
f 3649/1782/1896 3650/1783/1896 5044/1783/1896 5043/1782/1896
f 3657/1792/1897 3658/1793/1897 5052/1793/1897 5051/1792/1897
f 3665/1802/1898 3666/1803/1898 5060/1803/1898 5059/1802/1898
f 3673/1811/1443 3674/1813/1443 5068/1813/1443 5067/1811/1443
f 3681/1822/1899 3682/1823/1899 5076/1823/1899 5075/1822/1899
f 3689/1833/1900 3690/1835/1900 5084/1835/1900 5083/1833/1900
f 3769/1844/1901 3770/1840/1901 5164/1840/1901 5163/1844/1901
f 3697/1846/1902 3698/1848/1902 5092/1848/1902 5091/1846/1902
f 3761/1864/1903 3762/1862/1903 5156/1862/1903 5155/1864/1903
f 3705/1863/1904 3706/1865/1904 5100/1865/1904 5099/1863/1904
f 3625/1867/1905 3626/1852/1905 5020/1852/1905 5019/1867/1905
f 3713/1874/1906 3714/1875/1906 5108/1875/1906 5107/1874/1906
f 3721/1883/1907 3722/1884/1907 5116/1884/1907 5115/1883/1907
f 3729/1894/1759 3730/1895/1759 5124/1895/1759 5123/1894/1759
f 3737/1904/1759 3738/1905/1759 5132/1905/1759 5131/1904/1759
f 3753/1911/1908 3754/1907/1908 5148/1907/1908 5147/1911/1908
f 3745/1916/1909 3746/1918/1909 5140/1918/1909 5139/1916/1909
f 4001/1923/1910 4002/1925/1910 5396/1925/1910 5395/1923/1910
f 2993/1934/1911 2994/1927/1911 4388/1927/1911 4387/1934/1911
f 3001/1936/1912 3002/1937/1912 4396/1937/1912 4395/1936/1912
f 3009/1948/1913 3010/1951/1913 4404/1951/1913 4403/1948/1913
f 3617/1960/1914 3618/1958/1914 5012/1958/1914 5011/1960/1914
f 4009/1964/1915 4010/1967/1915 5404/1967/1915 5403/1964/1915
f 4017/1981/1916 4018/1982/1916 5412/1982/1916 5411/1981/1916
f 4025/1990/1917 4026/1988/1917 5420/1988/1917 5419/1990/1917
f 2985/1996/1918 2986/1987/1918 4380/1987/1918 4379/1996/1918
f 3017/1999/1919 3018/2001/1919 4412/2001/1919 4411/1999/1919
f 2977/2011/1920 2978/2010/1920 4372/2010/1920 4371/2011/1920
f 3025/2016/1921 3026/2018/1921 4420/2018/1921 4419/2016/1921
f 2969/2025/1922 2970/2024/1922 4364/2024/1922 4363/2025/1922
f 3033/2035/1923 3034/2036/1923 4428/2036/1923 4427/2035/1923
f 3553/2049/1924 3554/2045/1924 4948/2045/1924 4947/2049/1924
f 3097/2057/1925 3098/2055/1925 4492/2055/1925 4491/2057/1925
f 2961/2058/1926 2962/2047/1926 4356/2047/1926 4355/2058/1926
f 3105/2063/1927 3106/2066/1927 4500/2066/1927 4499/2063/1927
f 3089/2073/1585 3090/2071/1585 4484/2071/1585 4483/2073/1585
f 3561/2050/1928 3562/2075/1928 4956/2075/1928 4955/2050/1928
f 3081/2086/1424 3082/2083/1424 4476/2083/1424 4475/2086/1424
f 3041/2092/1308 3042/2099/1308 4436/2099/1308 4435/2092/1308
f 3113/2100/1929 3114/2103/1929 4508/2103/1929 4507/2100/1929
f 3073/2111/1250 3074/2107/1250 4468/2107/1250 4467/2111/1250
f 3569/2122/1930 3570/2127/1930 4964/2127/1930 4963/2122/1930
f 3049/2133/1931 3050/2138/1931 4444/2138/1931 4443/2133/1931
f 3121/2143/1932 3122/2151/1932 4516/2151/1932 4515/2143/1932
f 3545/2154/1717 3546/2147/1717 4940/2147/1717 4939/2154/1717
f 3057/2156/1639 3058/2157/1639 4452/2157/1639 4451/2156/1639
f 2953/2160/1933 2954/2144/1933 4348/2144/1933 4347/2160/1933
f 3065/2168/1639 3066/2169/1639 4460/2169/1639 4459/2168/1639
f 3577/2170/1934 3578/2175/1934 4972/2175/1934 4971/2170/1934
f 3537/2183/1935 3538/2181/1935 4932/2181/1935 4931/2183/1935
f 3529/2191/1936 3530/2190/1936 4924/2190/1936 4923/2191/1936
f 3521/2199/1937 3522/2198/1937 4916/2198/1937 4915/2199/1937
f 3513/2210/1938 3514/2208/1938 4908/2208/1938 4907/2210/1938
f 3505/2221/1939 3506/2220/1939 4900/2220/1939 4899/2221/1939
f 3497/2232/1940 3498/2231/1940 4892/2231/1940 4891/2232/1940
f 3489/2244/1799 3490/2243/1799 4884/2243/1799 4883/2244/1799
f 3585/2241/1941 3586/2247/1941 4980/2247/1941 4979/2241/1941
f 3129/2240/1942 3130/2251/1942 4524/2251/1942 4523/2240/1942
f 3481/2255/1940 3482/2254/1940 4876/2254/1940 4875/2255/1940
f 3593/2272/1943 3594/2274/1943 4988/2274/1943 4987/2272/1943
f 3601/2277/1944 3602/2275/1944 4996/2275/1944 4995/2277/1944
f 2945/2286/1945 2946/2284/1945 4340/2284/1945 4339/2286/1945
f 2937/2298/1946 2938/2297/1946 4332/2297/1946 4331/2298/1946
f 3137/2296/1947 3138/2300/1947 4532/2300/1947 4531/2296/1947
f 2929/2308/1332 2930/2307/1332 4324/2307/1332 4323/2308/1332
f 2921/2317/1948 2922/2316/1948 4316/2316/1948 4315/2317/1948
f 3145/2326/1333 3146/2328/1333 4540/2328/1333 4539/2326/1333
f 3401/2334/1949 3402/2336/1949 4796/2336/1949 4795/2334/1949
f 3409/2350/1299 3410/2352/1299 4804/2352/1299 4803/2350/1299
f 3393/2356/1950 3394/2346/1950 4788/2346/1950 4787/2356/1950
f 3417/2361/1951 3418/2362/1951 4812/2362/1951 4811/2361/1951
f 3153/2363/1952 3154/2364/1952 4548/2364/1952 4547/2363/1952
f 3161/2375/1953 3162/2376/1953 4556/2376/1953 4555/2375/1953
f 2913/2377/1954 2914/2345/1954 4308/2345/1954 4307/2377/1954
f 3385/2392/1955 3386/2390/1955 4780/2390/1955 4779/2392/1955
f 3425/2396/1956 3426/2399/1956 4820/2399/1956 4819/2396/1956
f 3377/2405/1957 3378/2403/1957 4772/2403/1957 4771/2405/1957
f 3433/2419/1511 3434/2420/1511 4828/2420/1511 4827/2419/1511
f 3169/2404/1958 3170/2425/1958 4564/2425/1958 4563/2404/1958
f 3441/2429/1959 3442/2430/1959 4836/2430/1959 4835/2429/1959
f 3369/2431/1960 3370/2421/1960 4764/2421/1960 4763/2431/1960
f 3449/2446/1961 3450/2450/1961 4844/2450/1961 4843/2446/1961
f 2833/2454/1352 2834/2451/1352 4228/2451/1352 4227/2454/1352
f 2841/2466/1962 2842/2469/1962 4236/2469/1962 4235/2466/1962
f 2825/2483/1352 2826/2480/1352 4220/2480/1352 4219/2483/1352
f 3361/2484/1963 3362/2475/1963 4756/2475/1963 4755/2484/1963
f 2849/2488/1964 2850/2491/1964 4244/2491/1964 4243/2488/1964
f 2905/2495/1965 2906/2487/1965 4300/2487/1965 4299/2495/1965
f 2857/2506/1826 2858/2507/1826 4252/2507/1826 4251/2506/1826
f 3177/2501/1966 3178/2514/1966 4572/2514/1966 4571/2501/1966
f 2865/2519/1967 2866/2521/1967 4260/2521/1967 4259/2519/1967
f 3457/2505/1968 3458/2528/1968 4852/2528/1968 4851/2505/1968
f 3353/2535/1363 3354/2532/1363 4748/2532/1363 4747/2535/1363
f 2873/2536/1355 2874/2540/1355 4268/2540/1355 4267/2536/1355
f 2881/2552/1969 2882/2554/1969 4276/2554/1969 4275/2552/1969
f 2897/2566/1970 2898/2558/1970 4292/2558/1970 4291/2566/1970
f 3345/2567/1971 3346/2565/1971 4740/2565/1971 4739/2567/1971
f 2889/2572/1972 2890/2576/1972 4284/2576/1972 4283/2572/1972
f 3337/2586/1973 3338/2585/1973 4732/2585/1973 4731/2586/1973
f 3185/2580/1974 3186/2591/1974 4580/2591/1974 4579/2580/1974
f 3329/2595/1367 3330/2594/1367 4724/2594/1367 4723/2595/1367
f 3321/2607/1975 3322/2606/1975 4716/2606/1975 4715/2607/1975
f 2817/2619/1976 2818/2613/1976 4212/2613/1976 4211/2619/1976
f 3313/2623/1977 3314/2622/1977 4708/2622/1977 4707/2623/1977
f 3465/2629/1978 3466/2633/1978 4860/2633/1978 4859/2629/1978
f 3473/2637/1979 3474/2636/1979 4868/2636/1979 4867/2637/1979
f 3193/2645/1980 3194/2647/1980 4588/2647/1980 4587/2645/1980
f 3257/2653/1607 3258/2655/1607 4652/2655/1607 4651/2653/1607
f 3249/2663/1981 3250/2660/1981 4644/2660/1981 4643/2663/1981
f 3265/2670/1982 3266/2672/1982 4660/2672/1982 4659/2670/1982
f 3241/2681/1983 3242/2679/1983 4636/2679/1983 4635/2681/1983
f 2809/2693/1984 2810/2687/1984 4204/2687/1984 4203/2693/1984
f 3273/2692/1985 3274/2697/1985 4668/2697/1985 4667/2692/1985
f 3233/2698/1986 3234/2696/1986 4628/2696/1986 4627/2698/1986
f 3225/2718/1987 3226/2715/1987 4620/2715/1987 4619/2718/1987
f 3201/2714/1988 3202/2720/1988 4596/2720/1988 4595/2714/1988
f 3281/2719/1989 3282/2724/1989 4676/2724/1989 4675/2719/1989
f 3209/2735/1990 3210/2736/1990 4604/2736/1990 4603/2735/1990
f 3217/2747/1991 3218/2744/1991 4612/2744/1991 4611/2747/1991
f 2801/2752/1992 2802/2750/1992 4196/2750/1992 4195/2752/1992
f 3289/2759/1993 3290/2761/1993 4684/2761/1993 4683/2759/1993
f 2793/2765/1994 2794/2763/1994 4188/2763/1994 4187/2765/1994
f 3305/2776/1390 3306/2775/1390 4700/2775/1390 4699/2776/1390
f 3297/2783/1390 3299/2782/1390 4693/2782/1390 4691/2783/1390
f 4178/1395/1995 4179/1394/1995 5573/1394/1995 5572/1395/1995
f 3882/1406/1996 3883/1404/1996 5277/1404/1996 5276/1406/1996
f 3890/1405/1997 3891/1407/1997 5285/1407/1997 5284/1405/1997
f 3874/1422/1998 3875/1420/1998 5269/1420/1998 5268/1422/1998
f 3898/1421/1999 3899/1423/1999 5293/1423/1999 5292/1421/1999
f 3906/1435/2000 3907/1436/2000 5301/1436/2000 5300/1435/2000
f 3914/1447/2001 3915/1448/2001 5309/1448/2001 5308/1447/2001
f 3866/1449/2002 3867/1446/2002 5261/1446/2002 5260/1449/2002
f 4138/1460/2003 4139/1461/2003 5533/1461/2003 5532/1460/2003
f 4130/1475/2004 4131/1473/2004 5525/1473/2004 5524/1475/2004
f 3922/1467/2005 3923/1477/2005 5317/1477/2005 5316/1467/2005
f 3858/1489/2006 3859/1487/2006 5253/1487/2006 5252/1489/2006
f 4146/1482/2007 4147/1490/2007 5541/1490/2007 5540/1482/2007
f 4122/1502/2008 4123/1497/2008 5517/1497/2008 5516/1502/2008
f 3850/1503/1865 3851/1501/1865 5245/1501/1865 5244/1503/1865
f 3842/1521/2009 3843/1520/2009 5237/1520/2009 5236/1521/2009
f 4114/1531/2010 4115/1527/2010 5509/1527/2010 5508/1531/2010
f 3834/1537/2011 3835/1536/2011 5229/1536/2011 5228/1537/2011
f 3930/1530/2012 3931/1539/2012 5325/1539/2012 5324/1530/2012
f 3826/1551/2013 3827/1549/2013 5221/1549/2013 5220/1551/2013
f 4154/1553/2014 4155/1558/2014 5549/1558/2014 5548/1553/2014
f 4106/1562/2015 4107/1560/2015 5501/1560/2015 5500/1562/2015
f 3938/1570/2016 3939/1573/2016 5333/1573/2016 5332/1570/2016
f 3962/1588/2017 3963/1586/2017 5357/1586/2017 5356/1588/2017
f 3970/1587/2018 3971/1589/2018 5365/1589/2018 5364/1587/2018
f 3946/1599/2019 3947/1601/2019 5341/1601/2019 5340/1599/2019
f 3954/1607/2020 3955/1605/2020 5349/1605/2020 5348/1607/2020
f 4098/1615/1248 4099/1614/1248 5493/1614/1248 5492/1615/1248
f 4090/1623/2021 4091/1622/2021 5485/1622/2021 5484/1623/2021
f 4082/1634/2022 4083/1633/2022 5477/1633/2022 5476/1634/2022
f 4074/1643/2023 4075/1641/2023 5469/1641/2023 5468/1643/2023
f 3818/1649/2024 3819/1631/2024 5213/1631/2024 5212/1649/2024
f 4066/1653/2025 4067/1652/2025 5461/1652/2025 5460/1653/2025
f 4058/1662/1255 4059/1661/1255 5453/1661/1255 5452/1662/1255
f 4050/1671/1583 4051/1669/1583 5445/1669/1583 5444/1671/1583
f 4042/1680/2026 4043/1679/2026 5437/1679/2026 5436/1680/2026
f 4034/1691/2027 4035/1689/2027 5429/1689/2027 5428/1691/2027
f 4162/1687/2028 4163/1694/2028 5557/1694/2028 5556/1687/2028
f 4170/1708/2029 4171/1706/2029 5565/1706/2029 5564/1708/2029
f 3978/1704/2030 3979/1713/2030 5373/1713/2030 5372/1704/2030
f 3810/1715/2031 3811/1714/2031 5205/1714/2031 5204/1715/2031
f 3802/1726/2032 3803/1724/2032 5197/1724/2032 5196/1726/2032
f 3794/1736/2033 3795/1734/2033 5189/1734/2033 5188/1736/2033
f 3986/1741/2034 3987/1745/2034 5381/1745/2034 5380/1741/2034
f 3786/1747/2035 3787/1746/2035 5181/1746/2035 5180/1747/2035
f 3778/1760/2036 3779/1759/2036 5173/1759/2036 5172/1760/2036
f 3994/1763/2037 3995/1769/2037 5389/1769/2037 5388/1763/2037
f 3642/1772/2038 3643/1774/2038 5037/1774/2038 5036/1772/2038
f 3634/1775/2039 3635/1773/2039 5029/1773/2039 5028/1775/2039
f 3650/1783/2040 3651/1784/2040 5045/1784/2040 5044/1783/2040
f 3658/1793/2041 3659/1794/2041 5053/1794/2041 5052/1793/2041
f 3666/1803/2042 3667/1804/2042 5061/1804/2042 5060/1803/2042
f 3674/1813/1270 3675/1814/1270 5069/1814/1270 5068/1813/1270
f 3682/1823/1899 3683/1825/1899 5077/1825/1899 5076/1823/1899
f 3690/1835/2043 3691/1837/2043 5085/1837/2043 5084/1835/2043
f 3770/1840/2044 3771/1834/2044 5165/1834/2044 5164/1840/2044
f 3698/1848/2045 3699/1850/2045 5093/1850/2045 5092/1848/2045
f 3626/1852/2046 3627/1838/2046 5021/1838/2046 5020/1852/2046
f 3762/1862/2047 3763/1860/2047 5157/1860/2047 5156/1862/2047
f 3706/1865/2048 3707/1866/2048 5101/1866/2048 5100/1865/2048
f 3714/1875/2049 3715/1877/2049 5109/1877/2049 5108/1875/2049
f 3722/1884/2050 3723/1886/2050 5117/1886/2050 5116/1884/2050
f 3730/1895/2051 3731/1896/2051 5125/1896/2051 5124/1895/2051
f 3738/1905/1759 3739/1906/1759 5133/1906/1759 5132/1905/1759
f 3754/1907/2052 3755/1903/2052 5149/1903/2052 5148/1907/2052
f 3746/1918/2053 3747/1920/2053 5141/1920/2053 5140/1918/2053
f 4002/1925/2054 4003/1926/2054 5397/1926/2054 5396/1925/2054
f 2994/1927/2055 2995/1929/2055 4389/1929/2055 4388/1927/2055
f 3002/1937/2056 3003/1939/2056 4397/1939/2056 4396/1937/2056
f 3010/1951/2057 3011/1957/2057 4405/1957/2057 4404/1951/2057
f 3618/1958/2058 3619/1955/2058 5013/1955/2058 5012/1958/2058
f 4010/1967/2059 4011/1969/2059 5405/1969/2059 5404/1967/2059
f 3610/1978/2060 3611/1976/2060 5005/1976/2060 5004/1978/2060
f 4029/1980/2061 3610/1978/2061 5004/1978/2061 5423/1980/2061
f 4018/1982/2062 4019/1984/2062 5413/1984/2062 5412/1982/2062
f 2986/1987/2063 2987/1966/2063 4381/1966/2063 4380/1987/2063
f 4026/1988/2064 4027/1985/2064 5421/1985/2064 5420/1988/2064
f 3018/2001/2065 3019/2002/2065 4413/2002/2065 4412/2001/2065
f 2978/2010/2066 2979/2008/2066 4373/2008/2066 4372/2010/2066
f 3026/2018/2067 3027/2020/2067 4421/2020/2067 4420/2018/2067
f 2970/2024/2068 2971/2022/2068 4365/2022/2068 4364/2024/2068
f 3034/2036/2069 3035/2039/2069 4429/2039/2069 4428/2036/2069
f 3554/2045/2070 3555/2042/2070 4949/2042/2070 4948/2045/2070
f 2962/2047/2071 2963/2037/2071 4357/2037/2071 4356/2047/2071
f 3098/2055/2072 3099/2052/2072 4493/2052/2072 4492/2055/2072
f 3090/2071/2073 3091/2070/2073 4485/2070/2073 4484/2071/2073
f 3106/2066/2074 3107/2072/2074 4501/2072/2074 4500/2066/2074
f 3082/2083/2075 3083/2081/2075 4477/2081/2075 4476/2083/2075
f 3562/2075/2076 3563/2097/2076 4957/2097/2076 4956/2075/2076
f 3042/2099/2077 3043/2106/2077 4437/2106/2077 4436/2099/2077
f 3074/2107/2078 3075/2102/2078 4469/2102/2078 4468/2107/2078
f 3114/2103/2079 3115/2108/2079 4509/2108/2079 4508/2103/2079
f 3570/2127/2080 3571/2131/2080 4965/2131/2080 4964/2127/2080
f 3050/2138/1923 3051/2142/1923 4445/2142/1923 4444/2138/1923
f 2954/2144/2081 2955/2134/2081 4349/2134/2081 4348/2144/2081
f 3546/2147/2082 3547/2141/2082 4941/2141/2082 4940/2147/2082
f 3058/2157/1639 3059/2158/1639 4453/2158/1639 4452/2157/1639
f 3122/2151/2083 3123/2166/2083 4517/2166/2083 4516/2151/2083
f 3066/2169/2084 3067/2148/2084 4461/2148/2084 4460/2169/2084
f 3578/2175/2085 3579/2180/2085 4973/2180/2085 4972/2175/2085
f 3538/2181/2086 3539/2179/2086 4933/2179/2086 4932/2181/2086
f 3530/2190/2087 3531/2189/2087 4925/2189/2087 4924/2190/2087
f 3522/2198/1636 3523/2197/1636 4917/2197/1636 4916/2198/1636
f 3514/2208/2088 3515/2207/2088 4909/2207/2088 4908/2208/2088
f 3506/2220/2089 3507/2219/2089 4901/2219/2089 4900/2220/2089
f 3498/2231/1940 3499/2230/1940 4893/2230/1940 4892/2231/1940
f 3490/2243/1799 3491/2242/1799 4885/2242/1799 4884/2243/1799
f 3586/2247/2090 3587/2253/2090 4981/2253/2090 4980/2247/2090
f 3482/2254/1940 3483/2252/1940 4877/2252/1940 4876/2254/1940
f 3130/2251/2091 3131/2268/2091 4525/2268/2091 4524/2251/2091
f 3602/2275/2092 3603/2273/2092 4997/2273/2092 4996/2275/2092
f 3594/2274/2093 3595/2276/2093 4989/2276/2093 4988/2274/2093
f 2946/2284/2094 2947/2261/2094 4341/2261/2094 4340/2284/2094
f 2938/2297/2095 2939/2295/2095 4333/2295/2095 4332/2297/2095
f 3138/2300/2096 3139/2303/2096 4533/2303/2096 4532/2300/2096
f 2930/2307/1332 2931/2306/1332 4325/2306/1332 4324/2307/1332
f 2922/2316/1332 2923/2315/1332 4317/2315/1332 4316/2316/1332
f 3146/2328/1333 3147/2329/1333 4541/2329/1333 4540/2328/1333
f 3402/2336/2097 3403/2338/2097 4797/2338/2097 4796/2336/2097
f 2914/2345/2098 2915/2330/2098 4309/2330/2098 4308/2345/2098
f 3394/2346/2099 3395/2342/2099 4789/2342/2099 4788/2346/2099
f 3410/2352/2100 3411/2353/2100 4805/2353/2100 4804/2352/2100
f 3154/2364/2101 3155/2365/2101 4549/2365/2101 4548/2364/2101
f 3418/2362/2102 3419/2366/2102 4813/2366/2102 4812/2362/2102
f 3162/2376/2103 3163/2378/2103 4557/2378/2103 4556/2376/2103
f 3386/2390/2104 3387/2387/2104 4781/2387/2104 4780/2390/2104
f 3378/2403/2105 3379/2402/2105 4773/2402/2105 4772/2403/2105
f 3426/2399/2106 3427/2407/2106 4821/2407/2106 4820/2399/2106
f 3370/2421/2107 3371/2415/2107 4765/2415/2107 4764/2421/2107
f 3434/2420/1511 3435/2422/1511 4829/2422/1511 4828/2420/1511
f 3442/2430/2108 3443/2434/2108 4837/2434/2108 4836/2430/2108
f 3170/2425/2109 3171/2437/2109 4565/2437/2109 4564/2425/2109
f 2834/2451/1352 2835/2447/1352 4229/2447/1352 4228/2451/1352
f 3450/2450/2110 3451/2453/2110 4845/2453/2110 4844/2450/2110
f 2842/2469/1962 2843/2470/1962 4237/2470/1962 4236/2469/1962
f 3362/2475/2111 3363/2468/2111 4757/2468/2111 4756/2475/2111
f 2826/2480/1352 2827/2478/1352 4221/2478/1352 4220/2480/1352
f 2906/2487/2112 2907/2477/2112 4301/2477/2112 4300/2487/2112
f 2850/2491/1354 2851/2493/1354 4245/2493/1354 4244/2491/1354
f 2858/2507/2113 2859/2508/2113 4253/2508/2113 4252/2507/2113
f 3178/2514/2114 3179/2518/2114 4573/2518/2114 4572/2514/2114
f 2866/2521/2115 2867/2522/2115 4261/2522/2115 4260/2521/2115
f 3354/2532/1363 3355/2527/1363 4749/2527/1363 4748/2532/1363
f 2874/2540/1355 2875/2542/1355 4269/2542/1355 4268/2540/1355
f 2882/2554/1521 2883/2555/1521 4277/2555/1521 4276/2554/1521
f 2898/2558/2116 2899/2549/2116 4293/2549/2116 4292/2558/2116
f 3458/2528/2117 3459/2563/2117 4853/2563/2117 4852/2528/2117
f 3346/2565/2118 3347/2561/2118 4741/2561/2118 4740/2565/2118
f 2890/2576/2119 2891/2579/2119 4285/2579/2119 4284/2576/2119
f 3338/2585/2120 3339/2584/2120 4733/2584/2120 4732/2585/2120
f 3330/2594/1367 3331/2593/1367 4725/2593/1367 4724/2594/1367
f 3186/2591/2121 3187/2598/2121 4581/2598/2121 4580/2591/2121
f 3322/2606/1975 3323/2605/1975 4717/2605/1975 4716/2606/1975
f 2818/2613/2122 2819/2602/2122 4213/2602/2122 4212/2613/2122
f 3314/2622/2123 3315/2621/2123 4709/2621/2123 4708/2622/2123
f 3474/2636/1324 3475/2635/1324 4869/2635/1324 4868/2636/1324
f 3466/2633/2124 3467/2639/2124 4861/2639/2124 4860/2633/2124
f 3258/2655/1951 3259/2657/1951 4653/2657/1951 4652/2655/1951
f 3250/2660/2125 3251/2658/2125 4645/2658/2125 4644/2660/2125
f 3194/2647/2126 3195/2661/2126 4589/2661/2126 4588/2647/2126
f 3266/2672/2127 3267/2674/2127 4661/2674/2127 4660/2672/2127
f 3242/2679/2128 3243/2675/2128 4637/2675/2128 4636/2679/2128
f 2810/2687/2129 2811/2677/2129 4205/2677/2129 4204/2687/2129
f 3234/2696/2130 3235/2695/2130 4629/2695/2130 4628/2696/2130
f 3274/2697/2131 3275/2700/2131 4669/2700/2131 4668/2697/2131
f 3226/2715/2132 3227/2712/2132 4621/2712/2132 4620/2715/2132
f 3202/2720/2133 3203/2722/2133 4597/2722/2133 4596/2720/2133
f 3282/2724/2134 3283/2730/2134 4677/2730/2134 4676/2724/2134
f 3210/2736/2135 3211/2738/2135 4605/2738/2135 4604/2736/2135
f 3218/2744/2136 3219/2741/2136 4613/2741/2136 4612/2744/2136
f 2802/2750/2137 2803/2745/2137 4197/2745/2137 4196/2750/2137
f 2794/2763/2138 2795/2762/2138 4189/2762/2138 4188/2763/2138
f 3290/2761/2139 3291/2764/2139 4685/2764/2139 4684/2761/2139
f 3306/2775/1390 3307/2774/1390 4701/2774/1390 4700/2775/1390
f 4179/1394/1995 4180/1397/1995 5574/1397/1995 5573/1394/1995
f 3883/1404/2140 3884/1402/2140 5278/1402/2140 5277/1404/2140
f 3891/1407/2141 3892/1409/2141 5286/1409/2141 5285/1407/2141
f 3875/1420/2142 3876/1418/2142 5270/1418/2142 5269/1420/2142
f 3899/1423/2143 3900/1424/2143 5294/1424/2143 5293/1423/2143
f 3907/1436/2144 3908/1438/2144 5302/1438/2144 5301/1436/2144
f 3867/1446/2145 3868/1443/2145 5262/1443/2145 5261/1446/2145
f 3915/1448/2146 3916/1451/2146 5310/1451/2146 5309/1448/2146
f 4139/1461/1447 4140/1463/1447 5534/1463/1447 5533/1461/1447
f 4131/1473/2147 4132/1471/2147 5526/1471/2147 5525/1473/2147
f 3923/1477/2148 3924/1483/2148 5318/1483/2148 5317/1477/2148
f 3859/1487/2149 3860/1486/2149 5254/1486/2149 5253/1487/2149
f 4123/1497/2150 4124/1492/2150 5518/1492/2150 5517/1497/2150
f 4147/1490/2151 4148/1499/2151 5542/1499/2151 5541/1490/2151
f 3851/1501/2152 3852/1500/2152 5246/1500/2152 5245/1501/2152
f 3843/1520/2153 3844/1518/2153 5238/1518/2153 5237/1520/2153
f 4115/1527/2154 4116/1522/2154 5510/1522/2154 5509/1527/2154
f 3835/1536/2155 3836/1533/2155 5230/1533/2155 5229/1536/2155
f 3931/1539/2156 3932/1548/2156 5326/1548/2156 5325/1539/2156
f 3827/1549/2157 3828/1547/2157 5222/1547/2157 5221/1549/2157
f 4107/1560/2158 4108/1557/2158 5502/1557/2158 5501/1560/2158
f 4155/1558/2159 4156/1563/2159 5550/1563/2159 5549/1558/2159
f 3939/1573/2160 3940/1575/2160 5334/1575/2160 5333/1573/2160
f 3963/1586/2161 3964/1583/2161 5358/1583/2161 5357/1586/2161
f 3971/1589/2162 3972/1594/2162 5366/1594/2162 5365/1589/2162
f 3947/1601/2163 3948/1604/2163 5342/1604/2163 5341/1601/2163
f 3955/1605/2164 3956/1602/2164 5350/1602/2164 5349/1605/2164
f 4099/1614/2165 4100/1613/2165 5494/1613/2165 5493/1614/2165
f 4091/1622/2165 4092/1621/2165 5486/1621/2165 5485/1622/2165
f 3819/1631/2166 3820/1592/2166 5214/1592/2166 5213/1631/2166
f 4083/1633/2167 4084/1632/2167 5478/1632/2167 5477/1633/2167
f 4075/1641/2168 4076/1640/2168 5470/1640/2168 5469/1641/2168
f 4067/1652/2169 4068/1651/2169 5462/1651/2169 5461/1652/2169
f 4059/1661/2170 4060/1660/2170 5454/1660/2170 5453/1661/2170
f 4051/1669/2171 4052/1668/2171 5446/1668/2171 5445/1669/2171
f 4043/1679/2172 4044/1678/2172 5438/1678/2172 5437/1679/2172
f 4035/1689/2173 4036/1688/2173 5430/1688/2173 5429/1689/2173
f 4163/1694/1784 4164/1697/1784 5558/1697/1784 5557/1694/1784
f 4171/1706/2174 4172/1703/2174 5566/1703/2174 5565/1706/2174
f 3811/1714/2175 3812/1712/2175 5206/1712/2175 5205/1714/2175
f 3979/1713/2176 3980/1717/2176 5374/1717/2176 5373/1713/2176
f 3803/1724/2177 3804/1723/2177 5198/1723/2177 5197/1724/2177
f 3795/1734/2178 3796/1733/2178 5190/1733/2178 5189/1734/2178
f 3787/1746/2179 3788/1744/2179 5182/1744/2179 5181/1746/2179
f 3987/1745/2180 3988/1748/2180 5382/1748/2180 5381/1745/2180
f 3779/1759/2181 3780/1757/2181 5174/1757/2181 5173/1759/2181
f 3635/1773/2182 3636/1768/2182 5030/1768/2182 5029/1773/2182
f 3643/1774/2183 3644/1776/2183 5038/1776/2183 5037/1774/2183
f 3651/1784/2184 3652/1785/2184 5046/1785/2184 5045/1784/2184
f 3659/1794/2185 3660/1795/2185 5054/1795/2185 5053/1794/2185
f 3995/1769/2186 3996/1796/2186 5390/1796/2186 5389/1769/2186
f 3667/1804/2187 3668/1805/2187 5062/1805/2187 5061/1804/2187
f 3675/1814/2188 3676/1815/2188 5070/1815/2188 5069/1814/2188
f 3683/1825/1442 3684/1826/1442 5078/1826/1442 5077/1825/1442
f 3771/1834/2189 3772/1830/2189 5166/1830/2189 5165/1834/2189
f 3627/1838/2190 3628/1828/2190 5022/1828/2190 5021/1838/2190
f 3691/1837/2191 3692/1839/2191 5086/1839/2191 5085/1837/2191
f 3699/1850/2192 3700/1853/2192 5094/1853/2192 5093/1850/2192
f 3763/1860/2193 3764/1857/2193 5158/1857/2193 5157/1860/2193
f 3707/1866/2194 3708/1868/2194 5102/1868/2194 5101/1866/2194
f 3715/1877/2195 3716/1878/2195 5110/1878/2195 5109/1877/2195
f 3723/1886/2196 3724/1887/2196 5118/1887/2196 5117/1886/2196
f 3731/1896/2197 3732/1897/2197 5126/1897/2197 5125/1896/2197
f 3755/1903/2198 3756/1899/2198 5150/1899/2198 5149/1903/2198
f 3739/1906/2199 3740/1908/2199 5134/1908/2199 5133/1906/2199
f 3747/1920/2200 3748/1921/2200 5142/1921/2200 5141/1920/2200
f 2995/1929/2201 2996/1928/2201 4390/1928/2201 4389/1929/2201
f 3003/1939/2202 3004/1940/2202 4398/1940/2202 4397/1939/2202
f 4003/1926/2203 4004/1942/2203 5398/1942/2203 5397/1926/2203
f 3619/1955/2204 3620/1953/2204 5014/1953/2204 5013/1955/2204
f 3011/1957/2205 3012/1963/2205 4406/1963/2205 4405/1957/2205
f 2987/1966/2206 2988/1956/2206 4382/1956/2206 4381/1966/2206
f 4011/1969/2207 4012/1971/2207 5406/1971/2207 5405/1969/2207
f 3611/1976/2208 3612/1973/2208 5006/1973/2208 5005/1976/2208
f 4027/1985/2209 4028/1983/2209 5422/1983/2209 5421/1985/2209
f 4019/1984/2210 4020/1986/2210 5414/1986/2210 5413/1984/2210
f 3019/2002/2211 3020/2006/2211 4414/2006/2211 4413/2002/2211
f 2979/2008/2212 2980/2005/2212 4374/2005/2212 4373/2008/2212
f 2971/2022/2213 2972/2021/2213 4366/2021/2213 4365/2022/2213
f 3027/2020/2214 3028/2023/2214 4422/2023/2214 4421/2020/2214
f 2963/2037/2215 2964/2034/2215 4358/2034/2215 4357/2037/2215
f 3555/2042/2216 3556/2041/2216 4950/2041/2216 4949/2042/2216
f 3035/2039/1931 3036/2044/1931 4430/2044/1931 4429/2039/1931
f 3099/2052/2217 3100/2054/2217 4494/2054/2217 4493/2052/2217
f 3091/2070/2218 3092/2067/2218 4486/2067/2218 4485/2070/2218
f 3107/2072/2219 3108/2078/2219 4502/2078/2219 4501/2072/2219
f 3083/2081/2220 3084/2080/2220 4478/2080/2220 4477/2081/2220
f 3563/2097/2221 3564/2101/2221 4958/2101/2221 4957/2097/2221
f 3075/2102/2022 3076/2098/2022 4470/2098/2022 4469/2102/2022
f 3043/2106/2077 3044/2110/2077 4438/2110/2077 4437/2106/2077
f 3115/2108/2222 3116/2113/2222 4510/2113/2222 4509/2108/2222
f 2955/2134/2223 2956/2124/2223 4350/2124/2223 4349/2134/2223
f 3571/2131/2224 3572/2137/2224 4966/2137/2224 4965/2131/2224
f 3547/2141/2225 3548/2136/2225 4942/2136/2225 4941/2141/2225
f 3051/2142/1776 3052/2145/1776 4446/2145/1776 4445/2142/1776
f 3067/2148/2226 3068/2139/2226 4462/2139/2226 4461/2148/2226
f 3059/2158/1483 3060/2159/1483 4454/2159/1483 4453/2158/1483
f 3123/2166/2227 3124/2173/2227 4518/2173/2227 4517/2166/2227
f 3539/2179/2228 3540/2177/2228 4934/2177/2228 4933/2179/2228
f 3531/2189/2229 3532/2188/2229 4926/2188/2229 4925/2189/2229
f 3523/2197/2230 3524/2196/2230 4918/2196/2230 4917/2197/2230
f 3579/2180/2231 3580/2201/2231 4974/2201/2231 4973/2180/2231
f 3515/2207/2232 3516/2206/2232 4910/2206/2232 4909/2207/2232
f 3507/2219/2233 3508/2217/2233 4902/2217/2233 4901/2219/2233
f 3499/2230/1940 3500/2229/1940 4894/2229/1940 4893/2230/1940
f 3491/2242/1799 3492/2239/1799 4886/2239/1799 4885/2242/1799
f 3483/2252/1940 3484/2250/1940 4878/2250/1940 4877/2252/1940
f 3587/2253/2234 3588/2256/2234 4982/2256/2234 4981/2253/2234
f 2947/2261/2235 2948/2238/2235 4342/2238/2235 4341/2261/2235
f 3603/2273/2236 3604/2271/2236 4998/2271/2236 4997/2273/2236
f 3595/2276/2237 3596/2278/2237 4990/2278/2237 4989/2276/2237
f 3131/2268/2238 3132/2283/2238 4526/2283/2238 4525/2268/2238
f 2939/2295/2239 2940/2294/2239 4334/2294/2239 4333/2295/2239
f 2931/2306/1332 2932/2305/1332 4326/2305/1332 4325/2306/1332
f 3139/2303/2240 3140/2312/2240 4534/2312/2240 4533/2303/2240
f 2923/2315/1332 2924/2314/1332 4318/2314/1332 4317/2315/1332
f 2915/2330/2241 2916/2327/2241 4310/2327/2241 4309/2330/2241
f 3147/2329/1336 3148/2333/1336 4542/2333/1336 4541/2329/1336
f 3403/2338/1449 3404/2340/1449 4798/2340/1449 4797/2338/1449
f 3395/2342/2242 3396/2339/2242 4790/2339/2242 4789/2342/2242
f 3411/2353/2243 3412/2354/2243 4806/2354/2243 4805/2353/2243
f 3155/2365/2244 3156/2367/2244 4550/2367/2244 4549/2365/2244
f 3419/2366/2245 3420/2374/2245 4814/2374/2245 4813/2366/2245
f 3163/2378/2246 3164/2380/2246 4558/2380/2246 4557/2378/2246
f 3387/2387/2247 3388/2385/2247 4782/2385/2247 4781/2387/2247
f 3379/2402/2248 3380/2401/2248 4774/2401/2248 4773/2402/2248
f 3427/2407/2249 3428/2411/2249 4822/2411/2249 4821/2407/2249
f 3371/2415/2250 3372/2413/2250 4766/2413/2250 4765/2415/2250
f 3435/2422/1511 3436/2423/1511 4830/2423/1511 4829/2422/1511
f 3443/2434/2251 3444/2436/2251 4838/2436/2251 4837/2434/2251
f 2835/2447/1352 2836/2445/1352 4230/2445/1352 4229/2447/1352
f 3171/2437/2252 3172/2448/2252 4566/2448/2252 4565/2437/2252
f 3451/2453/2253 3452/2455/2253 4846/2455/2253 4845/2453/2253
f 3363/2468/2254 3364/2458/2254 4758/2458/2254 4757/2468/2254
f 2843/2470/1962 2844/2473/1962 4238/2473/1962 4237/2470/1962
f 2907/2477/2255 2908/2464/2255 4302/2464/2255 4301/2477/2255
f 2827/2478/1352 2828/2474/1352 4222/2474/1352 4221/2478/1352
f 2851/2493/1668 2852/2494/1668 4246/2494/1668 4245/2493/1668
f 2859/2508/2256 2860/2510/2256 4254/2510/2256 4253/2508/2256
f 3179/2518/2257 3180/2524/2257 4574/2524/2257 4573/2518/2257
f 2867/2522/2258 2868/2525/2258 4262/2525/2258 4261/2522/2258
f 3355/2527/1363 3356/2523/1363 4750/2523/1363 4749/2527/1363
f 2875/2542/1516 2876/2543/1516 4270/2543/1516 4269/2542/1516
f 2899/2549/2259 2900/2539/2259 4294/2539/2259 4293/2549/2259
f 2883/2555/2113 2884/2557/2113 4278/2557/2113 4277/2555/2113
f 3347/2561/2118 3348/2556/2118 4742/2556/2118 4741/2561/2118
f 2891/2579/2260 2892/2583/2260 4286/2583/2260 4285/2579/2260
f 3339/2584/2261 3340/2578/2261 4734/2578/2261 4733/2584/2261
f 3331/2593/1367 3332/2592/1367 4726/2592/1367 4725/2593/1367
f 3459/2563/2262 3460/2597/2262 4854/2597/2262 4853/2563/2262
f 2819/2602/2263 2820/2581/2263 4214/2581/2263 4213/2602/2263
f 3187/2598/2264 3188/2604/2264 4582/2604/2264 4581/2598/2264
f 3323/2605/1975 3324/2603/1975 4718/2603/1975 4717/2605/1975
f 3315/2621/2265 3316/2618/2265 4710/2618/2265 4709/2621/2265
f 3475/2635/2266 3476/2634/2266 4870/2634/2266 4869/2635/2266
f 3467/2639/2267 3468/2641/2267 4862/2641/2267 4861/2639/2267
f 3251/2658/2268 3252/2656/2268 4646/2656/2268 4645/2658/2268
f 3259/2657/2269 3260/2659/2269 4654/2659/2269 4653/2657/2269
f 3243/2675/2270 3244/2673/2270 4638/2673/2270 4637/2675/2270
f 3195/2661/2271 3196/2676/2271 4590/2676/2271 4589/2661/2271
f 2811/2677/2272 2812/2650/2272 4206/2650/2272 4205/2677/2272
f 3267/2674/2273 3268/2678/2273 4662/2678/2273 4661/2674/2273
f 3235/2695/2274 3236/2694/2274 4630/2694/2274 4629/2695/2274
f 3275/2700/2275 3276/2704/2275 4670/2704/2275 4669/2700/2275
f 3227/2712/2276 3228/2710/2276 4622/2710/2276 4621/2712/2276
f 3203/2722/2277 3204/2726/2277 4598/2726/2277 4597/2722/2277
f 3211/2738/2278 3212/2739/2278 4606/2739/2278 4605/2738/2278
f 3283/2730/2279 3284/2740/2279 4678/2740/2279 4677/2730/2279
f 3219/2741/2280 3220/2737/2280 4614/2737/2280 4613/2741/2280
f 2803/2745/2281 2804/2732/2281 4198/2732/2281 4197/2745/2281
f 2795/2762/2282 2796/2760/2282 4190/2760/2282 4189/2762/2282
f 3291/2764/2283 3292/2766/2283 4686/2766/2283 4685/2764/2283
f 3307/2774/1390 3308/2772/1390 4702/2772/1390 4701/2774/1390
f 3299/2782/1390 3300/2781/1390 4694/2781/1390 4693/2782/1390
f 3884/1402/2284 3885/1398/2284 5279/1398/2284 5278/1402/2284
f 3892/1409/2285 3893/1411/2285 5287/1411/2285 5286/1409/2285
f 3876/1418/2286 3877/1416/2286 5271/1416/2286 5270/1418/2286
f 3900/1424/2287 3901/1425/2287 5295/1425/2287 5294/1424/2287
f 4180/1397/1226 4181/1431/1226 5575/1431/1226 5574/1397/1226
f 3908/1438/2288 3909/1439/2288 5303/1439/2288 5302/1438/2288
f 3868/1443/2289 3869/1440/2289 5263/1440/2289 5262/1443/2289
f 3916/1451/2290 3917/1452/2290 5311/1452/2290 5310/1451/2290
f 4140/1463/2291 4141/1466/2291 5535/1466/2291 5534/1463/2291
f 4132/1471/2292 4133/1470/2292 5527/1470/2292 5526/1471/2292
f 3860/1486/1230 3861/1484/1230 5255/1484/1230 5254/1486/1230
f 4124/1492/2293 4125/1488/2293 5519/1488/2293 5518/1492/2293
f 3924/1483/2294 3925/1494/2294 5319/1494/2294 5318/1483/2294
f 3852/1500/2295 3853/1498/2295 5247/1498/2295 5246/1500/2295
f 4148/1499/2296 4149/1508/2296 5543/1508/2296 5542/1499/2296
f 3844/1518/2297 3845/1516/2297 5239/1516/2297 5238/1518/2297
f 4116/1522/2298 4117/1519/2298 5511/1519/2298 5510/1522/2298
f 3836/1533/2299 3837/1532/2299 5231/1532/2299 5230/1533/2299
f 3828/1547/2300 3829/1546/2300 5223/1546/2300 5222/1547/2300
f 3932/1548/2301 3933/1555/2301 5327/1555/2301 5326/1548/2301
f 4108/1557/2302 4109/1554/2302 5503/1554/2302 5502/1557/2302
f 4156/1563/2303 4157/1571/2303 5551/1571/2303 5550/1563/2303
f 3940/1575/2156 3941/1577/2156 5335/1577/2156 5334/1575/2156
f 3964/1583/2304 3965/1581/2304 5359/1581/2304 5358/1583/2304
f 3820/1592/2305 3821/1574/2305 5215/1574/2305 5214/1592/2305
f 3956/1602/2306 3957/1600/2306 5351/1600/2306 5350/1602/2306
f 3972/1594/2307 3973/1603/2307 5367/1603/2307 5366/1594/2307
f 3948/1604/2308 3949/1606/2308 5343/1606/2308 5342/1604/2308
f 4100/1613/2309 4101/1612/2309 5495/1612/2309 5494/1613/2309
f 4092/1621/2165 4093/1620/2165 5487/1620/2165 5486/1621/2165
f 4084/1632/2310 4085/1630/2310 5479/1630/2310 5478/1632/2310
f 4076/1640/2311 4077/1639/2311 5471/1639/2311 5470/1640/2311
f 4068/1651/2312 4069/1650/2312 5463/1650/2312 5462/1651/2312
f 4060/1660/2313 4061/1659/2313 5455/1659/2313 5454/1660/2313
f 4052/1668/2314 4053/1667/2314 5447/1667/2314 5446/1668/2314
f 4044/1678/2170 4045/1677/2170 5439/1677/2170 5438/1678/2170
f 4036/1688/2315 4037/1686/2315 5431/1686/2315 5430/1688/2315
f 4164/1697/2316 4165/1699/2316 5559/1699/2316 5558/1697/2316
f 4172/1703/2317 4173/1701/2317 5567/1701/2317 5566/1703/2317
f 3812/1712/2318 3813/1711/2318 5207/1711/2318 5206/1712/2318
f 3980/1717/2319 3981/1721/2319 5375/1721/2319 5374/1717/2319
f 3804/1723/2320 3805/1722/2320 5199/1722/2320 5198/1723/2320
f 3796/1733/2321 3797/1731/2321 5191/1731/2321 5190/1733/2321
f 3788/1744/2322 3789/1743/2322 5183/1743/2322 5182/1744/2322
f 3988/1748/2323 3989/1750/2323 5383/1750/2323 5382/1748/2323
f 3780/1757/2324 3781/1755/2324 5175/1755/2324 5174/1757/2324
f 3636/1768/2325 3637/1767/2325 5031/1767/2325 5030/1768/2325
f 3644/1776/2326 3645/1778/2326 5039/1778/2326 5038/1776/2326
f 3652/1785/2327 3653/1787/2327 5047/1787/2327 5046/1785/2327
f 3660/1795/2328 3661/1797/2328 5055/1797/2328 5054/1795/2328
f 3668/1805/2329 3669/1806/2329 5063/1806/2329 5062/1805/2329
f 3676/1815/1972 3677/1816/1972 5071/1816/1972 5070/1815/1972
f 3996/1796/2330 3997/1821/2330 5391/1821/2330 5390/1796/2330
f 3684/1826/1972 3685/1827/1972 5079/1827/1972 5078/1826/1972
f 3628/1828/2331 3629/1819/2331 5023/1819/2331 5022/1828/2331
f 3772/1830/2332 3773/1824/2332 5167/1824/2332 5166/1830/2332
f 3692/1839/2333 3693/1841/2333 5087/1841/2333 5086/1839/2333
f 3700/1853/2334 3701/1856/2334 5095/1856/2334 5094/1853/2334
f 3764/1857/2335 3765/1854/2335 5159/1854/2335 5158/1857/2335
f 3708/1868/2336 3709/1870/2336 5103/1870/2336 5102/1868/2336
f 3716/1878/2337 3717/1879/2337 5111/1879/2337 5110/1878/2337
f 3724/1887/2338 3725/1888/2338 5119/1888/2338 5118/1887/2338
f 3732/1897/2339 3733/1898/2339 5127/1898/2339 5126/1897/2339
f 3756/1899/2340 3757/1893/2340 5151/1893/2340 5150/1899/2340
f 3740/1908/2199 3741/1909/2199 5135/1909/2199 5134/1908/2199
f 3748/1921/1435 3749/1919/1435 5143/1919/1435 5142/1921/1435
f 2996/1928/2341 2997/1930/2341 4391/1930/2341 4390/1928/2341
f 3004/1940/2342 3005/1941/2342 4399/1941/2342 4398/1940/2342
f 4004/1942/2343 4005/1949/2343 5399/1949/2343 5398/1942/2343
f 3620/1953/2344 3621/1952/2344 5015/1952/2344 5014/1953/2344
f 2988/1956/2345 2989/1950/2345 4383/1950/2345 4382/1956/2345
f 4012/1971/2346 4013/1972/2346 5407/1972/2346 5406/1971/2346
f 3612/1973/2347 3613/1970/2347 5007/1970/2347 5006/1973/2347
f 3012/1963/2348 3013/1974/2348 4407/1974/2348 4406/1963/2348
f 4028/1983/2349 4029/1980/2349 5423/1980/2349 5422/1983/2349
f 4020/1986/2350 4021/1989/2350 5415/1989/2350 5414/1986/2350
f 2980/2005/2351 2981/2004/2351 4375/2004/2351 4374/2005/2351
f 3020/2006/2352 3021/2007/2352 4415/2007/2352 4414/2006/2352
f 2972/2021/2353 2973/2019/2353 4367/2019/2353 4366/2021/2353
f 3028/2023/2354 3029/2026/2354 4423/2026/2354 4422/2023/2354
f 2964/2034/2355 2965/2032/2355 4359/2032/2355 4358/2034/2355
f 3556/2041/2356 3557/2038/2356 4951/2038/2356 4950/2041/2356
f 3036/2044/1787 3037/2048/1787 4431/2048/1787 4430/2044/1787
f 3100/2054/2357 3101/2053/2357 4495/2053/2357 4494/2054/2357
f 3092/2067/2358 3093/2065/2358 4487/2065/2358 4486/2067/2358
f 3084/2080/2359 3085/2079/2359 4479/2079/2359 4478/2080/2359
f 3108/2078/2360 3109/2084/2360 4503/2084/2360 4502/2078/2360
f 3076/2098/2361 3077/2094/2361 4471/2094/2361 4470/2098/2361
f 3564/2101/2362 3565/2104/2362 4959/2104/2362 4958/2101/2362
f 3044/2110/2363 3045/2116/2363 4439/2116/2363 4438/2110/2363
f 3116/2113/2364 3117/2118/2364 4511/2118/2364 4510/2113/2364
f 2956/2124/2365 2957/2115/2365 4351/2115/2365 4350/2124/2365
f 3548/2136/2366 3549/2130/2366 4943/2130/2366 4942/2136/2366
f 3068/2139/2367 3069/2132/2367 4463/2132/2367 4462/2139/2367
f 3572/2137/2368 3573/2140/2368 4967/2140/2368 4966/2137/2368
f 3052/2145/2369 3053/2149/2369 4447/2149/2369 4446/2145/2369
f 3060/2159/1314 3061/2162/1314 4455/2162/1314 4454/2159/1314
f 3540/2177/2370 3541/2176/2370 4935/2176/2370 4934/2177/2370
f 3124/2173/2371 3125/2178/2371 4519/2178/2371 4518/2173/2371
f 3532/2188/2372 3533/2187/2372 4927/2187/2372 4926/2188/2372
f 3524/2196/2373 3525/2195/2373 4919/2195/2373 4918/2196/2373
f 3516/2206/2374 3517/2205/2374 4911/2205/2374 4910/2206/2374
f 3580/2201/2375 3581/2211/2375 4975/2211/2375 4974/2201/2375
f 3508/2217/2376 3509/2216/2376 4903/2216/2376 4902/2217/2376
f 3500/2229/1323 3501/2228/1323 4895/2228/1323 4894/2229/1323
f 2948/2238/2377 2949/2222/2377 4343/2222/2377 4342/2238/2377
f 3492/2239/1324 3493/2237/1324 4887/2237/1324 4886/2239/1324
f 3484/2250/1325 3485/2249/1325 4879/2249/1325 4878/2250/1325
f 3588/2256/2378 3589/2259/2378 4983/2259/2378 4982/2256/2378
f 3604/2271/2379 3605/2270/2379 4999/2270/2379 4998/2271/2379
f 3596/2278/2380 3597/2280/2380 4991/2280/2380 4990/2278/2380
f 3132/2283/2381 3133/2285/2381 4527/2285/2381 4526/2283/2381
f 2940/2294/2071 2941/2292/2071 4335/2292/2071 4334/2294/2071
f 2932/2305/1332 2933/2304/1332 4327/2304/1332 4326/2305/1332
f 2924/2314/1332 2925/2313/1332 4319/2313/1332 4318/2314/1332
f 3140/2312/2382 3141/2321/2382 4535/2321/2382 4534/2312/2382
f 2916/2327/2383 2917/2324/2383 4311/2324/2383 4310/2327/2383
f 3396/2339/2384 3397/2337/2384 4791/2337/2384 4790/2339/2384
f 3148/2333/1336 3149/2341/1336 4543/2341/1336 4542/2333/1336
f 3404/2340/2385 3405/2343/2385 4799/2343/2385 4798/2340/2385
f 3412/2354/1438 3413/2355/1438 4807/2355/1438 4806/2354/1438
f 3156/2367/2386 3157/2368/2386 4551/2368/2386 4550/2367/2386
f 3420/2374/2387 3421/2381/2387 4815/2381/2387 4814/2374/2387
f 3164/2380/2388 3165/2383/2388 4559/2383/2388 4558/2380/2388
f 3388/2385/2389 3389/2382/2389 4783/2382/2389 4782/2385/2389
f 3380/2401/2390 3381/2400/2390 4775/2400/2390 4774/2401/2390
f 3372/2413/2391 3373/2412/2391 4767/2412/2391 4766/2413/2391
f 3428/2411/2392 3429/2414/2392 4823/2414/2392 4822/2411/2392
f 3436/2423/1511 3437/2424/1511 4831/2424/1511 4830/2423/1511
f 3444/2436/2393 3445/2438/2393 4839/2438/2393 4838/2436/2393
f 2836/2445/2394 2837/2442/2394 4231/2442/2394 4230/2445/2394
f 3452/2455/2395 3453/2457/2395 4847/2457/2395 4846/2455/2395
f 3364/2458/2396 3365/2452/2396 4759/2452/2396 4758/2458/2396
f 3172/2448/2397 3173/2459/2397 4567/2459/2397 4566/2448/2397
f 2908/2464/2398 2909/2449/2398 4303/2449/2398 4302/2464/2398
f 2828/2474/1352 2829/2471/1352 4223/2471/1352 4222/2474/1352
f 2844/2473/1962 2845/2476/1962 4239/2476/1962 4238/2473/1962
f 2852/2494/1348 2853/2497/1348 4247/2497/1348 4246/2494/1348
f 2860/2510/2399 2861/2512/2399 4255/2512/2399 4254/2510/2399
f 3356/2523/1363 3357/2511/1363 4751/2511/1363 4750/2523/1363
f 2868/2525/2400 2869/2526/2400 4263/2526/2400 4262/2525/2400
f 3180/2524/2401 3181/2531/2401 4575/2531/2401 4574/2524/2401
f 2900/2539/2402 2901/2530/2402 4295/2530/2402 4294/2539/2402
f 2876/2543/1673 2877/2545/1673 4271/2545/1673 4270/2543/1673
f 3348/2556/2403 3349/2553/2403 4743/2553/2403 4742/2556/2403
f 2884/2557/2404 2885/2559/2404 4279/2559/2404 4278/2557/2404
f 3340/2578/2405 3341/2575/2405 4735/2575/2405 4734/2578/2405
f 2820/2581/2406 2821/2537/2406 4215/2537/2406 4214/2581/2406
f 2892/2583/2407 2893/2582/2407 4287/2582/2407 4286/2583/2407
f 3332/2592/2408 3333/2590/2408 4727/2590/2408 4726/2592/2408
f 3324/2603/1975 3325/2601/1975 4719/2601/1975 4718/2603/1975
f 3188/2604/2409 3189/2608/2409 4583/2608/2409 4582/2604/2409
f 3460/2597/2410 3461/2610/2410 4855/2610/2410 4854/2597/2410
f 3316/2618/2411 3317/2616/2411 4711/2616/2411 4710/2618/2411
f 3476/2634/2412 3477/2632/2412 4871/2632/2412 4870/2634/2412
f 3468/2641/2413 3469/2643/2413 4863/2643/2413 4862/2641/2413
f 2812/2650/2414 2813/2648/2414 4207/2648/2414 4206/2650/2414
f 3252/2656/2415 3253/2654/2415 4647/2654/2415 4646/2656/2415
f 3260/2659/1357 3261/2662/1357 4655/2662/1357 4654/2659/1357
f 3244/2673/2416 3245/2671/2416 4639/2671/2416 4638/2673/2416
f 3268/2678/2417 3269/2680/2417 4663/2680/2417 4662/2678/2417
f 3196/2676/2418 3197/2684/2418 4591/2684/2418 4590/2676/2418
f 3236/2694/2419 3237/2690/2419 4631/2690/2419 4630/2694/2419
f 3276/2704/2420 3277/2706/2420 4671/2706/2420 4670/2704/2420
f 3228/2710/2421 3229/2707/2421 4623/2707/2421 4622/2710/2421
f 3204/2726/2422 3205/2727/2422 4599/2727/2422 4598/2726/2422
f 2804/2732/2423 2805/2723/2423 4199/2723/2423 4198/2732/2423
f 3220/2737/2424 3221/2733/2424 4615/2733/2424 4614/2737/2424
f 3212/2739/2425 3213/2742/2425 4607/2742/2425 4606/2739/2425
f 3284/2740/2426 3285/2749/2426 4679/2749/2426 4678/2740/2426
f 2796/2760/2427 2797/2758/2427 4191/2758/2427 4190/2760/2427
f 3292/2766/2428 3293/2769/2428 4687/2769/2428 4686/2766/2428
f 3300/2781/1390 3301/2780/1390 4695/2780/1390 4694/2781/1390
